fact_id,emp_total,in_labor_force,civilian_labor_force,civilian_employed,civilian_unemployed,armed_forces,not_in_labor_force,metro_area_id,geo_level_id,brd_total,with_internet_subscription,dial_up_with_no_other_internet_subscription,broadband_of_any_type,cellular_data_plan,cellular_data_plan_only,broadband_cable_fiber_or_dsl,broadband_cable_fiber_or_dsl_only,satellite_internet_service,satellite_internet_service_only,other_service_only,internet_access_without_subscription,no_internet_access,total_workers,car_truck_or_van,drove_alone,carpooled,public_transportation,bus,long_distance_train_or_commuter_rail,light_rail_streetcar_or_trolley,ferryboat,taxicab,motorcycle,bicycle,walked,other_means,worked_from_home,other_aggregate,worked_from_home_extended,date_id
1,34856,16086,16076,14549,1527,10,18770,13720,2,16553,10855,142,10713,6857,1543,8644,3411,750,294,3,1928,3770,14061,13190,11858,1332,810,263,259,150,150,0,0,0,0,0,286,46,389,1
2,142180,94196,94003,90874,3129,193,47984,13740,1,74670,63009,454,62555,46560,7787,50625,14174,5780,1118,189,2233,9428,89479,80932,72995,7937,6010,728,1199,551,538,0,0,0,13,392,2808,893,3903,1
3,200034,116589,116538,109310,7228,51,83445,13780,1,98579,81436,536,80900,59504,7473,70615,19961,4258,644,33,2692,14451,106620,95877,86776,9101,7357,1016,728,2856,2637,186,23,0,10,254,3867,630,3136,1
4,863519,528932,528083,498170,29913,849,334587,13820,1,417562,335734,1197,334537,270490,51832,267444,56201,29160,3444,603,13349,68479,490858,459964,414441,45523,34887,6119,4517,2828,2689,12,25,86,16,465,5398,4406,17797,1
5,101328,71970,71669,70138,1531,301,29358,13900,1,53810,44526,221,44305,35268,4632,38487,8408,2460,217,2,2392,6892,69020,64424,58801,5623,3614,965,1044,139,135,0,0,0,4,142,1064,555,2696,1
6,33201,20744,20729,19732,997,15,12457,13940,2,14989,12939,142,12797,10553,2548,8341,1614,2099,457,70,323,1727,19359,17213,14429,2784,1987,450,347,529,529,0,0,0,0,63,401,247,906,1
7,143344,81170,80857,77138,3719,313,62174,13980,1,62701,51416,311,51105,40672,7231,39331,8390,5500,1099,271,2401,8884,75320,65829,60323,5506,4183,869,454,2124,1969,103,0,0,52,650,3250,655,2812,1
8,139526,91719,91627,88705,2922,92,47807,14010,1,65845,54639,417,54222,39044,7070,45243,14036,3146,662,104,3819,7387,87703,77813,70859,6954,6120,466,368,933,895,10,10,0,18,356,3804,695,4102,1
9,142861,88067,87960,83182,4778,107,54794,14020,1,64400,54151,204,53947,45100,6091,45470,8035,3765,394,83,2912,7337,81058,67384,59320,8064,6193,1052,819,2775,2755,18,2,0,0,1173,5700,620,3406,1
10,70553,40813,40766,39125,1641,47,29740,14100,1,33776,26348,224,26124,20573,4363,20164,4804,1973,395,59,1046,6382,38719,35170,32362,2808,2248,347,213,123,120,0,0,0,3,77,1421,280,1648,1
11,89105,42548,42525,39595,2930,23,46557,14140,2,44114,31848,133,31715,23881,5201,24307,6692,3315,584,78,1358,10908,38613,36485,33213,3272,2520,534,218,102,84,8,0,10,0,2,620,253,1151,1
12,32523,19129,19129,17365,1764,0,13394,14180,2,16389,11950,52,11898,9503,2498,8097,1962,1898,313,27,1014,3425,16733,16232,13835,2397,1746,465,186,56,49,7,0,0,0,12,55,190,188,1
13,36677,19289,19268,17372,1896,21,17388,14220,2,17613,11913,52,11861,10220,3687,6312,1125,1827,416,22,293,5407,17078,15915,13948,1967,1585,293,89,36,36,0,0,0,0,0,287,362,478,1
14,551501,357682,356358,340813,15545,1324,193819,14260,1,260369,218392,1421,216971,178532,22681,180552,33373,26301,2642,328,7987,33990,336417,298631,268635,29996,22591,4066,3339,1199,1081,43,41,8,26,4186,5774,3613,23014,1
15,28041,14551,14551,13998,553,0,13490,14300,2,12453,9021,40,8981,7105,1784,5046,1192,2410,504,99,511,2921,13800,12500,11088,1412,1130,225,57,0,0,0,0,0,0,7,306,181,806,1
16,48803,27868,27820,25748,2072,48,20935,14380,2,21077,17518,45,17473,13541,1515,15373,3608,997,224,16,779,2780,25148,21018,18764,2254,1762,371,121,437,437,0,0,0,0,73,1506,122,1992,1
17,16623,9409,9409,8780,629,0,7214,14420,2,6929,5507,19,5488,4676,834,4150,604,823,150,6,203,1219,8705,8346,7275,1071,769,180,122,30,30,0,0,0,0,0,77,29,223,1
18,3983774,2757573,2753186,2628020,125166,4387,1226201,14460,1,1831217,1618692,4127,1614565,1314925,117858,1475394,284283,44139,3392,2062,37084,175441,2578101,1896543,1711657,184886,144097,24155,16634,344950,105319,172123,57707,6600,3201,27153,139308,34408,135739,1
19,267744,183623,183557,175849,7708,66,84121,14500,1,127415,116342,310,116032,95399,7627,104623,18772,7273,915,153,3249,7824,172617,124697,112237,12460,9941,1507,1012,8423,8174,42,0,112,95,7217,8564,1597,22119,1
20,139645,87595,87457,83133,4324,138,52050,14540,1,65672,53916,312,53604,45028,8481,41958,7523,4408,659,6,1910,9846,79952,73957,65306,8651,6548,1099,1004,155,155,0,0,0,0,165,2311,870,2494,1
21,88657,64229,64174,62357,1817,55,24428,14580,2,43777,38329,213,38116,32161,4183,30876,5058,3801,619,77,1534,3914,60638,49724,43993,5731,4368,628,735,283,283,0,0,0,0,1548,3583,560,4940,1
22,34282,19391,19378,18207,1171,13,14891,14620,2,17147,13234,114,13120,8748,1320,11097,3852,923,228,51,584,3329,17961,16477,14497,1980,1578,279,123,150,150,0,0,0,0,29,590,43,672,1
23,75576,45199,45082,43495,1587,117,30377,14660,2,39984,32811,353,32458,24319,5008,24878,6660,3337,1011,39,1019,6154,42905,38384,34597,3787,2833,532,422,169,156,3,3,2,5,198,1019,371,2764,1
24,44803,26561,26555,25289,1266,6,18242,14700,2,22272,18088,210,17878,14006,2866,13776,3249,1563,344,21,897,3287,24748,22160,18475,3685,2847,645,193,132,127,0,0,0,5,0,414,219,1823,1
25,26256,20453,20453,19805,648,0,5803,14720,2,10641,8943,61,8882,6892,631,7719,1627,696,289,0,619,1079,19271,15287,14766,521,195,273,53,824,824,0,0,0,0,73,1021,85,1981,1
26,217237,135347,120839,115237,5602,14508,81890,14740,1,103913,95289,337,94952,80582,6672,85430,13240,5213,364,26,1693,6931,127515,97293,88104,9189,7355,1149,685,11808,3869,62,39,9,7829,755,6934,2652,8073,1
27,28602,16428,16428,15501,927,0,12174,14780,2,12625,9321,35,9286,7489,2396,5210,1400,1726,217,132,240,3064,15294,14192,12910,1282,981,211,90,1,1,0,0,0,0,31,171,238,661,1
28,28892,14944,14944,14055,889,0,13948,14820,2,14567,11825,52,11773,9365,777,10502,2148,670,103,12,359,2383,13556,11940,11057,883,772,81,30,24,24,0,0,0,0,145,358,40,1049,1
29,755389,510807,510649,477144,33505,158,244582,14860,1,340189,302161,962,301199,240423,21949,274487,57217,10657,924,454,7370,30658,468064,375988,337947,38041,28763,6004,3274,47049,10730,1456,34517,299,47,706,11596,4448,28277,1
30,27150,14444,14444,13394,1050,0,12706,15020,2,12699,7916,23,7893,6558,2348,4197,756,1889,316,33,802,3981,13136,12571,11994,577,377,120,80,90,17,0,0,0,73,0,91,111,273,1
31,19772,8337,8303,7617,686,34,11435,15060,2,10546,8197,78,8119,6027,1256,6263,1761,745,230,67,568,1781,7332,6167,5415,752,598,55,99,15,4,11,0,0,0,49,254,82,765,1
32,28284,20224,20194,19445,749,30,8060,15100,2,12896,10787,66,10721,7247,1093,9257,3223,591,12,64,576,1533,19098,16882,14985,1897,1416,334,147,37,37,0,0,0,0,160,912,88,1019,1
33,14128,7865,7861,7328,533,4,6263,15140,2,7181,4384,29,4355,3610,1181,2439,522,924,141,7,247,2550,7244,6918,6375,543,491,33,19,0,0,0,0,0,0,14,82,121,109,1
34,307002,171180,171010,161127,9883,170,135822,15180,1,124605,71929,296,71633,53573,17766,49424,15780,7259,1240,123,15503,37173,159411,148141,135021,13120,9366,2259,1495,1126,1126,0,0,0,0,260,2264,1921,5699,1
35,30638,17090,17082,16369,713,8,13548,15220,2,14409,10956,27,10929,7883,2988,6251,2208,2042,578,38,498,2955,16155,15056,13629,1427,1135,223,69,41,41,0,0,0,0,71,283,97,607,1
36,94808,54837,54688,51875,2813,149,39971,15260,1,46984,35565,101,35464,27146,4150,29852,7667,2922,407,68,2052,9367,51048,47286,42253,5033,3743,798,492,264,217,47,0,0,0,132,704,710,1952,1
37,33706,19768,19716,18664,1052,52,13938,15340,2,17782,14048,148,13900,10140,1622,11062,3226,1359,323,20,577,3157,18508,17438,15928,1510,1326,82,102,54,41,0,13,0,0,41,335,282,358,1
38,928277,578840,577981,552432,25549,859,349437,15380,1,478104,388675,1849,386826,293504,47316,330499,84815,18578,2251,595,14401,75028,540720,486118,446133,39985,32446,4438,3101,17555,16207,1000,162,133,53,2272,13569,4633,16573,1
39,32385,20374,20349,19688,661,25,12011,15420,2,14961,12553,75,12478,10168,2692,7965,1621,2223,596,4,265,2143,19343,17947,15769,2178,1685,375,118,37,37,0,0,0,0,34,462,62,801,1
40,37244,23589,23575,22339,1236,14,13655,15460,2,19868,15678,84,15594,11919,2269,12316,3230,1394,268,14,387,3803,21935,19895,18251,1644,1274,261,109,89,71,5,13,0,0,65,641,438,807,1
41,130926,82112,82009,77665,4344,103,48814,15500,1,64439,50260,238,50022,39326,6314,42081,9867,3639,460,44,2213,11966,76425,72204,65546,6658,5039,769,850,139,139,0,0,0,0,66,1112,403,2501,1
42,182680,126145,125745,121284,4461,400,56535,15540,1,87679,74593,416,74177,58792,5146,66954,14235,3244,464,100,4020,9066,118966,99194,88977,10217,8132,1356,729,2655,2542,75,15,23,0,1870,7784,922,6541,1
43,28582,16836,16810,16043,767,26,11746,15580,2,14960,11500,80,11420,8561,1796,8547,2549,1348,192,11,708,2752,15733,14385,12858,1527,1105,149,273,148,132,0,0,0,16,22,590,218,370,1
44,38219,21710,21692,20333,1359,18,16509,15620,2,19018,14392,125,14267,11501,3859,8712,2042,1889,490,27,664,3962,19967,18093,15718,2375,1799,406,170,72,67,0,0,0,5,140,598,171,893,1
45,45071,27183,27166,26262,904,17,17888,15660,2,20561,14906,39,14867,11377,2378,11142,2856,1966,437,0,1238,4417,25787,23615,20681,2934,1980,509,445,189,189,0,0,0,0,97,210,467,1209,1
46,88083,58909,57084,55220,1864,1825,29174,15680,1,40552,34058,180,33878,25258,3103,28948,7713,2931,509,21,1432,5062,56117,51305,46206,5099,3818,697,584,945,852,63,30,0,0,177,1096,489,2105,1
47,26138,16165,16155,14860,1295,10,9973,15700,2,13183,10249,83,10166,8334,2499,6825,1490,943,199,61,291,2643,14461,13171,11283,1888,1555,196,137,112,85,18,9,0,0,111,393,121,553,1
48,31460,17809,17773,16732,1041,36,13651,15740,2,16220,11932,108,11824,8361,2395,8421,2798,1248,432,24,483,3805,16442,15244,14087,1157,871,123,163,47,47,0,0,0,0,17,386,376,372,1
49,23325,12497,12497,11598,899,0,10828,15780,2,11508,7763,91,7672,5674,1745,4801,1567,1315,319,33,314,3431,11466,10944,10045,899,613,182,104,5,5,0,0,0,0,11,185,118,203,1
50,29343,16444,16430,15645,785,14,12899,15820,2,14270,10673,46,10627,8290,2005,8231,2056,1056,121,0,317,3280,15231,14157,12458,1699,1413,231,55,37,37,0,0,0,0,0,376,86,575,1
51,40764,15191,15160,14327,833,31,25573,15860,2,17136,14317,142,14175,10964,2182,10533,2566,1690,351,75,587,2232,14189,12861,11428,1433,1178,130,125,24,8,0,0,0,16,18,272,96,918,1
52,323863,201951,201846,190913,10933,105,121912,15940,1,164758,136270,610,135660,107513,16405,114153,25704,8866,1156,192,4381,24107,187112,172461,158613,13848,10761,1681,1406,2181,2145,10,0,10,16,238,3124,1328,7780,1
53,620831,326667,326304,308959,17345,363,294164,15980,1,275965,236502,1337,235165,188425,27123,200548,41872,17391,1660,197,10870,28593,303259,270483,239614,30869,22403,4157,4309,2030,1890,20,34,53,33,1958,3543,6127,19118,1
54,78142,52390,49707,47158,2549,2683,25752,16940,1,39683,34100,178,33922,24421,3163,28540,8748,2870,476,69,1029,4554,48514,44662,39524,5138,4232,548,358,256,243,0,0,13,0,170,868,491,2067,1
55,7576763,5064631,5052070,4746153,305917,12561,2512132,16980,1,3514621,2974412,10861,2963551,2443911,319988,2545821,467092,195128,18503,6662,102158,438051,4665317,3624761,3265642,359119,274750,51038,33331,566109,205859,204026,151986,3775,463,32072,140722,59036,242617,1
56,78324,47707,47570,45387,2183,137,30617,16020,1,36341,29421,189,29232,25083,6439,19417,2978,3907,846,41,499,6421,44118,40453,35484,4969,3873,715,381,228,199,0,29,0,0,70,1093,583,1691,1
57,113097,62021,61892,57635,4257,129,51076,16060,1,55215,42392,286,42106,34674,10471,28045,6229,4546,698,93,1881,10942,56505,51070,46321,4749,3779,705,265,517,492,0,25,0,0,427,1863,476,2152,1
58,44220,27782,27693,26438,1255,89,16438,16100,2,21251,16900,57,16843,14237,3725,11950,2206,1711,289,5,546,3805,26308,25288,22965,2323,1538,391,394,203,203,0,0,0,0,12,192,185,428,1
59,15834,10869,10849,10628,221,20,4965,16140,2,8726,6970,47,6923,5457,1083,5210,1184,868,181,11,316,1440,10461,9449,8644,805,616,121,68,5,5,0,0,0,0,53,207,97,650,1
60,44940,27089,27077,25705,1372,12,17851,16180,1,22755,18789,49,18740,13459,2631,15407,4851,1385,218,7,811,3155,25172,23150,20138,3012,2426,332,254,200,200,0,0,0,0,150,508,328,836,1
61,63098,43051,42958,41101,1857,93,20047,16220,1,32799,27170,102,27068,20426,2092,23363,6040,1819,348,58,1310,4319,40704,37854,34437,3417,2337,719,361,232,232,0,0,0,0,115,570,317,1616,1
62,38258,23699,23679,22635,1044,20,14559,16260,2,17015,14407,138,14269,10362,1471,10975,3004,2106,747,24,764,1844,22364,19875,17001,2874,2304,289,281,18,18,0,0,0,0,22,727,288,1434,1
63,214292,147445,147369,142090,5279,76,66847,16300,1,109313,92281,540,91741,69080,9358,78345,20470,6785,1087,121,3413,13619,140061,129071,118588,10483,8212,1391,880,757,741,0,9,0,7,464,2846,1005,5918,1
64,32451,19172,19159,18213,946,13,13279,16340,2,15038,11248,39,11209,9085,2397,8028,1929,1254,101,19,597,3193,17873,16677,14894,1783,992,398,393,51,23,0,0,0,28,29,307,204,605,1
65,31612,21661,21650,21099,551,11,9951,16380,2,16234,13675,76,13599,10615,1495,11267,2508,1144,335,15,448,2111,20755,19814,18308,1506,1114,237,155,80,70,0,10,0,0,27,332,71,431,1
66,25500,12781,12781,11945,836,0,12719,16420,2,11351,8392,43,8349,6585,1309,6116,1196,1234,308,20,272,2687,11521,11188,10093,1095,852,133,110,12,12,0,0,0,0,0,85,161,75,1
67,29919,17976,17953,16244,1709,23,11943,16460,2,15946,12562,90,12472,9908,2183,8616,1894,1932,512,43,489,2895,15848,15030,13564,1466,1178,222,66,28,21,0,7,0,0,18,345,55,372,1
68,63433,33872,33793,31386,2407,79,29561,16500,2,30618,24836,306,24530,18093,3354,18452,4958,3407,950,39,894,4888,30855,28188,24517,3671,2775,299,597,106,53,27,12,0,14,50,966,213,1332,1
69,123885,78105,78033,74289,3744,72,45780,16540,1,60438,49205,571,48634,35558,5492,41691,11921,2554,391,44,1321,9912,72840,67076,59970,7106,5295,746,1065,185,180,0,5,0,0,54,1616,754,3155,1
70,187993,117187,117076,111474,5602,111,70806,16580,1,89061,73832,287,73545,56970,7834,61923,14797,6126,766,160,5464,9765,109677,87769,79042,8727,6391,1408,928,5818,5746,42,19,11,0,2387,8215,1107,4381,1
71,216131,112865,112553,105756,6797,312,103266,16620,1,110818,85783,342,85441,61998,9855,70618,20199,6994,2200,70,3700,21335,104068,94735,86255,8480,6769,1114,597,1766,1759,0,0,0,7,78,2867,916,3706,1
72,51738,32068,32055,30390,1665,13,19670,16660,2,25225,19880,62,19818,15250,2940,15606,4144,1630,268,15,1034,4311,29767,26571,23374,3197,2543,496,158,172,141,0,25,0,6,165,1346,153,1360,1
73,622087,405306,396267,379582,16685,9039,216781,16700,1,291427,232973,687,232286,193409,28767,195298,34836,16608,1878,219,18160,40294,381932,340838,309577,31261,24089,4863,2309,3018,2809,47,16,41,105,2550,8803,4592,22131,1
74,2007226,1344673,1343156,1273691,69465,1517,662553,16740,1,952806,819635,2291,817344,652892,90133,698960,149003,53809,6067,3305,21953,111218,1249383,1116339,1004542,111797,85153,15759,10885,19448,14200,2283,1011,1825,129,1257,17006,12956,82377,1
75,178051,111664,110967,107414,3553,697,66387,16820,1,84003,70866,429,70437,56697,14136,51816,11803,4882,974,273,2649,10488,106240,86916,76639,10277,8548,1106,623,3333,3218,53,45,0,17,1017,4907,1374,8693,1
76,452316,274373,273787,260407,13380,586,177943,16860,1,219166,175695,553,175142,137929,24199,145762,34238,8663,1221,200,5396,38075,254994,233295,210218,23077,18794,2667,1616,1994,1937,4,15,30,8,484,4254,1916,13051,1
77,185581,104685,104557,96095,8462,128,80896,17020,1,85320,73174,336,72838,57646,7284,59209,11865,8732,1774,189,2128,10018,93125,80739,70701,10038,7162,1734,1142,1105,1002,76,9,18,0,2218,2821,997,5245,1
78,62382,33152,33089,31060,2029,63,29230,17060,2,28802,22722,51,22671,17682,2879,18926,4563,1245,225,12,1359,4721,30609,29010,25932,3078,2487,412,179,256,256,0,0,0,0,22,390,150,781,1
79,1740409,1147192,1146401,1094777,51624,791,593217,17140,1,861242,734858,3856,731002,589856,79510,625896,129161,42462,5131,1458,21685,104699,1075297,970752,885083,85669,68024,11309,6336,19054,18775,118,31,70,60,1784,21727,8688,53292,1
80,76167,42851,42831,40148,2683,20,33316,17220,2,36397,28591,182,28409,19021,4220,22445,8314,2297,713,90,893,6913,39433,36664,33261,3403,2764,486,153,205,198,0,7,0,0,14,808,418,1324,1
81,17581,9427,9422,8024,1398,5,8154,17260,2,8782,5474,53,5421,3934,2493,2425,812,599,239,15,135,3173,7756,7033,6003,1030,727,200,103,49,49,0,0,0,0,0,362,31,281,1
82,227831,146448,125596,117001,8595,20852,81383,17300,1,109408,90382,424,89958,72867,11392,72893,14531,9195,1550,124,3664,15362,135570,124916,113903,11013,8291,1553,1169,905,895,10,0,0,0,99,4224,1796,3630,1
83,52349,26657,26631,24304,2327,26,25692,17340,2,25660,19758,91,19667,14399,2870,14055,4056,3026,916,29,546,5356,23281,18858,16028,2830,2248,244,338,163,162,1,0,0,0,28,772,145,3315,1
84,24856,11725,11703,10739,964,22,13131,17380,2,12111,7397,31,7366,6222,1845,4890,859,832,176,7,188,4526,10529,9857,8864,993,754,132,107,0,0,0,0,0,0,0,298,149,225,1
85,99120,59645,59554,56348,3206,91,39475,17420,1,47575,37194,225,36969,28329,6408,27737,7637,3390,594,94,779,9602,55134,51446,45662,5784,4707,734,343,92,92,0,0,0,0,77,838,662,2019,1
86,1672816,1062531,1062055,995862,66193,476,610285,17460,1,861912,697995,2948,695047,540575,71628,599915,141020,45435,5111,1041,25823,138094,977422,870771,795950,74821,58261,9586,6974,29258,25958,1853,519,798,130,2801,21303,10024,43265,1
87,30996,19161,19161,17749,1412,0,11835,17500,2,12527,8334,0,8334,6618,2297,5369,1490,1094,178,26,479,3714,17246,13583,10789,2794,1100,721,973,1146,1146,0,0,0,0,167,716,868,766,1
88,37442,23217,23207,22152,1055,10,14225,17540,2,19635,15265,124,15141,12026,2079,12089,2644,1310,215,18,519,3851,21648,19578,17919,1659,1346,239,74,127,127,0,0,0,0,38,521,210,1174,1
89,37924,24036,21632,20253,1379,2404,13888,17580,2,18548,15048,40,15008,12643,2844,11592,2152,638,90,17,356,3144,22315,21222,18672,2550,1826,445,279,37,37,0,0,0,0,98,429,244,285,1
90,32061,12344,12329,11577,752,15,19717,17620,2,13104,7579,35,7544,5992,2878,4347,1442,391,89,0,289,5236,10928,10200,10057,143,81,30,32,9,0,0,0,9,0,0,417,38,264,1
91,22817,8433,8374,7928,446,59,14384,17640,2,10036,6259,51,6208,4759,2854,3243,1376,228,33,0,123,3654,7674,7324,7008,316,270,7,39,12,0,0,0,12,0,33,176,0,129,1
92,125159,76378,76339,73191,3148,39,48781,17660,1,62304,52707,246,52461,43681,6880,40514,6843,6437,1181,185,2567,7030,71889,64804,58118,6686,5203,808,675,230,219,0,0,0,11,315,1400,741,4399,1
93,25588,15262,15262,14494,768,0,10326,17700,2,13576,10218,57,10161,7933,1699,7323,1790,1261,225,56,225,3133,14342,13075,11393,1682,1295,159,228,0,0,0,0,0,0,20,609,215,423,1
94,34683,19550,19550,18727,823,0,15133,17740,2,16650,13047,124,12923,10419,2191,9592,2050,1337,303,15,595,3008,18277,17004,15125,1879,1410,281,188,68,49,0,19,0,0,69,278,231,627,1
95,210006,127147,126860,121557,5303,287,82859,17780,1,92666,74890,134,74756,64367,11520,57084,8206,8287,1325,208,6571,11205,119122,107795,95079,12716,9634,1722,1360,2025,1975,0,15,0,35,1588,2258,1238,4218,1
96,568409,384493,355703,335015,20688,28790,183916,17820,1,267755,243714,1027,242687,195320,23926,207931,42252,18956,2761,220,5190,18851,357486,312665,275340,37325,28129,5943,3253,2481,2268,113,0,56,44,1597,12286,3472,24985,1
97,167947,110761,110578,105912,4666,183,57186,17860,1,80487,66775,393,66382,53675,5334,57453,11448,5515,755,130,3931,9781,104134,93267,82140,11127,9706,750,671,880,859,0,0,21,0,830,3472,959,4726,1
98,662568,425462,412991,388474,24517,12471,237106,17900,1,312401,253530,807,252723,202834,30213,210438,43893,24592,2599,730,7557,51314,393169,351162,317184,33978,26413,4528,3037,2810,2515,55,8,150,82,456,17278,7320,14143,1
99,251648,150306,137705,126299,11406,12601,101342,17980,1,118780,90737,405,90332,71041,14250,69580,16628,8638,1145,226,5091,22952,136435,122163,109560,12603,9482,1770,1351,1188,1086,15,57,30,0,320,2713,2447,7604,1
100,66350,36078,36063,34228,1835,15,30272,18980,2,31034,23198,200,22998,19031,6266,14730,3257,2813,352,37,1001,6835,33790,32642,29248,3394,2637,438,319,22,22,0,0,0,0,7,251,158,710,1
101,65087,41943,41919,40151,1768,24,23144,18020,1,31452,25768,177,25591,20253,3078,20842,4552,2271,481,94,856,4828,39409,37001,33253,3748,2855,576,317,129,118,0,0,0,11,65,482,279,1453,1
102,46829,27731,26534,24392,2142,1197,19098,18060,2,22436,17369,55,17314,13794,4428,11801,3058,1485,375,20,819,4248,25200,23498,22171,1327,1073,171,83,3,3,0,0,0,0,60,273,212,1154,1
103,25499,17933,17933,17399,534,0,7566,18100,2,12947,10311,75,10236,8212,1240,8194,1774,931,151,34,342,2294,17120,15741,13779,1962,1638,175,149,17,17,0,0,0,0,31,521,167,643,1
104,1639687,1108584,1107533,1057861,49672,1051,531103,18140,1,794449,691282,2225,689057,562783,72821,592880,115671,39127,4927,778,17445,85722,1037419,931843,852801,79042,63295,9230,6517,17179,16959,118,56,38,8,3646,22805,9900,52046,1
105,124603,82999,82800,79851,2949,199,41604,18180,2,58452,50846,280,50566,38107,3174,46023,11647,2253,354,42,1507,6099,78708,69931,63677,6254,4941,840,473,259,227,11,16,0,5,199,1954,811,5554,1
106,18755,10605,10605,10070,535,0,8150,18220,2,9584,6802,23,6779,4982,1072,4961,1432,890,270,24,356,2426,9936,9288,8605,683,522,124,37,21,21,0,0,0,0,39,146,126,316,1
107,90736,50934,50843,48154,2689,91,39802,18260,2,45130,33330,154,33176,23728,3581,28497,8516,1945,420,77,1566,10234,47520,44683,40292,4391,3024,777,590,16,11,0,0,5,0,0,687,415,1719,1
108,53312,27272,27073,25028,2045,199,26040,18300,2,27025,21212,194,21018,15587,2426,16269,4265,2902,700,79,905,4908,24461,21328,18927,2401,1868,265,268,130,35,0,95,0,0,73,868,472,1590,1
109,17758,10232,10232,9049,1183,0,7526,18380,2,8585,5223,23,5200,4442,1264,3356,610,764,133,0,382,2980,8873,8283,7120,1163,986,82,95,29,29,0,0,0,0,0,155,107,299,1
110,29499,16398,16395,15323,1072,3,13101,18420,2,14649,10408,54,10354,8495,2941,6613,1587,1114,180,16,563,3678,15019,14630,13032,1598,1317,237,44,17,17,0,0,0,0,4,90,84,194,1
111,35919,19364,19343,18747,596,21,16555,18460,2,15139,10804,62,10742,8421,1587,8653,1984,1057,120,15,590,3745,18317,17356,15180,2176,1631,254,291,115,100,0,15,0,0,0,158,217,471,1
112,78030,45744,45724,42836,2888,20,32286,18500,2,39861,31486,298,31188,22555,3705,24818,7470,3010,778,66,1081,7294,42052,37995,33853,4142,2907,593,642,263,251,5,5,0,2,235,1569,447,1543,1
113,333331,206903,205121,193590,11531,1782,126428,18580,1,152349,121996,229,121767,104243,22090,94479,15259,9159,1216,201,3216,27137,192082,178958,160978,17980,13255,2559,2166,1993,1902,5,32,39,15,438,3064,1845,5784,1
114,37608,22745,22738,21085,1653,7,14863,18620,2,17338,13248,62,13186,10278,4029,7080,2152,2583,599,47,352,3738,20410,19173,16890,2283,1800,274,209,76,70,0,0,6,0,41,218,87,815,1
115,39892,24531,24531,23241,1290,0,15361,18660,2,17745,13200,109,13091,10476,1336,11013,2298,981,174,11,1519,3026,22493,19949,17589,2360,2037,265,58,206,168,38,0,0,0,139,1122,160,917,1
116,78079,46629,46553,44026,2527,76,31450,18700,1,35718,32444,120,32324,26575,2381,28734,5139,1701,272,42,1001,2273,43301,32195,28804,3391,2777,343,271,1069,1018,0,36,0,15,3413,3441,476,2707,1
117,28823,16859,16803,15877,926,56,11964,18740,2,14476,10286,93,10193,7346,2001,7067,2357,1366,368,19,412,3778,15630,13904,12209,1695,960,240,495,58,58,0,0,0,0,163,446,456,603,1
118,10130,6480,6445,6163,282,35,3650,18780,2,5366,4302,7,4295,2918,713,2845,1087,748,269,0,160,904,6128,5506,4386,1120,625,282,213,61,41,0,20,0,0,26,236,32,267,1
119,30565,19722,19694,18944,750,28,10843,18820,2,15382,12632,67,12565,10398,2345,9153,1823,1298,271,30,369,2381,18228,16951,14953,1998,1645,221,132,105,74,0,31,0,0,11,566,56,539,1
120,22152,9774,9766,9015,751,8,12378,18860,2,9945,7961,32,7929,5748,814,6509,1906,811,146,29,491,1493,8838,7884,6653,1231,946,200,85,33,33,0,0,0,0,52,467,37,365,1
121,219009,136410,126256,119722,6534,10154,82599,18880,1,105382,88195,497,87698,69543,7704,76982,16752,5729,497,32,5435,11752,127281,114749,102856,11893,9198,1799,896,528,419,30,9,0,70,779,2184,1859,7182,1
122,49975,23006,22995,21750,1245,11,26969,18900,2,25801,20414,157,20257,15408,2566,16546,4191,2266,277,24,679,4708,21291,19955,17496,2459,1949,194,316,0,0,0,0,0,0,12,213,221,890,1
123,25288,16070,16070,15495,575,0,9218,19540,2,12481,9071,195,8876,6831,1808,6255,1687,1028,215,12,482,2928,15210,13856,11298,2558,1019,207,1332,113,113,0,0,0,0,28,305,180,728,1
124,30495,19748,19715,18861,854,33,10747,19580,2,15297,12426,157,12269,9747,1315,10005,2091,1331,236,10,409,2462,18502,17292,15872,1420,908,264,248,53,42,0,0,11,0,10,443,149,555,1
125,36626,21961,20289,19297,992,1672,14665,19620,2,15779,10673,2,10671,8056,2106,7926,2343,903,114,99,617,4489,20685,18677,16630,2047,1289,435,323,105,24,0,81,0,0,84,597,767,455,1
126,545944,284142,283880,270091,13789,262,261802,19660,1,258616,206818,918,205900,147605,32130,158916,49977,14647,1967,3674,10933,40865,266251,235885,215544,20341,15907,2859,1575,2462,2063,50,254,90,5,1778,3305,4201,18620,1
127,18265,8619,8606,7587,1019,13,9646,19700,2,8904,5632,23,5609,4602,1653,3439,756,661,161,18,242,3030,7475,6921,6139,782,426,173,183,63,63,0,0,0,0,0,150,98,243,1
128,2304612,1644691,1640862,1579864,60998,3829,659921,19740,1,1112126,993512,3604,989908,824513,80465,873785,149299,70784,6829,1454,26330,92284,1557240,1298381,1171954,126427,97085,17741,11601,64826,43764,8941,5374,6663,84,12672,34156,16144,131061,1
129,28948,16018,15680,14342,1338,338,12930,19760,2,13520,10455,54,10401,8233,2710,5242,1298,2693,781,8,324,2741,14329,13614,11785,1829,1282,192,355,15,15,0,0,0,0,37,200,195,268,1
130,527722,377860,377299,362688,14611,561,149862,19780,1,266943,227477,1350,226127,188712,29822,184902,33214,19369,2198,270,8547,30919,356921,326380,298364,28016,21681,3946,2389,4002,3755,125,0,41,81,794,6570,2636,16539,1
131,3472315,2171320,2169851,2029443,140408,1469,1300995,19820,1,1703819,1411597,4929,1406668,1115184,163021,1196299,266976,85683,10975,1532,57361,234861,1989169,1834440,1667223,167217,130231,21617,15369,26369,25296,425,156,326,166,4909,27940,17712,77799,1
132,24489,16896,16896,16461,435,0,7593,19860,2,12907,10376,57,10319,7782,1223,8777,2322,786,57,36,705,1826,16276,14660,13397,1263,878,116,269,203,153,0,38,2,10,57,461,98,797,1
133,28404,16001,15998,15438,560,3,12403,19940,2,13788,11153,31,11122,8943,1718,8346,1738,1369,346,20,480,2155,15229,14295,13109,1186,919,169,98,56,56,0,0,0,0,37,192,162,487,1
134,24920,17678,17641,16617,1024,37,7242,19980,2,11344,8947,70,8877,6516,1633,6611,2024,699,247,29,208,2189,16564,15958,13428,2530,1676,780,74,18,18,0,0,0,0,7,143,137,301,1
135,47954,26060,26038,24609,1429,22,21894,19000,2,22393,15571,197,15374,12427,2613,11344,2341,1910,391,90,1303,5519,23947,21731,19376,2355,1646,310,399,87,87,0,0,0,0,21,958,315,835,1
136,83013,42892,42837,39887,2950,55,40121,19060,1,38315,29451,182,29269,22583,3950,23748,5772,2238,607,20,1056,7808,39196,36297,32853,3444,2779,354,311,276,248,19,9,0,0,8,1392,286,937,1
137,5618156,3864777,3859952,3688773,171179,4825,1753379,19100,1,2553470,2197933,5140,2192793,1835065,283608,1803196,302287,193281,19966,4500,64212,291325,3631432,3279621,2928513,351108,261687,53543,35878,49460,30979,7077,8317,2836,251,5387,45361,41977,209626,1
138,111291,69110,69108,65205,3903,2,42181,19140,1,50014,39954,236,39718,25936,9579,29183,12898,1997,256,2,790,9270,64372,62072,55225,6847,5113,851,883,54,54,0,0,0,0,42,483,557,1164,1
139,61185,33495,33475,31285,2190,20,27690,19180,1,31151,23983,135,23848,19889,6267,15064,3285,3258,376,17,763,6405,31036,28589,26179,2410,2024,273,113,219,219,0,0,0,0,36,652,193,1347,1
140,44145,23629,23629,22290,1339,0,20516,19220,2,20720,15277,48,15229,12415,2858,10328,2058,2897,510,57,512,4931,21607,19423,17361,2062,1614,199,249,88,88,0,0,0,0,32,742,103,1219,1
141,84241,47247,47094,43877,3217,153,36994,19260,2,44560,32268,304,31964,24769,6849,22113,5837,3178,782,145,1388,10904,43258,39901,35999,3902,3287,470,145,475,472,3,0,0,0,10,660,849,1363,1
142,172297,99495,99317,95091,4226,178,72802,19300,1,80930,66600,386,66214,56354,13421,48415,8093,8164,1046,26,3148,11182,93141,85257,78015,7242,5700,1021,521,45,45,0,0,0,0,76,559,1147,6057,1
143,303411,192260,191929,182981,8948,331,111151,19340,1,153939,124833,696,124137,100799,17661,100333,20237,10156,1401,229,4403,24703,180340,166567,154342,12225,9155,1630,1440,1646,1627,5,14,0,0,444,3542,1566,6575,1
144,25908,14295,14295,13076,1219,0,11613,19420,2,12177,8873,27,8846,7534,1997,6177,1173,764,57,0,511,2793,12639,11805,10705,1100,788,147,165,23,23,0,0,0,0,0,271,127,413,1
145,648027,404211,400024,376090,23934,4187,243816,19430,1,330975,279158,952,278206,226806,35518,232913,46457,17832,1806,266,8322,43495,371441,338039,307703,30336,24019,3534,2783,6571,6405,76,33,57,0,827,9484,2629,13891,1
146,121706,67880,67818,64348,3470,62,53826,19460,1,58595,42595,241,42354,30916,8361,30962,9794,4364,1162,104,2874,13126,63474,61222,56035,5187,3812,762,613,115,115,0,0,0,0,15,395,413,1314,1
147,84466,50375,50321,46487,3834,54,34091,19500,1,43912,34211,107,34104,26268,4712,27838,6924,2460,273,59,1481,8220,45703,42663,38948,3715,3012,540,163,620,598,14,4,2,2,13,770,306,1331,1
148,118593,65886,65653,61588,4065,233,52707,20020,1,56324,41827,422,41405,31864,9047,29713,8257,3898,672,44,1305,13192,60696,57828,53217,4611,3702,596,313,19,17,2,0,0,0,68,403,745,1633,1
149,39962,21157,21131,20152,979,26,18805,20060,2,17318,11406,55,11351,8639,2323,7973,2154,2110,332,93,846,5066,19894,18577,16692,1885,1367,241,277,26,26,0,0,0,0,0,225,822,244,1
150,140381,87028,84431,79883,4548,2597,53353,20100,1,65796,56320,234,56086,45367,7507,46526,9577,2927,554,58,1103,8373,80857,74095,66621,7474,5109,1222,1143,862,774,19,27,42,0,212,1731,648,3309,1
151,50426,25508,25491,23859,1632,17,24918,20140,2,23025,14093,144,13949,8363,2450,10345,4601,1832,442,51,864,8068,23496,22515,19910,2605,1854,316,435,8,8,0,0,0,0,8,259,245,461,1
152,66818,36364,36347,34016,2331,17,30454,20180,2,31248,23100,309,22791,16487,2924,18150,5380,2326,495,84,1072,7076,33388,30981,27593,3388,2491,658,239,91,88,0,0,0,3,35,864,426,991,1
153,77469,52649,52569,50533,2036,80,24820,20220,1,38210,31779,238,31541,25843,3816,24469,4840,4198,519,70,1409,5022,49887,45337,41467,3870,3107,496,267,501,470,18,0,13,0,131,1599,333,1986,1
154,239273,148927,148518,142268,6250,409,90346,20260,1,123623,98624,1063,97561,77550,16084,72955,16438,11831,2012,202,4182,20817,139472,123436,111649,11787,8991,1318,1478,2533,2463,27,0,12,31,659,5689,1151,6004,1
155,15303,10431,10426,9903,523,5,4872,20300,2,6733,5683,3,5680,5010,1892,3465,551,551,51,0,128,922,9823,9329,8043,1286,937,279,70,25,5,0,0,20,0,21,225,156,67,1
156,34693,19607,19564,18281,1283,43,15086,20340,2,16720,12882,62,12820,10490,3530,7696,1779,1725,471,43,556,3282,17935,16629,14930,1699,1282,222,195,13,13,0,0,0,0,96,286,220,691,1
157,46079,30586,30582,29339,1243,4,15493,20420,2,21794,17062,124,16938,12814,1995,12911,3213,2438,488,84,1220,3512,28818,23238,21219,2019,1527,366,126,262,244,0,18,0,0,924,1606,258,2530,1
158,36767,21063,21063,19896,1167,0,15704,20460,2,17253,12469,29,12440,8989,2615,7287,1737,3142,1059,109,786,3998,19464,17909,15824,2085,1702,220,163,49,49,0,0,0,0,49,555,251,651,1
159,511520,330262,329920,315063,14857,342,181258,20500,1,245658,209571,827,208744,175721,22405,179315,29707,14615,1249,196,8447,27640,308416,262632,235881,26751,20489,4146,2116,10606,10505,54,6,26,15,2126,8665,3849,20538,1
160,29534,17383,17378,16273,1105,5,12151,20540,2,15120,11623,49,11574,9883,3043,7751,1396,1124,151,21,447,3050,16051,15275,14024,1251,1100,71,80,0,0,0,0,0,0,0,165,193,418,1
161,42051,23957,23935,21733,2202,22,18094,20580,2,16286,9991,0,9991,7720,1925,7806,2065,617,10,0,381,5914,21352,20447,17419,3028,1808,557,663,42,42,0,0,0,0,125,205,88,445,1
162,31146,18390,18349,17732,617,41,12756,20660,2,16826,14544,54,14490,11764,1958,11623,2477,1237,179,15,254,2028,17533,15327,13542,1785,1380,263,142,299,178,46,55,0,20,50,444,78,1335,1
163,139279,86051,85955,80347,5608,96,53228,20700,1,57098,48579,427,48152,36966,3348,42530,10356,3503,430,13,1272,7247,78377,69166,61277,7889,6295,1112,482,3425,3087,338,0,0,0,0,1238,883,3665,1
164,136177,91469,91345,88213,3132,124,44708,20740,1,66582,56724,408,56316,44834,6232,47215,10214,4188,748,62,1591,8267,86764,77160,70468,6692,5166,748,778,359,345,14,0,0,0,624,2537,638,5446,1
165,44064,34862,34775,34128,647,87,9202,20780,2,18171,16347,43,16304,12649,3773,11834,3151,1370,308,0,612,1212,33587,27236,25363,1873,1283,359,231,1103,1083,20,0,0,0,316,1015,462,3455,1
166,26897,17775,17770,17279,491,5,9122,20820,2,13877,11379,111,11268,8970,1635,8571,1981,1313,204,41,351,2147,17053,15631,14429,1202,874,184,144,79,66,1,0,0,12,46,518,160,619,1
167,31992,19113,19113,18127,986,0,12879,20900,2,15199,10757,155,10602,7933,3769,4762,1659,2084,845,99,421,4021,17687,17075,15459,1616,1144,161,311,20,20,0,0,0,0,4,145,98,345,1
168,134294,70423,69998,60074,9924,425,63871,20940,1,44829,34963,215,34748,31192,5159,27472,2945,2729,270,82,1261,8605,59343,53262,47938,5324,3247,965,1112,555,555,0,0,0,0,186,1501,1132,2707,1
169,30812,16405,16405,15590,815,0,14407,20980,2,15726,9889,33,9856,6895,1867,7029,2531,1230,318,0,1055,4782,15422,14804,13804,1000,698,175,127,76,76,0,0,0,0,0,262,83,197,1
170,42618,24089,23349,21800,1549,740,18529,21020,2,20633,15977,103,15874,12023,2385,12673,3498,1370,142,33,626,4030,22151,20546,18150,2396,1657,459,280,25,25,0,0,0,0,50,504,336,690,1
171,118849,74095,70304,66294,4010,3791,44754,21060,1,58072,46154,353,45801,35897,5114,38937,9093,3207,430,37,3160,8758,68605,64157,57162,6995,5324,965,706,209,179,0,0,0,30,35,1319,797,2088,1
172,17169,9036,9036,8738,298,0,8133,21120,2,7578,5897,26,5871,4801,1241,4147,947,636,106,0,248,1433,8551,7910,7206,704,626,38,40,100,100,0,0,0,0,0,224,105,212,1
173,154257,101623,101602,97025,4577,21,52634,21140,1,71718,58324,560,57764,44716,8906,46094,11819,4401,391,170,1883,11511,94790,87094,73822,13272,10287,1614,1371,265,215,0,5,20,25,1101,1594,1192,3544,1
174,23994,12010,12010,11292,718,0,11984,21180,2,11135,7806,26,7780,5225,1025,6120,2140,733,141,86,376,2953,11096,10132,8941,1191,882,192,117,21,21,0,0,0,0,22,391,224,306,1
175,41050,28398,28382,27098,1284,16,12652,21220,2,18839,15911,41,15870,12173,2945,11516,2919,1897,433,26,870,2058,26713,20635,16954,3681,1808,573,1300,3539,3539,0,0,0,0,132,1243,248,916,1
176,38863,23805,23707,22372,1335,98,15058,21260,2,18347,15580,110,15470,12836,1382,12992,2300,1311,156,18,938,1829,21851,17843,16086,1757,1215,405,137,340,331,9,0,0,0,116,2193,339,1020,1
177,68786,39591,39553,37333,2220,38,29195,21300,1,33989,27483,148,27335,19100,3258,22514,7577,2115,440,17,1228,5278,36723,33451,30197,3254,2534,522,198,804,783,4,17,0,0,176,1244,253,795,1
178,636038,394137,376307,353452,22855,17830,241901,21340,1,269288,211605,464,211141,173876,39741,162312,33896,17935,1875,150,10160,47523,363145,331489,293093,38396,28262,6063,4071,4982,4859,59,42,8,14,522,5839,7634,12679,1
179,28707,19521,19490,18441,1049,31,9186,21380,2,14620,11885,51,11834,9738,2564,8020,1751,1309,284,33,527,2208,17892,16287,14091,2196,1693,203,300,89,89,0,0,0,0,78,565,181,692,1
180,47877,30792,29687,28230,1457,1105,17085,21420,1,23541,18484,68,18416,14591,3313,14111,3287,1604,257,28,831,4226,28852,26914,23588,3326,2585,376,365,91,28,0,0,0,63,127,315,581,824,1
181,40755,24317,23241,21907,1334,1076,16438,21460,2,19924,16130,183,15947,13341,3260,11856,2291,1248,202,14,404,3390,22345,21202,19450,1752,1365,257,130,4,0,0,0,0,4,115,188,269,567,1
182,221516,134079,133827,126569,7258,252,87437,21500,1,110318,90283,670,89613,69472,11843,74896,18496,4787,596,105,2721,17314,124756,111947,98665,13282,10265,1937,1080,2302,2245,0,43,14,0,426,4383,1042,4656,1
183,29763,16426,16408,15578,830,18,13337,21540,2,16234,12451,84,12367,8925,2061,9084,2888,1366,375,27,363,3420,15266,13925,12475,1450,981,257,212,131,131,0,0,0,0,30,425,242,513,1
184,31098,15325,15307,14103,1204,18,15773,21580,2,12730,7348,11,7337,4668,1226,5040,1830,1250,712,48,271,5111,14015,13014,12061,953,657,188,108,121,121,0,0,0,0,19,124,197,540,1
185,20618,9148,9102,8542,560,46,11470,22620,2,9388,5457,25,5432,3743,1968,2986,1426,646,230,0,662,3269,8390,7636,6927,709,578,77,54,1,1,0,0,0,0,17,119,188,429,1
186,22507,10137,10137,9230,907,0,12370,21640,2,10187,6175,60,6115,4906,1686,3723,869,989,221,15,637,3375,9028,8489,7392,1097,775,117,205,27,27,0,0,0,0,9,227,136,140,1
187,312236,186619,186417,173561,12856,202,125617,21660,1,152312,130373,762,129611,106512,13521,108441,20075,9999,1905,118,6057,15882,170333,139330,120511,18819,15422,2202,1195,4957,4871,2,0,34,50,5568,8071,2054,10353,1
188,112435,67323,67283,62030,5253,40,45112,21700,2,54679,45836,168,45668,34569,5415,36124,9139,4061,1117,255,1368,7475,59460,48758,42418,6340,5072,988,280,1063,977,86,0,0,0,821,3809,754,4255,1
189,15111,9936,9917,9294,623,19,5175,21740,2,7597,6815,13,6802,5509,776,4716,957,1398,202,15,148,634,9155,8478,6946,1532,1094,307,131,302,302,0,0,0,0,15,90,75,195,1
190,252608,159687,159651,152732,6919,36,92921,21780,1,128919,104420,311,104109,79169,14332,83504,21945,8769,1628,145,3457,21042,149868,140005,129575,10430,8172,1360,898,1585,1497,0,10,76,2,150,2937,1608,3583,1
191,77300,55445,48728,45538,3190,6717,21855,21820,1,36188,31351,309,31042,24070,5596,24081,6573,1942,108,27,932,3905,51000,45537,37883,7654,5710,1206,738,457,419,0,17,21,0,466,1772,905,1863,1
192,15569,9695,9695,9052,643,0,5874,21840,2,6754,5399,69,5330,4128,791,3930,960,631,158,30,243,1112,8931,7052,5889,1163,1043,84,36,5,5,0,0,0,0,73,709,168,924,1
193,15973,10324,10322,9910,412,2,5649,21860,2,8759,7023,113,6910,5051,1248,4960,1571,878,190,12,177,1559,9727,8534,7799,735,576,84,75,40,40,0,0,0,0,39,306,95,713,1
194,46287,26344,26314,24737,1577,30,19943,21900,2,22926,18816,84,18732,13269,2751,15084,4897,1249,392,8,448,3662,24369,22522,20264,2258,1873,141,244,84,74,10,0,0,0,6,618,163,976,1
195,19174,11112,10231,9620,611,881,8062,21980,2,9940,8538,70,8468,6569,836,7149,1665,688,137,0,249,1153,10343,9395,8377,1018,665,292,61,81,81,0,0,0,0,73,335,64,395,1
196,21900,14232,14211,13632,579,21,7668,22820,2,10928,9144,66,9078,7010,1851,6226,1599,1158,369,26,209,1575,13327,12204,9878,2326,1937,237,152,11,11,0,0,0,0,2,371,159,580,1
197,56091,30888,30858,29639,1219,30,25203,22840,2,26040,18876,129,18747,14613,4344,13139,3465,1747,504,12,628,6536,29311,27904,24674,3230,2444,444,342,51,51,0,0,0,0,11,350,115,880,1
198,38224,23239,17873,16340,1533,5366,14985,22860,2,17696,13357,95,13262,10223,2855,8623,2341,2435,570,8,734,3605,21245,19836,18186,1650,1249,208,193,11,11,0,0,0,0,98,682,365,253,1
199,196583,111832,111493,105937,5556,339,84751,22900,1,97383,71903,449,71454,55605,14012,51471,13396,7796,1654,66,3915,21565,104673,98320,87713,10607,8455,1324,828,292,267,0,0,0,25,81,1838,1280,2862,1
200,190598,142540,142035,138192,3843,505,48058,22020,1,100207,84695,285,84410,70205,9396,71241,12488,6008,944,163,4850,10662,136760,124122,112363,11759,8786,2005,968,1052,963,39,2,46,2,665,3798,1076,6047,1
201,53338,35498,35472,34116,1356,26,17840,22060,2,23005,19563,170,19393,15401,2962,15195,3505,1533,356,40,548,2894,33362,26995,24329,2666,1809,550,307,101,98,0,3,0,0,121,931,329,4885,1
202,54530,28743,28738,27298,1440,5,25787,22100,2,24898,19858,87,19771,16599,4324,13476,2457,2552,611,24,609,4431,26979,25722,22524,3198,2309,433,456,0,0,0,0,0,0,0,350,188,719,1
203,96472,54679,54679,49924,4755,0,41793,22140,1,43387,29098,262,28836,21586,4964,21442,5843,3504,867,100,1784,12505,49071,46204,41205,4999,3642,828,529,163,159,0,0,4,0,25,843,284,1552,1
204,400305,252532,216674,198826,17848,35858,147773,22180,1,188642,156433,527,155906,123261,17336,133932,30218,9368,950,184,5603,26606,230278,208429,187187,21242,16902,2233,2107,925,779,13,9,120,4,236,9750,3168,7770,1
205,397202,257103,256929,247822,9107,174,140099,22220,1,190853,142005,669,141336,116410,20518,112308,21731,11062,1586,202,20668,28180,245135,227754,201053,26701,18618,4679,3404,895,782,69,27,0,17,882,3805,1392,10407,1
206,47000,29491,29479,28566,913,12,17509,22260,2,24687,18788,303,18485,14378,3158,14102,3624,1543,220,77,1130,4769,28092,24224,21526,2698,1874,490,334,336,325,0,0,8,3,70,1258,255,1949,1
207,43982,24450,24387,22593,1794,63,19532,22280,2,21189,18001,33,17968,13971,2709,13186,3150,2594,572,29,469,2719,22302,20777,17694,3083,2305,456,322,209,166,0,0,43,0,52,276,246,742,1
208,60861,40461,40396,38927,1469,65,20400,22300,2,31937,27389,168,27221,20761,2770,22792,5835,2207,425,51,767,3781,37800,35596,32079,3517,2832,382,303,137,137,0,0,0,0,146,533,231,1157,1
209,13331,6566,6508,6130,378,58,6765,22340,2,6443,3600,22,3578,2648,684,2501,647,686,169,32,553,2290,6133,5913,5433,480,310,57,113,0,0,0,0,0,0,12,0,162,46,1
210,115514,72432,72312,66820,5492,120,43082,22380,1,47447,37266,167,37099,29331,5250,28376,6083,4224,1083,196,1676,8505,65367,52796,45014,7782,6027,927,828,1059,980,4,58,2,15,1271,5878,902,3461,1
211,326434,190251,190128,172390,17738,123,136183,22420,1,167902,130228,605,129623,94504,15442,109934,32767,6967,1106,90,6532,31142,169036,157325,141611,15714,12291,1976,1447,2449,2423,0,0,0,26,227,1830,945,6260,1
212,163220,94611,94492,87618,6874,119,68609,22500,1,78672,56720,185,56535,38169,9297,43190,15787,5383,2027,117,2660,19292,86345,80824,73621,7203,5596,1022,585,225,203,0,2,20,0,156,900,954,3286,1
213,120727,66288,66151,63119,3032,137,54439,22520,1,60351,43409,270,43139,34783,10448,29371,7089,4603,844,24,2840,14102,62208,59676,55245,4431,3446,638,347,25,25,0,0,0,0,92,656,383,1376,1
214,83183,55799,55791,53973,1818,8,27384,22540,1,41542,34183,317,33866,25685,4299,26417,7205,3542,643,45,1129,6230,53174,48423,44283,4140,3162,480,498,115,107,3,3,0,2,262,1715,448,2211,1
215,54469,28955,28912,26817,2095,43,25514,22580,2,26683,18817,73,18744,14826,4119,11985,2925,3175,656,83,1074,6792,26394,24771,21757,3014,2308,306,400,44,44,0,0,0,0,30,419,348,782,1
216,42235,29859,18633,17522,1111,11226,12376,22780,2,15154,12502,84,12418,8727,1675,10021,3409,1033,186,18,764,1888,28437,18982,17141,1841,1586,178,77,120,120,0,0,0,0,93,4382,220,4640,1
217,47622,28691,28574,26819,1755,117,18931,22800,2,24299,18133,197,17936,13601,2972,12968,3569,2218,531,35,847,5319,26566,24297,22325,1972,1580,304,88,81,73,0,0,0,8,67,638,406,1077,1
218,314023,209832,209673,199626,10047,159,104191,23060,1,158807,133843,586,133257,108793,17489,111098,22299,6853,886,279,4056,20908,196193,182238,164647,17591,12971,2652,1968,1335,1193,48,0,16,78,504,2705,1186,8225,1
219,24681,15794,15794,15183,611,0,8887,23140,2,12033,9250,72,9178,7174,2061,6185,1690,947,208,73,429,2354,14633,13261,11835,1426,1132,191,103,12,12,0,0,0,0,38,233,324,765,1
220,58988,36829,36807,34992,1815,22,22159,23180,2,29770,23793,25,23768,20197,5239,16968,3187,1928,237,70,1671,4306,34569,32541,28722,3819,2656,736,427,131,131,0,0,0,0,31,597,197,1072,1
221,21875,12646,12627,12087,540,19,9229,23240,2,10694,8495,26,8469,7253,1471,5603,781,1811,370,9,290,1909,11937,10558,8624,1934,1382,250,302,26,0,0,0,26,0,51,413,78,811,1
222,36461,22554,22500,20922,1578,54,13907,23300,2,19739,15662,139,15523,12239,2686,11270,2806,1662,283,63,430,3647,20654,18385,16059,2326,1853,320,153,181,173,8,0,0,0,47,570,340,1131,1
223,28803,19310,19309,18444,865,1,9493,23340,2,15261,12178,149,12029,9167,1724,9353,2490,1242,267,13,548,2535,18056,16982,14919,2063,1391,498,174,22,18,0,0,0,4,139,388,97,428,1
224,47268,29728,29693,28340,1353,35,17540,23380,2,23574,18714,151,18563,13614,2515,14540,4207,2006,407,61,745,4115,27835,26329,24120,2209,1795,279,135,129,129,0,0,0,0,74,454,113,736,1
225,732804,447145,446387,407511,38876,758,285659,23420,1,307906,247727,937,246790,202951,40169,192963,38161,23665,2883,616,8477,51702,395689,358839,310668,48171,32081,8185,7905,4408,4248,54,30,38,38,1951,6363,6127,18001,1
226,83242,45161,45149,42650,2499,12,38081,23460,1,38942,29948,140,29808,22371,6359,21566,6391,2773,499,59,1409,7585,41552,39472,36088,3384,2767,285,332,37,20,0,0,2,15,37,414,296,1296,1
227,45362,24594,24594,23119,1475,0,20768,23500,2,20699,13625,63,13562,9977,2786,9561,3041,1874,278,62,1216,5858,22732,22058,19252,2806,2042,364,400,36,36,0,0,0,0,0,119,198,321,1
228,270907,156523,156377,148148,8229,146,114384,23540,1,120833,99437,521,98916,80438,9567,83514,16044,8390,1589,62,4456,16940,145070,124058,108537,15521,12723,1779,1019,4389,4368,0,0,0,21,2764,4089,2415,7355,1
229,153831,97072,96934,93448,3486,138,56759,23580,1,64352,55372,141,55231,46163,8145,44831,8009,4841,487,63,1098,7882,92200,85075,74335,10740,7129,2023,1588,246,191,55,0,0,0,83,1023,1579,4194,1
230,31590,20211,20211,19303,908,0,11379,23620,2,15351,11723,23,11700,9579,2493,7347,1594,2088,350,57,704,2924,18985,17396,14467,2929,2089,540,300,20,15,5,0,0,0,23,268,183,1095,1
231,41667,22273,22236,21091,1145,37,19394,23660,2,20680,15253,157,15096,11842,2852,11464,2721,1067,218,32,921,4506,20906,18817,16876,1941,1609,260,72,91,88,3,0,0,0,86,981,257,674,1
232,53804,27598,27597,23730,3867,1,26206,23700,2,20942,9452,271,9181,6724,3007,5355,1928,1199,385,10,896,10594,23319,19532,17083,2449,1702,323,424,261,229,0,32,0,0,25,1001,284,2216,1
233,29517,21104,21081,20275,806,23,8413,23780,2,13720,10923,30,10893,8992,2253,8159,1575,874,170,13,390,2407,20007,18732,16247,2485,1941,373,171,111,99,0,0,0,12,77,240,79,768,1
234,40985,22401,22367,21421,946,34,18584,23820,2,20741,18551,55,18496,14045,1669,15885,4043,1632,196,12,249,1941,20908,18434,16111,2323,1967,253,103,56,56,0,0,0,0,80,328,244,1766,1
235,51961,27076,27012,25080,1932,64,24885,23860,2,25498,18937,42,18895,15623,1591,15977,2921,1619,138,39,1313,5248,24640,22051,19841,2210,1425,601,184,187,187,0,0,0,0,21,394,285,1702,1
236,84043,52918,52865,50873,1992,53,31125,23900,1,39345,32278,418,31860,24743,3274,27181,6448,1963,187,101,1003,6064,49843,45399,40845,4554,3430,835,289,203,145,2,56,0,0,154,1810,259,2018,1
237,46960,32410,32384,31247,1137,26,14550,23940,2,23384,20396,44,20352,15191,4151,14135,4217,2779,740,34,694,2294,30679,26470,23621,2849,1665,628,556,914,914,0,0,0,0,77,755,311,2152,1
238,42720,24046,24037,22516,1521,9,18674,23980,2,21005,16601,119,16482,10206,1795,14318,6000,620,98,0,485,3919,21967,20470,18081,2389,1723,487,179,37,25,12,0,0,0,4,314,204,938,1
239,105523,64033,63935,61127,2808,98,41490,24020,1,52029,42745,330,42415,30217,4626,34164,10290,4428,1360,86,1388,7896,59763,54141,48979,5162,4194,661,307,477,435,7,35,0,0,281,1755,525,2584,1
240,61130,45368,45352,43512,1840,16,15762,24060,2,28965,25659,143,25516,18974,5991,17088,5427,3219,842,42,582,2724,42702,31813,27648,4165,3008,519,638,3513,3513,0,0,0,0,981,2223,494,3678,1
241,43949,25982,25958,24632,1326,24,17967,24100,2,22557,17573,203,17370,8943,1075,15307,6109,813,187,521,720,4264,24040,22259,20224,2035,1758,215,62,120,112,8,0,0,0,23,530,644,464,1
242,97607,58902,55967,52287,3680,2935,38705,24140,1,48343,38661,55,38606,31997,6907,29965,5909,2481,272,66,1176,8506,53988,50977,44061,6916,5243,1067,606,258,258,0,0,0,0,72,929,230,1522,1
243,47445,25800,25784,24812,972,16,21645,24180,2,22152,18910,47,18863,15268,5309,12016,2956,2460,415,26,834,2408,24593,22860,21353,1507,1095,244,168,52,35,0,0,0,17,0,117,140,1424,1
244,81720,57490,56166,54087,2079,1324,24230,24220,1,43086,35038,140,34898,28444,4132,29169,5677,2267,405,57,2166,5882,53894,48392,43637,4755,3491,833,431,486,476,10,0,0,0,324,2128,432,2132,1
245,57661,40445,40398,38886,1512,47,17216,24260,1,29189,23579,276,23303,18146,3909,17614,4543,2286,309,43,952,4658,38229,35740,31394,4346,2960,856,530,138,98,13,0,27,0,107,610,385,1249,1
246,122073,75903,75855,70796,5059,48,46170,24300,1,61742,53349,410,52939,43930,5946,44136,8061,3834,524,44,1302,7091,69249,60307,54643,5664,3883,965,816,226,226,0,0,0,0,521,1904,1329,4962,1
247,36888,21005,20989,19911,1078,16,15883,24330,2,19506,15460,137,15323,11945,2383,11824,2902,1529,288,8,508,3538,19585,17445,15642,1803,1366,330,107,152,152,0,0,0,0,39,460,324,1165,1
248,834582,564570,564187,540785,23402,383,270012,24340,1,391233,334663,1392,333271,273662,41309,275091,52601,23544,3575,647,10516,46054,530337,482336,434179,48157,36419,6828,4910,7525,7261,146,52,30,36,2531,11768,3934,22243,1
249,21370,10685,10663,9202,1461,22,10685,24380,2,8708,5155,112,5043,2648,1255,2875,1790,902,539,21,289,3264,9013,7624,6749,875,538,215,122,22,22,0,0,0,0,13,262,456,636,1
250,71435,35044,35002,31985,3017,42,36391,24420,1,36367,29444,291,29153,20689,4008,21345,6809,4706,1087,46,1717,5206,31519,27637,24844,2793,2196,451,146,100,78,0,22,0,0,417,1091,458,1816,1
251,20859,13809,13809,13276,533,0,7050,24460,2,10624,8328,84,8244,6301,1098,6605,1487,895,213,16,392,1904,13091,12121,11038,1083,703,163,217,93,93,0,0,0,0,50,248,94,485,1
252,64975,40697,38376,36897,1479,2321,24278,24500,1,34329,26560,134,26426,20194,2547,22156,5177,2291,652,89,824,6945,38629,35177,31080,4097,2843,711,543,296,254,0,0,16,26,159,1097,374,1526,1
253,233287,159185,159017,152572,6445,168,74102,24540,1,104671,90366,330,90036,74041,9542,73048,12616,11851,2049,248,3055,11250,150170,135219,120732,14487,10900,2073,1514,808,808,0,0,0,0,524,2800,1489,9330,1
254,253732,173921,173881,168812,5069,40,79811,24580,1,129648,109842,784,109058,87750,14511,88107,18861,8842,1348,163,3011,16795,166271,152545,139354,13191,10050,2115,1026,1105,1105,0,0,0,0,351,3002,1504,7764,1
255,57193,29984,29968,28541,1427,16,27209,24620,2,27396,19715,111,19604,15453,4169,14209,3622,1357,282,58,1018,6663,27695,26129,24292,1837,1388,230,219,9,8,0,0,1,0,7,232,452,866,1
256,613000,380102,379674,358694,20980,428,232898,24660,1,297916,225266,860,224406,179743,25539,191643,40575,13805,1555,363,19376,53274,350855,321747,290113,31634,24689,3549,3396,3272,3174,52,30,9,7,521,4915,3131,17269,1
257,20941,13773,13773,13247,526,0,7168,24700,2,10353,7949,0,7949,6433,1547,5393,1209,1049,143,64,342,2062,13124,12403,10983,1420,1237,146,37,72,72,0,0,0,0,13,256,95,285,1
258,35361,18897,18863,16375,2488,34,16464,24740,2,17988,11263,33,11230,9073,3098,7146,1784,1242,170,55,764,5961,16122,15463,13904,1559,1149,278,132,15,11,0,0,0,4,13,238,216,177,1
259,144334,91863,91552,84097,7455,311,52471,24780,1,69799,56496,130,56366,45698,12344,42024,9833,3155,371,71,3519,9784,83463,76673,68882,7791,6398,989,404,1048,1043,0,0,5,0,180,1034,607,3921,1
260,40635,25877,25825,24963,862,52,14758,24820,2,20861,16601,211,16390,12351,2456,12535,3482,1649,328,28,693,3567,24592,22567,20557,2010,1679,212,119,114,100,0,14,0,0,44,534,293,1040,1
261,717455,445386,444799,423337,21462,587,272069,24860,1,343270,276608,794,275814,222240,35244,229287,47952,21974,2537,272,10036,56626,415496,384010,344454,39556,30699,5266,3591,1652,1491,81,10,0,70,734,5871,3779,19450,1
262,30302,13866,13848,12764,1084,18,16436,24900,2,13789,6758,40,6718,4658,1238,4671,1562,1471,324,2,964,6067,12639,12010,11233,777,605,87,85,82,82,0,0,0,0,0,104,5,438,1
263,56078,32802,32757,30493,2264,45,23276,24940,2,27612,20339,85,20254,15037,3507,15809,4534,1679,455,17,738,6535,29856,28397,25303,3094,2416,351,327,157,98,0,0,0,59,0,360,236,706,1
264,16756,8893,8893,8317,576,0,7863,24980,2,8391,5636,21,5615,4538,1344,3709,795,997,169,10,253,2502,8191,7797,7233,564,456,57,51,21,21,0,0,0,0,0,126,169,78,1
265,62156,19817,19801,17471,2330,16,42339,25020,1,26074,15771,18,15753,13982,7271,7576,1628,1006,95,18,664,9639,16900,15891,14119,1772,1103,464,205,111,80,0,0,31,0,0,503,64,331,1
266,326959,197814,190443,174218,16225,7371,129145,25060,1,156897,123810,482,123328,101127,22653,92946,19831,12894,1252,142,3994,29093,178099,166361,151448,14913,11714,1773,1426,460,362,12,0,0,86,297,4555,2384,4042,1
267,15530,11087,11087,10787,300,0,4443,25100,2,6768,5048,19,5029,4097,914,3890,871,298,50,0,328,1392,10677,9806,8084,1722,1251,40,431,36,17,0,0,0,19,7,368,75,385,1
268,227204,140788,140396,132301,8095,392,86416,25180,1,107441,86719,539,86180,68302,10487,71580,15565,6375,1018,119,3372,17350,130509,119818,106867,12951,10343,1683,925,1429,916,93,397,16,7,171,1991,1265,5835,1
269,18862,13084,13084,12818,266,0,5778,25200,2,8389,7255,11,7244,2483,713,5767,3949,880,640,0,96,1038,12643,10451,9637,814,708,61,45,211,211,0,0,0,0,103,367,225,1286,1
270,102868,62437,62257,57761,4496,180,40431,25220,1,47597,37393,71,37322,31400,6124,28676,4896,3305,680,41,946,9258,56916,53327,45388,7939,6105,1266,568,177,124,0,0,53,0,161,863,499,1889,1
271,113805,63270,58904,54408,4496,4366,50535,25260,1,43452,35131,187,34944,24213,3735,29026,9746,3003,603,78,1111,7210,56799,51917,43737,8180,4161,1438,2581,129,129,0,0,0,0,403,1096,614,2640,1
272,30830,18877,18877,18007,870,0,11953,25300,2,15601,12349,107,12242,9822,1589,9909,2030,970,253,23,488,2764,17713,16200,14817,1383,1119,183,81,11,11,0,0,0,0,4,373,208,917,1
273,462513,302526,301495,289418,12077,1031,159987,25420,1,230247,191645,1182,190463,151550,18805,166028,36104,9337,1007,218,6482,32120,285493,253127,228488,24639,19207,2957,2475,3838,3501,93,154,90,0,1101,9527,3122,14778,1
274,35990,19942,19927,19052,875,15,16048,25460,2,17970,14067,134,13933,9645,3012,10070,3934,1040,213,14,392,3511,18637,17346,15395,1951,1527,270,154,13,0,0,13,0,0,0,326,122,830,1
275,110165,67877,67776,65195,2581,101,42288,25500,1,47717,36832,144,36688,29412,6249,27588,6087,3097,669,92,2826,8059,63596,55363,48379,6984,5305,851,828,598,567,22,0,9,0,618,3507,733,2777,1
276,994434,656089,655109,618741,36368,980,338345,25540,1,473062,402486,1627,400859,311359,36138,355451,83385,16446,2300,539,13015,57561,606547,538298,491965,46333,38123,4739,3471,16723,15506,221,850,66,80,1146,14709,5078,30593,1
277,24968,16265,16265,15862,403,0,8703,25580,2,12712,10097,96,10001,7631,1167,8093,2054,895,161,43,307,2308,15485,14281,12818,1463,980,165,318,88,45,0,0,0,43,75,295,158,588,1
278,131757,79846,79313,72202,7111,533,51911,25620,1,61584,46535,342,46193,35868,12387,29571,8136,5626,1869,22,2055,12994,71530,64758,59586,5172,3904,810,458,168,167,1,0,0,0,132,1083,4231,1158,1
279,22974,16589,16584,16115,469,5,6385,25700,2,11544,9396,10,9386,7655,1241,7899,1672,338,46,6,405,1743,15920,14799,13618,1181,586,456,139,45,45,0,0,0,0,9,379,19,669,1
280,55029,39313,39275,38610,665,38,15716,25720,2,24099,22226,121,22105,18616,1801,17755,2784,3450,444,68,450,1423,37863,31417,27926,3491,2453,702,336,502,484,10,1,0,7,154,938,629,4223,1
281,64529,41749,41573,40238,1335,176,22780,25740,2,32377,26935,209,26726,18995,2330,21680,6609,2832,815,67,845,4597,39860,35069,30820,4249,3319,524,406,165,165,0,0,0,0,355,1530,473,2268,1
282,14245,7505,7505,6708,797,0,6740,25760,2,7485,4911,17,4894,4161,1417,3087,575,817,133,0,159,2415,6481,6209,5390,819,700,108,11,0,0,0,0,0,0,4,100,74,94,1
283,35182,20904,20904,19153,1751,0,14278,25780,2,16875,11953,70,11883,9135,1600,9630,2415,1000,235,0,406,4516,18187,17138,14772,2366,1580,525,261,13,13,0,0,0,0,0,162,157,717,1
284,13442,8786,8786,8450,336,0,4656,25820,2,6145,4863,1,4862,4113,1922,2599,503,401,63,8,150,1132,8176,7761,7024,737,480,75,182,83,83,0,0,0,0,0,44,27,261,1
285,68364,40164,40115,37335,2780,49,28200,25840,2,31016,24723,59,24664,18963,3902,17943,4520,3466,847,35,979,5314,36412,33897,29766,4131,3013,574,544,177,170,0,0,4,3,185,804,207,1142,1
286,300005,178467,178277,166607,11670,190,121538,25860,1,144508,112485,560,111925,88438,15560,89969,20658,9376,1584,116,3198,28825,162561,151588,138002,13586,11097,1591,898,353,353,0,0,0,0,79,1415,3598,5528,1
287,36966,20308,20295,19421,874,13,16658,25880,2,18107,13513,148,13365,10513,2819,9120,2252,1681,347,39,587,4007,18989,16823,15256,1567,1160,262,145,47,47,0,0,0,0,19,845,203,1052,1
288,161098,94121,93880,88098,5782,241,66977,25900,2,69453,54189,381,53808,40923,5618,45043,11486,4254,806,36,3084,12180,86037,75484,62245,13239,9592,2136,1511,1112,1106,0,6,0,0,272,1925,958,6286,1
289,177763,100432,94326,89289,5037,6106,77331,25940,1,81746,67998,374,67624,55106,5894,59551,11203,4950,518,136,3764,9984,93573,82438,72594,9844,7399,1581,864,428,312,73,0,0,43,255,1748,1546,7158,1
290,59580,38711,32120,28794,3326,6591,20869,25980,1,29180,25091,45,25046,18884,3513,20754,5533,1909,284,15,677,3412,34455,31567,27967,3600,2969,358,273,186,151,0,10,0,25,127,1009,739,827,1
291,51389,30848,30832,28876,1956,16,20541,26020,2,22523,17554,59,17495,15427,4728,11718,1572,1554,295,43,784,4185,28672,27541,24172,3369,2186,507,676,36,6,0,0,30,0,43,287,119,646,1
292,91234,57422,57393,55812,1581,29,33812,26090,2,43416,34676,216,34460,27548,10153,20200,5324,4347,1077,55,891,7849,54724,51118,47032,4086,3519,310,257,132,54,65,7,0,6,86,776,359,2253,1
293,126312,50572,50572,46529,4043,0,75740,26140,1,63681,52710,420,52290,36345,5212,44551,14344,3529,655,205,1837,9134,45250,40957,37263,3694,2835,690,169,137,120,17,0,0,0,130,288,1092,2646,1
294,18267,12369,12369,11921,448,0,5898,26220,2,8600,7131,44,7087,5557,538,5882,1125,1039,263,19,216,1253,11481,9221,7821,1400,920,170,310,34,32,2,0,0,0,126,897,129,1074,1
295,23507,13064,13064,12422,642,0,10443,26260,2,11491,8102,104,7998,6461,3381,3644,1068,1208,285,18,246,3143,12162,11584,10136,1448,986,263,199,49,49,0,0,0,0,1,185,65,278,1
296,81156,43613,43613,41221,2392,0,37543,26300,1,40209,31719,123,31596,24222,7425,21714,6408,3738,533,76,1129,7361,40327,37106,32926,4180,3403,557,220,213,213,0,0,0,0,5,780,729,1494,1
297,31526,17042,17032,16097,935,10,14484,26340,2,14467,11340,63,11277,8683,1691,8796,2216,857,203,32,668,2459,15468,12675,11261,1414,1095,171,148,35,23,0,0,0,12,102,1640,175,841,1
298,164017,96174,95948,89938,6010,226,67843,26380,1,76867,58939,148,58791,44398,6901,49324,12221,4837,687,135,1712,16216,88164,80039,72358,7681,5682,1308,691,392,368,0,0,0,24,314,1093,3413,2913,1
299,5246127,3498642,3495441,3300904,194537,3201,1747485,26420,1,2352275,2008535,5300,2003235,1705281,302835,1624758,263713,181413,16078,2109,55545,288195,3243744,2937466,2619911,317555,233926,49183,34446,65292,61556,1297,665,1501,273,7857,41199,44552,147378,1
300,51132,31242,31233,29694,1539,9,19890,26460,2,24966,20090,195,19895,14763,1924,16176,4550,1857,368,23,741,4135,28927,24248,21796,2452,1885,345,222,765,74,462,219,10,0,164,1299,374,2077,1
301,38181,19727,19714,18615,1099,13,18454,26500,2,16779,12912,176,12736,8047,1411,10449,4147,1119,242,33,464,3403,18221,16335,14212,2123,1454,351,318,40,34,0,4,0,2,2,874,320,650,1
302,29405,19129,19118,18586,532,11,10276,26540,2,14742,11726,108,11618,8783,2252,8339,2492,1111,180,49,568,2448,18229,16962,16039,923,779,54,90,25,25,0,0,0,0,15,544,68,615,1
303,293889,151699,151378,142800,8578,321,142190,26580,1,140894,104008,911,103097,77467,12594,84753,22057,8116,2277,112,6499,30387,140205,130595,118697,11898,9329,1576,993,821,744,26,29,2,20,188,3131,1426,4044,1
304,367971,230865,229455,217420,12035,1410,137106,26620,1,180332,154281,505,153776,124995,16592,130568,25152,10874,2288,99,5517,20534,215698,203208,189886,13322,10428,1660,1234,398,398,0,0,0,0,188,1774,2156,7974,1
305,62588,27203,27172,26268,904,31,35385,26660,2,21963,17837,92,17745,15863,3263,13227,1606,1454,159,0,517,3609,25989,23278,21433,1845,1563,97,185,133,133,0,0,0,0,37,983,314,1244,1
306,15524,10145,10122,9978,144,23,5379,26700,2,8478,6163,49,6114,3983,798,4769,1874,713,114,17,319,1996,9858,8742,7745,997,687,129,181,134,131,3,0,0,0,8,324,189,461,1
307,50085,30759,30720,29344,1376,39,19326,26740,2,25014,20024,110,19914,15389,3442,15048,3907,1822,318,73,870,4120,29045,26330,23910,2420,1778,413,229,81,36,0,0,0,45,334,688,536,1076,1
308,28517,19630,19623,19062,561,7,8887,26780,2,14714,12309,94,12215,9755,1551,9835,2152,1230,197,24,349,2056,18784,17373,15977,1396,1020,220,156,80,80,0,0,0,0,96,410,112,713,1
309,104966,67601,67563,65094,2469,38,37365,26820,1,49526,43742,295,43447,36337,5506,34472,6008,4828,778,59,1383,4401,64026,56901,50195,6706,4839,934,933,1888,1866,0,17,5,0,186,1158,634,3259,1
310,71448,40079,40057,37420,2637,22,31369,26860,2,33246,24874,293,24581,18313,4363,17794,5184,2586,826,33,996,7376,36318,32389,28880,3509,2765,283,461,217,207,8,0,2,0,165,2088,352,1107,1
311,1581911,1065342,1063782,1013100,50682,1560,516569,26900,1,776607,649112,2385,646727,533538,85084,535778,101158,52029,4874,680,20414,107081,999710,914555,831474,83081,66873,10533,5675,8682,8428,107,17,27,103,2649,15271,9251,49302,1
312,20884,9521,9517,8212,1305,4,11363,26940,2,8322,4974,51,4923,3663,1662,2665,835,708,232,7,238,3110,8067,7519,6524,995,668,228,99,51,51,0,0,0,0,9,211,116,161,1
313,139092,98871,98829,95436,3393,42,40221,26980,1,67966,59407,318,59089,48209,5445,51281,9821,4012,536,42,2377,6182,93358,74168,65451,8717,6082,1043,1592,4719,4661,0,7,0,51,1776,7368,1099,4228,1
314,24799,13835,13835,13180,655,0,10964,27020,2,13179,10155,118,10037,7147,1129,8064,2424,915,277,65,650,2374,12907,11979,10786,1193,849,176,168,17,17,0,0,0,0,14,209,184,504,1
315,89222,52901,52901,50882,2019,0,36321,27060,1,39618,33915,140,33775,25804,2481,29704,7320,1972,316,59,2167,3536,49101,34234,29577,4657,3708,644,305,3286,3188,79,19,0,0,737,6855,425,3564,1
316,128515,73068,72929,68695,4234,139,55447,27100,1,61805,50666,301,50365,41555,8560,38696,7639,3579,553,87,1776,9363,67818,63146,57432,5714,4617,585,512,260,260,0,0,0,0,166,1552,477,2217,1
317,470401,289199,288614,267672,20942,585,181202,27140,1,217785,168510,326,168184,139238,31979,122908,24247,18366,2073,440,6937,42338,263461,251322,225141,26181,20652,3302,2227,776,776,0,0,0,0,173,2470,1844,6876,1
318,25476,14714,14714,13553,1161,0,10762,27160,2,12780,9696,70,9626,7549,1756,6865,1684,1154,298,0,343,2741,13156,12196,11086,1110,874,77,159,38,38,0,0,0,0,0,500,139,283,1
319,142110,81424,81221,76806,4415,203,60686,27180,1,68815,52275,248,52027,44094,8756,40186,6872,4450,605,111,2602,13938,76317,70806,64518,6288,5165,775,348,253,253,0,0,0,0,120,874,1869,2395,1
320,28062,20868,20868,20360,508,0,7194,27220,2,12726,11272,64,11208,8532,1356,9023,2110,1229,335,23,437,1017,19907,15308,13447,1861,1475,262,124,538,538,0,0,0,0,504,1618,146,1793,1
321,1202645,768739,752570,710937,41633,16169,433906,27260,1,563946,483436,1723,481713,378994,65183,400240,94452,32006,3389,593,17865,62645,715164,637608,578889,58719,47196,7343,4180,8678,8481,49,77,40,31,3462,10817,11967,42632,1
322,32632,18962,18943,17884,1059,19,13670,27300,2,15658,12009,134,11875,8344,1953,8306,2966,2112,436,26,560,3089,17619,15952,14543,1409,1093,247,69,119,74,0,10,35,0,86,527,189,746,1
323,151325,106967,70158,64064,6094,36809,44358,27340,1,64386,56196,140,56056,43580,5527,48917,11314,3866,420,52,1812,6378,99236,84536,71067,13469,9459,2653,1357,345,296,0,0,0,49,240,8168,1496,4451,1
324,40263,21592,21592,20251,1341,0,18671,27380,2,18138,13276,52,13224,10701,4475,7038,1700,2321,466,29,807,4055,19977,18790,15748,3042,2381,334,327,52,52,0,0,0,0,69,278,96,692,1
325,17225,11035,11020,10663,357,15,6190,27420,2,8908,7000,24,6976,5114,636,5996,1695,391,72,45,311,1597,10501,9590,8542,1048,673,250,125,18,18,0,0,0,0,6,336,208,343,1
326,105397,59600,59566,55951,3615,34,45797,27460,2,53075,40857,435,40422,28765,5254,33154,10446,2981,504,23,2346,9872,54703,49362,44393,4969,4153,473,343,182,131,20,26,0,5,219,2190,798,1952,1
327,128603,84311,84269,79931,4338,42,44292,27500,1,64739,52265,375,51890,42244,6626,41868,8393,4602,702,51,3105,9369,78443,72975,65109,7866,5902,1197,767,449,449,0,0,0,0,255,1504,789,2471,1
328,51506,26672,26643,24414,2229,29,24834,27530,2,25019,18106,99,18007,14720,4782,11043,2313,2447,412,191,712,6201,23982,22851,20267,2584,1882,555,147,28,28,0,0,0,0,13,248,236,606,1
329,42982,28895,28849,28179,670,46,14087,27540,2,22022,17384,269,17115,11762,3516,11730,4269,2133,692,54,440,4198,27859,26370,24630,1740,1382,151,207,39,39,0,0,0,0,30,358,118,944,1
330,11739,3790,3790,3219,571,0,7949,27580,2,4837,2423,11,2412,1841,550,1260,415,569,122,34,101,2313,3137,2787,2596,191,191,0,0,17,17,0,0,0,0,0,246,0,87,1
331,52409,32506,32406,31077,1329,100,19903,27600,2,23166,18515,137,18378,15391,2406,14718,2629,2130,168,49,579,4072,30652,28495,25741,2754,1736,623,395,132,129,3,0,0,0,3,110,335,1577,1
332,121118,74479,74392,71856,2536,87,46639,27620,1,56683,40894,348,40546,32073,6172,30865,6878,4744,875,182,4623,11166,71131,66789,59829,6960,5258,937,765,230,216,0,14,0,0,105,870,1044,2093,1
333,24322,13385,13377,12292,1085,8,10937,27660,2,11726,8182,33,8149,6034,1703,5653,1771,1027,213,19,217,3327,11975,11299,9874,1425,979,291,155,30,30,0,0,0,0,11,173,233,229,1
334,23254,11650,11634,10919,715,16,11604,27700,2,10400,7684,20,7664,5644,1560,5396,1720,923,209,38,534,2182,10630,9860,8772,1088,666,285,137,67,67,0,0,0,0,0,16,376,311,1
335,168454,95355,95297,90865,4432,58,73099,27740,1,85301,65318,457,64861,51480,9340,52967,11784,4135,730,240,3459,16524,88513,81365,76018,5347,4087,802,458,385,340,1,28,16,0,38,1186,1612,3927,1
336,110409,60598,60453,56957,3496,145,49811,27780,1,56674,43614,441,43173,32757,5273,36026,9585,2525,434,72,1324,11736,55741,51011,45838,5173,3883,624,666,656,650,0,3,0,3,83,1442,608,1941,1
337,102423,63565,63460,59563,3897,105,38858,27860,1,50901,40936,134,40802,34261,8695,29692,5851,2989,345,67,2405,7560,58262,54904,48628,6276,4910,794,572,257,257,0,0,0,0,40,1024,232,1805,1
338,139030,87409,87333,83109,4224,76,51621,27900,1,67961,52496,293,52203,43031,12656,34416,7325,6075,1299,168,3452,12013,81747,75952,67386,8566,6628,963,975,247,193,3,0,48,3,177,1179,887,3305,1
339,26030,18351,17950,17132,818,401,7679,27940,2,12676,11510,17,11493,9938,1120,10071,1460,448,41,3,298,868,17110,14009,11640,2369,1795,377,197,747,621,4,0,0,122,191,1148,184,831,1
340,132991,88797,88430,84899,3531,367,44194,27980,1,54479,45934,162,45772,38064,3156,41674,7043,2076,127,46,1928,6617,83031,72545,61614,10931,7444,1892,1595,1984,1858,36,0,24,66,340,2017,1231,4914,1
341,33971,23429,23396,22863,533,33,10542,10100,2,17849,14297,76,14221,11196,1445,11992,2582,1118,181,30,782,2770,22599,20123,18316,1807,1227,411,169,16,13,0,0,3,0,129,675,253,1403,1
342,59488,30619,30481,28323,2158,138,28869,10140,2,28722,23969,127,23842,18802,3391,19286,4458,1731,387,3,639,4114,27749,24347,21356,2991,2518,290,183,267,265,0,2,0,0,138,842,298,1857,1
343,134483,81030,76909,74286,2623,4121,53453,10180,1,60931,46767,108,46659,39468,6245,37026,5801,4870,790,108,1453,12711,77559,70475,62273,8202,6377,1025,800,396,396,0,0,0,0,206,1507,710,4265,1
344,30333,18271,18271,17464,807,0,12062,10220,2,14278,9922,56,9866,7003,1557,6828,1748,2080,597,61,345,4011,17312,16349,14709,1640,1343,204,93,123,120,3,0,0,0,48,356,156,280,1
345,80011,46924,46849,44628,2221,75,33087,10300,2,38345,31568,264,31304,24995,4697,23831,5386,3033,512,85,1201,5576,43688,40388,36591,3797,2858,491,448,150,150,0,0,0,0,195,1230,252,1473,1
346,251282,98427,98244,80162,18082,183,152855,10380,1,109248,60791,3854,56937,40346,18742,32666,11501,7288,2666,216,4059,44398,78523,73173,65207,7966,5329,1880,757,325,82,55,0,106,82,292,2200,651,1882,1
347,577303,371313,370940,350827,20113,373,205990,10420,1,286543,236890,1137,235753,178453,22420,206289,53280,13965,1495,323,10037,39616,342768,314823,290234,24589,18892,3512,2185,4467,4390,9,0,29,39,332,5460,2105,15581,1
348,52420,28036,25251,23336,1915,2785,24384,10460,2,23634,18650,153,18497,15246,2383,14865,2841,1551,232,41,563,4421,25668,23423,20477,2946,2227,458,261,219,212,0,0,7,0,88,764,305,869,1
349,116434,68003,67679,60479,7200,324,48431,10500,1,55714,41722,54,41668,34667,8360,30550,5791,4593,585,71,1765,12227,59476,55092,48289,6803,5242,1122,439,592,588,0,0,4,0,78,943,539,2232,1
350,100165,58793,58741,54874,3867,52,41372,10540,1,47762,39874,244,39630,32446,5146,31638,6189,3671,600,44,1634,6254,53881,48759,42726,6033,4725,857,451,92,71,3,16,2,0,348,1199,810,2673,1
351,729087,473775,471444,449539,21905,2331,255312,10580,1,352713,301253,1143,300110,231729,25978,266084,63688,11063,2194,280,10934,40526,443109,387074,351556,35518,28703,4405,2410,16033,15314,207,364,66,82,1243,14765,3810,20184,1
352,49762,30540,30499,28750,1749,41,19222,10620,2,23332,19132,134,18998,14994,2953,15016,3347,1742,421,19,471,3729,28221,26216,23562,2654,2110,314,230,28,28,0,0,0,0,0,470,262,1245,1
353,24510,15688,15683,15095,588,5,8822,10660,2,13009,10175,117,10058,7743,1461,7840,1933,965,212,24,341,2493,14808,13628,12277,1351,1025,244,82,85,83,2,0,0,0,120,392,133,450,1
354,74429,40975,40942,39193,1749,33,33454,10700,2,34883,27746,29,27717,23358,5551,20774,3811,1767,289,61,906,6231,38759,37036,33601,3435,2317,815,303,169,169,0,0,0,0,1,344,188,1021,1
355,731662,446536,443250,416555,26695,3286,285126,10740,1,351354,280266,2523,277743,215163,38327,225724,52663,25531,4115,600,13297,57791,414137,373474,333885,39589,29859,6154,3576,6254,5357,22,805,24,46,3243,6858,4381,19927,1
356,42181,21130,21101,19321,1780,29,21051,10760,2,20237,14974,38,14936,11748,3394,9756,2689,1932,324,13,525,4738,19006,18017,16190,1827,1487,268,72,15,15,0,0,0,0,0,215,179,580,1
357,120647,66594,65978,61888,4090,616,54053,10780,1,55477,42532,110,42422,35336,7037,30765,5721,6048,683,106,1377,11568,61254,55753,49819,5934,4827,571,536,997,983,14,0,0,0,109,1243,1737,1415,1
358,30306,19895,19890,19398,492,5,10411,10820,2,16663,13358,212,13146,7959,1291,10961,4805,1131,200,48,640,2665,19113,17053,15950,1103,835,181,87,89,84,0,0,0,5,57,312,161,1441,1
359,39328,21676,21676,20330,1346,0,17652,10860,2,16498,10045,98,9947,6269,1589,7301,2896,1622,497,10,248,6205,19970,18595,16299,2296,1508,528,260,3,3,0,0,0,0,0,522,244,606,1
360,682523,438377,438085,414129,23956,292,244146,10900,1,320529,268562,1702,266860,205075,23790,236159,57498,13797,1760,320,8450,43517,406612,366210,332131,34079,26080,4994,3005,6965,6281,219,338,41,86,761,9580,4392,18704,1
361,33788,17352,17352,16358,994,0,16436,10940,2,15035,10998,99,10899,7969,1745,7458,2282,1797,448,51,675,3362,16092,14633,13196,1437,1132,153,152,66,66,0,0,0,0,64,469,105,755,1
362,23864,13506,13474,12665,809,32,10358,10980,2,12752,9872,73,9799,7068,1703,7306,2220,920,266,56,426,2454,12375,11439,10577,862,766,81,15,101,95,0,0,6,0,96,241,43,455,1
363,101131,59393,59341,56808,2533,52,41738,11020,1,52126,41120,233,40887,31517,5303,33932,8489,2574,406,60,1347,9659,55724,51098,46309,4789,3775,457,557,640,629,4,7,0,0,101,1600,385,1900,1
364,19243,12323,11124,10561,563,1199,6920,11060,2,9762,7934,58,7876,6801,1705,5365,882,892,125,15,451,1377,11375,10688,9158,1530,1154,287,89,3,3,0,0,0,0,40,199,180,265,1
365,202980,131417,131206,126758,4448,211,71563,11100,1,97345,79444,276,79168,64881,13464,61233,12093,7079,925,204,3413,14488,125336,117555,104252,13303,9149,2413,1741,375,366,0,0,0,9,255,1910,1266,3975,1
366,27980,15410,15394,14058,1336,16,12570,11140,2,13374,9163,46,9117,7613,2138,6020,1215,1227,214,27,380,3831,13625,12810,11258,1552,1254,133,165,5,5,0,0,0,0,2,205,196,407,1
367,104189,68481,68337,65517,2820,144,35708,11180,1,48765,38685,310,38375,30259,3643,32503,7124,3232,570,46,5916,4164,64188,52927,48047,4880,4128,509,243,3180,3174,0,6,0,0,1077,3642,423,2939,1
368,39377,23203,23177,21636,1541,26,16174,11220,2,19660,15119,170,14949,10465,1666,12582,4136,928,140,36,728,3813,21234,18476,17025,1451,1251,156,44,160,140,20,0,0,0,85,879,738,896,1
369,309140,214094,205099,191803,13296,8995,95046,11260,1,137784,123295,373,122922,106528,15952,103924,15149,5433,354,206,3280,11209,196295,171242,148641,22601,17385,2924,2292,2646,2620,4,0,0,22,2009,5227,6257,8914,1
370,13071,8484,8484,8167,317,0,4587,11380,2,5573,4816,13,4803,4180,753,3692,431,527,84,0,99,658,8130,7772,6407,1365,791,101,473,10,10,0,0,0,0,0,59,180,109,1
371,28187,18170,18170,17584,586,0,10017,11420,2,14261,11443,104,11339,9428,2249,7850,1445,1546,320,35,658,2160,17303,16012,14159,1853,1403,207,243,28,28,0,0,0,0,51,530,136,546,1
372,306370,198008,197867,189559,8308,141,108362,11460,1,141245,125893,292,125601,106521,10724,110398,17339,6792,719,153,4826,10526,185365,147886,133178,14708,11479,2209,1020,9543,9385,138,0,20,0,2881,12994,1118,10943,1
373,92886,52674,52106,47896,4210,568,40212,11500,1,44605,33626,107,33519,26525,6221,24806,5759,3853,771,61,1512,9467,47207,44800,39831,4969,3783,518,668,185,124,0,0,61,0,0,636,387,1199,1
374,186084,131519,131463,127990,3473,56,54565,11540,1,93455,81329,497,80832,63526,8087,68591,15321,5943,1033,125,1756,10370,126653,116321,108293,8028,6133,1186,709,625,619,0,0,0,6,479,2699,875,5654,1
375,30529,14250,14250,13571,679,0,16279,11580,2,12072,7011,92,6919,4824,1436,4786,1685,879,234,6,522,4539,13381,11406,9186,2220,1169,304,747,595,595,0,0,0,0,45,316,79,940,1
376,45328,26578,26578,25180,1398,0,18750,11620,2,21607,14520,43,14477,10640,3493,8757,2417,2516,836,102,1785,5302,24527,23043,20377,2666,2114,362,190,38,38,0,0,0,0,36,427,268,715,1
377,151236,59302,59119,51319,7800,183,91934,11640,1,65547,39245,371,38874,32353,14720,21614,5282,2861,783,76,2369,23933,50091,47515,45133,2382,1745,384,253,164,78,0,0,69,17,47,966,185,1214,1
378,18643,10799,10790,10575,215,9,7844,11660,2,8446,5815,18,5797,4712,1191,3892,760,858,157,39,482,2149,10449,9533,8143,1390,988,214,188,82,82,0,0,0,0,14,466,78,276,1
379,379153,224403,224089,216756,7333,314,154750,11700,1,191756,154011,581,153430,121834,21577,123446,27697,12066,2254,202,6089,31656,213127,187463,168808,18655,13308,3526,1821,929,811,17,0,17,84,464,4205,2092,17974,1
380,42900,26529,26498,25570,928,31,16371,11740,2,20417,16232,71,16161,12590,2901,12080,3089,1621,267,46,548,3637,24986,22463,20952,1511,1273,183,55,99,99,0,0,0,0,57,1126,348,893,1
381,78853,43452,43452,40462,2990,0,35401,11780,2,37832,28875,337,28538,20492,3734,23569,7256,1814,344,25,1447,7510,39407,36780,33316,3464,2541,411,512,171,171,0,0,0,0,31,767,631,1027,1
382,32445,19279,18754,17762,992,525,13166,11820,2,15800,13180,72,13108,10365,1063,11044,2279,1376,282,25,452,2168,17728,14756,12886,1870,1441,214,215,199,199,0,0,0,0,226,1444,298,805,1
383,12806,8019,8016,7792,224,3,4787,11860,2,5958,4415,70,4345,3230,670,3166,863,824,153,2,218,1325,7667,6658,6063,595,425,143,27,1,1,0,0,0,0,6,551,30,421,1
384,57409,30355,30305,28134,2171,50,27054,11900,2,22557,17121,66,17055,13471,3264,12531,3057,1508,287,88,1749,3687,27769,21887,19782,2105,1798,151,156,297,278,0,0,0,19,518,3922,120,1025,1
385,43216,22723,22701,21334,1367,22,20493,11940,2,20804,15237,84,15153,13087,4687,8730,1757,2013,275,0,842,4725,20802,19530,18079,1451,1027,264,160,57,28,0,0,0,29,0,280,124,811,1
386,65945,33945,33914,32219,1695,31,32000,11980,2,30757,23204,144,23060,19395,4550,16442,2925,6971,316,33,841,6712,31861,29879,26299,3580,2830,571,179,167,13,7,0,98,49,15,347,149,1304,1
387,675904,426679,426014,400021,25993,665,249225,12940,1,308531,252399,484,251915,197987,33054,207063,50093,19997,1966,208,11794,44338,393379,367640,333574,34066,24364,6144,3558,3332,3239,0,42,25,26,1021,5999,3381,12006,1
388,107038,64143,64065,60032,4033,78,42895,12980,1,53991,43071,202,42869,34607,9250,30525,6872,4032,787,129,976,9944,58637,53622,48332,5290,4099,643,548,582,558,6,0,0,18,195,1796,442,2000,1
389,170958,104917,104815,99468,5347,102,66041,12020,1,78662,64036,163,63873,53323,6561,54837,9262,5170,487,71,2599,12027,97111,84098,74075,10023,6969,2513,541,2725,2708,17,0,0,0,866,2851,1130,5441,1
390,4584199,3079053,3074809,2915977,158832,4244,1505146,12060,1,2104360,1818841,3745,1815096,1509237,189675,1561117,273952,146452,12661,2798,67679,217840,2857053,2473116,2209681,263435,196318,39546,27571,85842,57308,24061,3285,975,213,5429,37775,44734,210157,1
391,215890,139427,139120,127399,11721,307,76463,12100,1,99850,83692,404,83288,59508,6993,74670,22731,3373,300,45,2423,13735,124793,106611,96855,9756,7722,901,1133,6858,6329,98,371,35,25,492,4568,2301,3963,1
392,29780,14365,14365,12786,1579,0,15415,12120,2,13089,8055,77,7978,6878,4153,2871,726,1074,264,10,158,4876,12649,12351,11365,986,691,219,76,39,39,0,0,0,0,7,74,46,132,1
393,33693,22333,22333,21541,792,0,11360,12140,2,16801,13227,104,13123,10903,2588,9027,1797,1769,275,35,576,2998,21207,20189,18237,1952,1557,259,136,4,4,0,0,0,0,84,190,162,578,1
394,64074,38351,38305,36570,1735,46,25723,12180,2,31221,25099,209,24890,19508,4104,18780,4641,2178,459,14,871,5251,35549,31670,29440,2230,1962,146,122,267,263,1,0,3,0,36,1499,634,1443,1
395,130253,79457,78849,74770,4079,608,50796,12220,1,60237,49642,228,49414,40317,5697,41557,8134,5469,478,45,2561,8034,73873,67981,61355,6626,5325,877,424,534,481,53,0,0,0,202,1595,617,2944,1
396,476186,282901,272902,253787,19115,9999,193285,12260,1,215210,167048,688,166360,137011,26223,132057,25197,13245,1897,161,6434,41728,258693,240157,217496,22661,17156,3014,2491,2119,2026,18,42,0,33,377,4012,4029,7999,1
397,101057,62283,62150,59678,2472,133,38774,12300,2,52105,42974,285,42689,31549,3072,38354,10401,1820,301,81,1433,7698,58527,52725,46825,5900,4505,635,760,72,62,0,0,0,10,46,2207,493,2984,1
398,30950,19992,19992,19254,738,0,10958,12380,2,15565,12470,125,12345,9584,1989,9249,2327,1440,273,19,477,2618,18855,17093,14761,2332,1577,412,343,353,353,0,0,0,0,115,511,143,640,1
399,1674911,1182941,1181539,1132080,49459,1402,491970,12420,1,764989,677207,1451,675756,573624,69125,582231,92987,44194,4445,776,22210,65572,1114985,952333,850278,102055,77433,14397,10225,22570,20080,704,1466,220,100,8492,20222,13285,98083,1
400,20862,11086,10883,10317,566,203,9776,12460,2,10084,5623,34,5589,4180,1646,3006,847,1088,453,35,540,3921,10207,9631,8100,1531,1210,210,111,75,75,0,0,0,0,6,46,282,167,1
401,656416,382901,380904,343445,37459,1997,273515,12540,1,270282,216465,993,215472,175805,37882,164847,33768,21972,3266,407,7981,45836,337438,312464,271759,40705,26525,7720,6460,2760,2550,14,39,81,76,1168,3416,6175,11455,1
402,2250483,1505265,1485980,1410244,75736,19285,745218,12580,1,1049909,901604,3054,898550,742096,94948,784055,146063,35677,3561,896,29635,118670,1402907,1187162,1073294,113868,90206,14196,9466,86943,58916,13674,12844,1112,397,4205,36361,16967,71269,1
403,127529,77077,76790,72962,3828,287,50452,12620,1,62156,51339,595,50744,37262,5061,43506,12117,2969,596,97,2450,8367,71300,63941,56872,7069,5628,907,534,301,281,20,0,0,0,160,2698,949,3251,1
404,51048,35175,35155,34130,1025,20,15873,12660,2,26222,21667,186,21481,16417,2408,17372,4320,2221,521,43,861,3694,33663,30416,27442,2974,2246,478,250,47,39,0,0,5,3,156,1158,427,1459,1
405,35888,22729,22680,21654,1026,49,13159,12680,2,17853,14774,92,14682,11705,2183,11636,2551,1191,238,51,585,2494,21133,19948,18082,1866,1431,293,142,0,0,0,0,0,0,0,211,166,808,1
406,185337,110854,110233,105715,4518,621,74483,12700,1,94323,83088,330,82758,65696,5453,75834,15658,3034,331,105,2525,8710,103802,90685,82835,7850,6668,840,342,1526,859,196,80,34,357,507,2435,1072,7577,1
407,48602,32205,32149,31131,1018,56,16397,12740,2,24828,20817,136,20681,13664,2251,17444,6356,1350,319,53,943,3068,30659,25573,22793,2780,2185,429,166,298,267,26,0,0,5,116,1934,288,2450,1
408,40813,23517,23502,22277,1225,15,17296,12780,2,20455,15978,58,15920,12271,2312,11578,3037,2536,382,56,755,3722,22017,20405,17802,2603,2012,420,171,32,32,0,0,0,0,96,409,257,818,1
409,47515,30851,30844,29570,1274,7,16664,12860,2,23759,19240,97,19143,14036,2183,16222,4622,997,237,20,605,3914,28903,26392,23960,2432,1915,391,126,51,24,21,0,1,5,191,983,456,830,1
410,43352,22918,22918,21859,1059,0,20434,12900,2,21769,13105,170,12935,10096,2905,8290,2199,2037,469,28,2380,6284,21554,20261,17490,2771,2164,417,190,43,43,0,0,0,0,12,277,250,711,1
411,85481,50274,50255,47048,3207,19,35207,13020,1,44339,36404,163,36241,28695,5777,28522,6677,2449,531,91,753,7182,46051,43026,39817,3209,2431,505,273,272,272,0,0,0,0,234,618,228,1673,1
412,28456,16676,16564,15607,957,112,11780,13060,2,13848,8853,75,8778,6024,1883,5343,1770,1992,784,84,638,4357,15449,14565,13056,1509,1174,257,78,129,129,0,0,0,0,111,147,55,442,1
413,17230,11445,11445,11059,386,0,5785,13100,2,8979,7259,127,7132,5359,957,5355,1358,1060,283,72,188,1532,10816,9596,8687,909,668,163,78,11,11,0,0,0,0,28,385,108,688,1
414,309685,176377,176166,167842,8324,211,133308,13140,1,145308,110369,280,110089,83288,23795,79904,23968,9788,1358,299,3229,31710,165383,158471,145958,12513,9688,1644,1181,789,724,30,0,35,0,104,1529,1330,3160,1
415,71794,47190,47179,45274,1905,11,24604,13180,2,34980,28911,194,28717,22225,4786,21087,5357,3036,701,85,683,5386,44569,41164,37186,3978,3180,571,227,49,43,0,0,0,6,46,1267,282,1761,1
416,96983,47811,47756,43968,3788,55,49172,13220,1,48644,36708,179,36529,25910,4060,30543,8157,3957,873,92,1290,10646,42991,39401,34815,4586,3884,407,295,113,113,0,0,0,0,17,1075,754,1631,1
417,36790,21891,21872,20914,958,19,14899,13260,2,18781,14281,49,14232,9134,2665,10057,4474,1593,449,49,430,4070,20717,19585,17713,1872,1566,82,224,8,8,0,0,0,0,0,250,198,676,1
418,26560,10905,10905,10038,867,0,15655,13300,2,8269,5218,14,5204,4471,1021,3616,491,861,140,5,193,2858,9851,9263,8245,1018,883,45,90,0,0,0,0,0,0,52,171,150,215,1
419,36144,22711,22695,21676,1019,16,13433,13340,2,18677,15453,107,15346,12277,2389,11951,2669,1181,253,13,592,2632,21069,19418,17360,2058,1466,272,320,48,48,0,0,0,0,101,413,125,964,1
420,182461,113814,113632,107180,6452,182,68647,13380,1,86523,76147,154,75993,62187,7357,65281,12454,4606,694,132,2064,8312,104723,88877,79910,8967,6592,1013,1362,2626,2559,26,5,0,36,1874,3873,1083,6390,1
421,35787,22726,22707,21064,1643,19,13061,13420,2,17372,13917,64,13853,9778,1428,12066,3859,547,70,47,619,2836,20638,17633,15513,2120,1635,322,163,412,407,0,0,0,5,80,922,195,1396,1
422,152562,96326,96288,91092,5196,38,56236,13460,1,74397,66265,319,65946,52686,7120,54057,10370,6105,2043,220,1618,6514,89194,74677,66401,8276,6722,909,645,236,220,0,16,0,0,1475,1883,901,10022,1
423,22006,10464,10407,9161,1246,57,11542,13500,2,9613,5582,40,5542,3362,1527,2810,1344,1347,640,85,373,3658,8979,8729,7776,953,814,128,11,13,13,0,0,0,0,10,38,16,173,1
424,29649,18023,18023,17366,657,0,11626,13540,2,14581,11970,146,11824,6828,903,10405,4650,687,187,28,667,1944,16937,14196,12985,1211,1023,137,51,95,60,23,12,0,0,47,936,286,1377,1
425,27228,15245,15190,14358,832,55,11983,13620,2,13768,10845,80,10765,6627,829,8964,3545,1109,420,36,493,2430,13972,12185,10660,1525,1274,107,144,26,17,4,0,0,5,26,341,362,1032,1
426,36233,19980,19980,18616,1364,0,16253,13660,2,15808,12318,131,12187,8863,2048,8596,2665,1760,390,71,541,2949,17956,15740,14112,1628,1148,227,253,88,88,0,0,0,0,36,928,241,923,1
427,29189,15417,15378,14303,1075,39,13772,13700,2,11064,8160,18,8142,6526,1324,6140,1478,896,86,28,359,2545,14115,13443,11185,2258,1449,670,139,25,25,0,0,0,0,17,209,151,270,1
428,139430,90796,90771,87992,2779,25,48634,36780,1,70594,59802,611,59191,46395,6686,49733,11694,3920,532,97,2228,8564,86951,79777,73560,6217,4775,969,473,574,566,8,0,0,0,613,1926,653,3408,1
429,17477,11499,11496,11050,446,3,5978,36820,2,8927,7239,46,7193,5513,1401,5056,1318,723,245,73,211,1477,10927,9623,8632,991,801,91,99,57,37,0,0,20,0,58,511,131,547,1
430,13390,8270,8270,7719,551,0,5120,36830,2,5973,4479,11,4468,3577,735,3087,572,725,257,34,223,1271,7405,6710,5325,1385,1060,162,163,14,14,0,0,0,0,4,152,98,427,1
431,120784,74980,74916,70799,4117,64,45804,36837,2,61206,49989,206,49783,40438,8823,36150,7601,5981,1155,137,1401,9816,69307,64457,58747,5710,4232,815,663,155,100,0,10,45,0,357,1186,682,2470,1
432,20200,13248,13226,12732,494,22,6952,36840,2,10118,7156,41,7115,5398,1125,4694,1193,1484,315,51,493,2469,12581,11737,10737,1000,797,111,92,13,13,0,0,0,0,0,203,147,481,1
433,27993,17397,17397,16377,1020,0,10596,36900,2,14481,10997,102,10895,8166,2052,7786,2200,1149,427,28,388,3096,15900,14848,13233,1615,1247,186,182,102,102,0,0,0,0,8,270,262,410,1
434,28430,19655,19650,18914,736,5,8775,36940,2,14692,12505,61,12444,9987,1670,9830,2024,1088,291,39,246,1941,18660,17126,15869,1257,1080,113,64,157,157,0,0,0,0,13,420,142,802,1
435,92366,56443,56389,53427,2962,54,35923,36980,1,47299,38850,190,38660,32166,6067,29786,5713,3693,471,121,895,7554,52445,49554,45393,4161,3037,629,495,238,238,0,0,0,0,184,793,529,1147,1
436,69518,40214,34355,32421,1934,5859,29304,36020,2,34768,31693,182,31511,24981,2247,27771,6021,2416,258,33,686,2389,37301,31361,27070,4291,3079,573,639,951,525,0,98,0,328,229,1450,542,2768,1
437,295412,137479,137318,125900,11418,161,157933,36100,1,139172,113387,1086,112301,84719,11479,93221,23535,10613,1912,197,3424,22361,123940,111973,99983,11990,9292,1671,1027,475,453,16,0,6,0,245,945,1907,8395,1
438,78754,45904,44891,41841,3050,1013,32850,36140,1,40171,34127,156,33971,24980,2655,30572,8468,1295,207,62,1002,5042,41894,36559,33451,3108,2573,385,150,699,570,21,97,0,11,561,1954,344,1777,1
439,116949,79868,79806,74960,4846,62,37081,36220,1,52530,43222,54,43168,37562,8801,30714,4403,4614,480,135,1106,8202,73910,69671,60220,9451,6791,1485,1175,272,258,0,9,5,0,35,1308,565,2059,1
440,479299,328262,325592,315169,10423,2670,151037,36260,1,209117,187644,758,186886,152354,17953,155562,29963,23469,2840,277,4974,16499,314219,282572,252245,30327,22610,4303,3414,5480,3100,134,2105,85,56,1250,4017,3190,17710,1
441,89297,47317,47227,43722,3505,90,41980,36300,2,41933,33764,233,33531,25118,4286,27439,7500,2016,495,47,1141,7028,42818,37344,32875,4469,3357,549,563,152,148,2,0,2,0,57,2718,362,2185,1
442,43055,24335,24325,22682,1643,10,18720,36340,2,22050,17235,179,17056,11977,2420,13647,4530,1246,326,34,563,4252,22315,20651,18055,2596,2151,246,199,78,73,0,3,0,2,24,741,167,654,1
443,33433,16418,16406,15304,1102,12,17015,36380,2,13904,8634,83,8551,5800,1108,6803,2385,1087,172,0,885,4385,15192,14213,12260,1953,1375,317,261,19,19,0,0,0,0,83,304,172,401,1
444,1077695,702177,696064,666130,29934,6113,375518,36420,1,515208,429979,1226,428753,357381,69961,335256,62177,34070,4911,784,14204,71025,661603,612729,550251,62478,48074,8157,6247,2755,2430,98,23,162,42,1914,10630,6574,27001,1
445,61926,35692,35659,33684,1975,33,26234,36460,2,31779,23018,236,22782,15908,4604,14879,5071,3920,1369,21,1315,7446,32891,29747,27157,2590,2177,264,149,128,111,5,0,0,12,108,1467,332,1109,1
446,226692,141687,137582,128801,8781,4105,85005,36500,1,109983,97087,409,96678,76807,7830,85964,17810,5169,1027,99,3637,9259,129904,115072,102537,12535,9732,1647,1156,2631,2443,0,169,19,0,917,2345,1642,7297,1
447,718050,507307,502319,484137,18182,4988,210743,36540,1,359324,307914,1402,306512,249706,30957,264293,52296,17564,2051,459,9734,41676,481819,443433,403925,39508,30866,4745,3897,4161,3988,41,31,78,23,858,8315,4865,20187,1
448,44747,26522,26515,24997,1518,7,18225,37060,2,18721,15580,27,15553,12903,2632,11667,1855,1735,398,99,1029,2112,24559,22678,20163,2515,1900,332,283,183,183,0,0,0,0,254,532,101,811,1
449,673573,441661,438092,415752,22340,3569,231912,37100,1,271040,239530,556,238974,201824,16450,216183,33579,14792,1627,184,4310,27200,407902,366144,321004,45140,32340,7840,4960,4582,3359,179,967,18,59,2033,7105,3574,24464,1
450,39177,22104,19554,17994,1560,2550,17073,37120,2,18806,14577,101,14476,11690,3468,10112,2380,1327,243,0,760,3469,20189,18851,17444,1407,1243,88,76,7,7,0,0,0,0,27,631,228,445,1
451,77798,43722,43669,41797,1872,53,34076,37140,2,40598,31471,136,31335,24844,7318,22038,5288,3113,679,26,1030,8097,41215,38537,35765,2772,2209,264,299,202,170,0,32,0,0,29,533,574,1340,1
452,37674,16151,16151,14619,1532,0,21523,37220,2,19088,13957,64,13893,11108,2274,8700,1837,3568,685,86,548,4583,14521,12945,11136,1809,1193,282,334,102,102,0,0,0,0,30,573,255,616,1
453,59191,28344,28332,25868,2464,12,30847,37260,2,28943,21105,194,20911,15030,3982,14910,4899,2654,558,79,979,6859,25535,23508,20692,2816,2279,259,278,71,71,0,0,0,0,223,365,199,1169,1
454,47967,19868,19854,19213,641,14,28099,37300,2,16677,11429,98,11331,8069,2011,7504,2452,3373,657,45,411,4837,18989,17899,15954,1945,1563,312,70,88,61,0,6,21,0,0,108,199,695,1
455,491256,267746,266313,252483,13830,1433,223510,37340,1,230417,202017,1013,201004,156459,15441,179629,40953,11821,1403,93,5167,23233,249363,222892,203679,19213,15325,2146,1742,1338,1173,27,44,55,39,1914,2779,4613,15827,1
456,17861,9918,9907,9373,534,11,7943,37420,2,8185,6040,34,6006,4388,915,4389,1242,1064,250,23,245,1900,9206,8703,7539,1164,925,156,83,0,0,0,0,0,0,0,206,239,58,1
457,147605,90550,87174,82767,4407,3376,57055,37460,1,71422,61102,197,60905,50160,8478,50930,9773,2777,397,33,1606,8714,84130,77249,68460,8789,6976,1015,798,877,808,0,0,56,13,343,900,1351,3410,1
458,35266,20313,20311,18761,1550,2,14953,37500,2,17254,13238,33,13205,11349,3309,8844,1578,1218,216,0,796,3220,18088,17174,15092,2082,1759,213,110,18,18,0,0,0,0,0,323,206,367,1
459,26428,13320,13248,12623,625,72,13108,37540,2,13394,9687,41,9646,7423,1498,6916,1586,1362,482,3,600,3107,12336,11349,10310,1039,893,121,25,18,15,0,0,0,3,15,97,515,342,1
460,39106,22606,22593,21502,1091,13,16500,37580,2,19793,13054,27,13027,9773,2572,8359,2660,2321,465,66,1139,5600,21258,19496,17647,1849,1307,323,219,30,30,0,0,0,0,14,727,339,652,1
461,73882,39955,39865,38022,1843,90,33927,37620,1,37993,30256,109,30147,21831,3688,25407,7391,1447,528,26,1026,6711,37293,34457,30802,3655,3054,363,238,365,365,0,0,0,0,60,822,323,1266,1
462,15855,9844,9844,9518,326,0,6011,37660,2,8176,6159,46,6113,4717,856,4234,1018,1026,226,58,234,1783,9386,8646,7901,745,649,52,44,27,21,6,0,0,0,34,270,86,323,1
463,43850,20525,20496,18695,1801,29,23325,37740,2,21945,14616,93,14523,8990,1838,11015,4356,2055,1006,14,989,6340,18221,16746,14623,2123,1703,238,182,30,30,0,0,0,0,0,319,173,953,1
464,15767,7112,7112,6634,478,0,8655,37770,2,4542,2866,0,2866,1893,484,2137,830,306,109,0,38,1638,6523,6102,5663,439,120,76,243,0,0,0,0,0,0,0,82,30,309,1
465,12557,6529,6529,5946,583,0,6028,37780,2,3548,2196,0,2196,1581,335,1580,502,367,98,0,117,1235,5807,5483,4715,768,645,59,64,0,0,0,0,0,0,0,112,60,152,1
466,26321,17293,17293,16911,382,0,9028,37800,2,13365,10641,136,10505,8627,1947,7666,1657,1066,185,7,510,2214,16705,14686,13027,1659,1265,198,196,83,78,0,0,0,5,94,829,96,917,1
467,395554,237961,225395,212077,13318,12566,157593,37860,1,183618,156681,435,156246,128020,13383,136731,25260,11172,1394,112,5431,21506,219952,193669,170387,23282,18866,2877,1539,949,909,0,0,13,27,1077,4831,3015,16411,1
468,323357,198019,197750,186107,11643,269,125338,37900,1,163182,130663,823,129840,100160,19574,103657,26732,9293,1560,201,4099,28420,183209,168857,155527,13330,10788,1506,1036,1996,1968,0,15,0,13,517,3778,1556,6505,1
469,29110,16153,16088,15293,795,65,12957,37940,2,13611,10444,62,10382,7898,2073,6655,1752,1949,541,29,574,2593,15019,14204,12991,1213,953,161,99,29,22,0,7,0,0,81,182,220,303,1
470,4904034,3202220,3194645,3000622,194023,7575,1701814,37980,1,2280112,1937948,6477,1931471,1568894,173633,1725682,340775,71981,5898,1878,58478,283686,2945223,2358757,2136151,222606,173427,28820,20359,279068,148393,56476,67828,5810,561,18882,105618,30676,152222,1
471,3746344,2353146,2347666,2226016,121650,5480,1393198,38060,1,1693396,1463567,4934,1458633,1165611,170781,1223084,257581,133655,18118,1802,46307,183522,2195573,1914171,1670926,243245,186168,34884,22193,41056,36448,1281,539,2656,132,16566,33569,36937,153274,1
472,44257,23674,23674,21710,1964,0,20583,38100,2,21020,16122,154,15968,11839,2580,11776,3515,2334,492,28,863,4035,21134,19646,17052,2594,1824,502,268,1,1,0,0,0,0,5,345,382,755,1
473,16290,11389,11369,11073,296,20,4901,38180,2,8804,7157,23,7134,5296,915,5702,1618,479,59,71,200,1447,11001,9954,9175,779,595,126,58,113,113,0,0,0,0,8,449,30,447,1
474,73866,35306,35290,32409,2881,16,38560,38220,1,33791,20395,216,20179,17054,6106,11848,2297,2684,650,42,2046,11350,31740,29588,27569,2019,1554,329,136,75,64,0,0,11,0,22,705,517,833,1
475,78722,45527,42903,40851,2052,2624,33195,38240,2,39821,32921,224,32697,25978,3721,27245,5675,3387,570,9,964,5936,42434,38026,34645,3381,2574,444,363,22,22,0,0,0,0,20,472,712,3182,1
476,31401,19518,19487,18488,999,31,11883,38260,2,15284,11833,57,11776,8883,1266,9760,2487,929,277,16,488,2963,18343,17123,15767,1356,1040,206,110,11,11,0,0,0,0,87,525,171,426,1
477,1940717,1220508,1219415,1160844,58571,1093,720209,38300,1,1009415,836062,4676,831386,652449,84289,726657,167193,32085,4800,878,23680,149673,1138648,965987,871741,94246,77667,10330,6249,64890,58358,2479,142,3797,114,3641,38274,9030,56826,1
478,107763,67243,67214,64008,3206,29,40520,38340,1,54813,45468,308,45160,34320,4419,38646,9771,2638,417,113,1712,7633,62726,53315,47955,5360,4093,816,451,844,703,123,16,0,2,305,4033,536,3693,1
479,25606,15073,15073,14355,718,0,10533,38380,2,10933,8483,41,8442,7198,3095,4951,1046,723,61,4,301,2149,13882,13210,11847,1363,1018,189,156,57,57,0,0,0,0,0,172,28,415,1
480,42220,26854,26847,26132,715,7,15366,38420,2,19583,15640,245,15395,9889,1801,11823,4701,1894,500,172,449,3494,25687,21854,20031,1823,1442,247,134,59,58,0,1,0,0,99,1474,395,1806,1
481,67584,37438,37406,35759,1647,32,30146,38460,2,31301,25097,115,24982,16930,2151,21364,7101,1991,507,31,1167,5037,34916,31789,28297,3492,2589,629,274,246,128,4,2,0,112,82,1254,607,938,1
482,36024,22190,22178,21088,1090,12,13834,38500,2,17304,12404,228,12176,8249,1888,8768,3140,1808,355,80,589,4311,20733,18766,16426,2340,1814,224,302,105,77,0,0,28,0,424,479,257,702,1
483,71249,43418,43341,40897,2444,77,27831,38540,1,33788,28759,155,28604,24025,4077,21993,3938,3093,373,66,736,4293,40143,35600,30837,4763,3230,861,672,401,389,0,0,12,0,349,1302,462,2029,1
484,45815,23201,23189,22267,922,12,22614,38580,2,22622,15681,92,15589,11964,2850,10174,2575,2712,802,32,1056,5885,21818,20438,19083,1355,1119,110,126,20,20,0,0,0,0,12,359,165,824,1
485,34615,20183,20170,18828,1342,13,14432,38620,2,17610,12362,44,12318,9747,2503,8562,2040,1527,280,70,1262,3986,18511,17262,15319,1943,1321,391,231,32,32,0,0,0,0,19,407,196,595,1
486,185843,75895,75815,62658,13157,80,109948,38660,1,81129,50595,319,50276,44640,19439,28272,4806,2600,609,49,1887,28647,61231,57431,52460,4971,3757,764,450,170,41,0,0,129,0,225,1526,694,1185,1
487,29369,16835,16835,15981,854,0,12534,38700,2,14307,11396,64,11332,8950,1576,8214,1842,1716,397,48,495,2416,15732,14106,12832,1274,962,126,186,30,27,0,0,0,3,122,548,317,609,1
488,44722,24458,24440,22631,1809,18,20264,38740,2,21449,15381,81,15300,12246,3077,10482,2385,1840,507,23,546,5522,22250,20183,17741,2442,1887,338,217,239,239,0,0,0,0,86,440,261,1041,1
489,14778,8912,8651,7901,750,261,5866,38780,2,6814,5354,14,5340,4250,961,3688,883,684,114,5,234,1226,8021,7059,6114,945,735,92,118,30,30,0,0,0,0,14,418,326,174,1
490,63886,31419,31059,28673,2386,360,32467,38820,2,32958,28049,188,27861,20904,3379,22528,5983,2756,554,82,725,4184,28466,24732,21788,2944,2168,485,291,307,262,37,0,0,8,126,956,353,1992,1
491,443829,300742,299591,289619,9972,1151,143087,38860,1,221938,192934,1457,191477,147966,15229,171548,41201,6897,611,190,6530,22474,284995,246892,224363,22529,18623,2354,1552,2982,2405,61,220,21,275,1769,11732,2804,18816,1
492,1975134,1321327,1319898,1257931,61967,1429,653807,38900,1,938646,835515,3344,832171,698341,79142,723794,120545,44675,6315,1192,26346,76785,1234660,980290,867544,112746,89904,14156,8686,80563,58800,8031,2815,10768,149,26807,41385,13654,91961,1
493,16968,10188,10188,9625,563,0,6780,38920,2,7582,5984,8,5976,4899,1144,3854,679,1224,296,27,139,1459,9405,8950,7795,1155,912,224,19,44,44,0,0,0,0,6,61,19,325,1
494,393431,209850,209230,198176,11054,620,183581,38940,1,179289,153046,619,152427,122166,15813,132375,28153,11471,721,184,5275,20968,195596,175857,155925,19932,15164,2733,2035,679,613,0,55,11,0,1148,2494,3523,11895,1
495,61448,30350,30331,28010,2321,19,31098,39020,2,29858,22512,451,22061,14911,2251,17898,5185,2244,900,52,839,6507,27477,25736,24032,1704,1329,249,126,59,52,0,0,7,0,40,608,113,921,1
496,117828,66499,66410,62570,3840,89,51329,39060,2,58749,45403,413,44990,33296,4881,37851,10627,2930,504,14,1262,12084,61484,57291,51300,5991,4631,844,516,302,255,8,11,8,20,68,1599,514,1710,1
497,539544,341683,338046,322466,15580,3637,197861,39100,1,236429,198661,634,198027,152676,13331,181291,42604,8435,537,111,9566,28202,319119,265814,239931,25883,19735,3458,2690,16872,6853,1299,8463,210,47,625,12186,4842,18780,1
498,194627,93458,93401,88037,5364,57,101169,39150,1,98386,81482,648,80834,61978,9327,62509,14821,12972,2650,185,2784,14120,86002,74495,65474,9021,6876,1436,709,303,303,0,0,0,0,560,2507,1302,6835,1
499,15615,9339,9331,8679,652,8,6276,39220,2,7829,6351,33,6318,5009,559,5275,1128,485,106,17,236,1242,8398,7655,6919,736,369,204,163,40,34,0,6,0,0,21,286,49,347,1
500,19119,9858,9858,9177,681,0,9261,39260,2,9588,7825,59,7766,6196,961,5233,1130,1808,350,47,249,1514,8777,8086,6968,1118,873,135,110,0,0,0,0,0,0,34,213,64,380,1
501,1334990,868893,865108,818548,46560,3785,466097,39300,1,628401,525303,1738,523565,414572,52296,461947,103664,16459,1228,641,17176,85922,801772,716381,647406,68975,53133,8963,6879,20928,11715,1398,7664,52,99,1817,25130,6604,30912,1
502,429998,297235,296708,285964,10744,527,132763,39340,1,169455,147965,500,147465,127358,10307,128357,16875,15439,1870,264,13597,7893,281449,237791,205712,32079,24736,4080,3263,6195,2962,546,2394,267,26,2638,11527,3104,20194,1
503,132663,74374,74120,68559,5561,254,58289,39380,1,64314,49331,300,49031,38914,6680,39947,8978,4732,618,59,2434,12549,67418,63003,55611,7392,5139,1548,705,489,459,12,9,5,4,206,1390,465,1865,1
504,42565,25104,25037,23003,2034,67,17461,39420,2,17999,15167,70,15097,11982,1215,12715,2682,1461,269,24,1147,1685,22214,16064,13618,2446,1933,314,199,1240,1240,0,0,0,0,218,3558,161,973,1
505,161698,66219,66178,62286,3892,41,95479,39460,1,76891,65528,418,65110,51192,7334,55430,12710,4441,455,37,1593,9770,60672,53080,48223,4857,3991,448,418,113,58,17,0,0,38,573,495,932,5479,1
506,60806,38678,38678,37049,1629,0,22128,39500,2,30864,24245,207,24038,18095,4003,17941,4779,2793,751,71,858,5761,36501,33188,30058,3130,2492,457,181,211,178,4,3,0,26,89,849,289,1875,1
507,155456,99105,99022,94772,4250,83,56351,39540,1,76974,64725,285,64440,51702,7975,53635,11417,4808,588,97,1803,10446,93229,86173,78551,7622,6090,1099,433,1236,1112,0,103,0,21,139,1321,1138,3222,1
508,1045072,722090,721043,690682,30361,1047,322982,39580,1,494521,440686,1391,439295,370257,32528,393895,62576,27378,2506,613,12571,41264,680305,598626,542415,56211,42345,8200,5666,6068,5579,340,80,48,21,1534,7355,6284,60438,1
509,109342,73317,71414,68616,2798,1903,36025,39660,1,55101,46120,123,45997,36709,4884,39079,8250,2861,551,80,1771,7210,69505,63265,57224,6041,4736,799,506,414,384,0,0,12,18,210,1387,562,3667,1
510,16862,8863,8863,7639,1224,0,7999,39700,2,5782,3532,54,3478,2692,1199,2078,670,309,109,0,320,1930,7622,7002,6346,656,384,226,46,0,0,0,0,0,0,0,274,36,310,1
511,335068,218745,218529,205648,12881,216,116323,39740,1,154712,128920,1130,127790,102655,15217,109127,23437,5305,588,95,2703,23089,201319,179304,161148,18156,13631,2311,2214,3121,2883,107,86,0,45,475,6642,3308,8469,1
512,50521,26996,26951,24633,2318,45,23525,39780,2,24189,18509,200,18309,14149,3087,11779,2929,3754,766,126,624,5056,24008,21877,19470,2407,1467,582,358,66,57,0,9,0,0,27,706,181,1151,1
513,144796,78436,78414,74134,4280,22,66360,39820,1,71181,57633,449,57184,42326,6266,44515,12122,8531,1763,170,2508,11040,72331,64829,58933,5896,4344,1028,524,421,374,7,0,0,40,484,1531,808,4258,1
514,37144,25087,25078,24227,851,9,12057,39860,2,19452,16354,199,16155,13072,2306,12478,2616,1645,315,34,520,2578,23845,21223,19530,1693,1266,301,126,359,359,0,0,0,0,24,786,149,1304,1
515,371777,246699,246232,233221,13011,467,125078,39900,1,183807,157488,502,156986,123187,16195,134801,30684,14076,1346,212,5740,20579,229889,204914,177418,27496,20365,4351,2780,4207,4166,19,7,6,9,1440,5877,2582,10869,1
516,39647,25395,25391,23749,1642,4,14252,39940,2,15363,11983,123,11860,9454,1580,8801,1915,1578,443,2,2202,1178,23172,19732,16832,2900,2446,274,180,159,159,0,0,0,0,192,1661,212,1216,1
517,53448,31771,31755,30108,1647,16,21677,39980,2,26644,19830,197,19633,14855,3425,14433,4039,2309,504,41,1346,5468,29642,26740,24233,2507,1905,341,261,86,86,0,0,0,0,25,850,744,1197,1
518,267283,172063,171968,158497,13471,95,95220,40420,1,133350,111233,467,110766,90493,15241,89476,17823,8665,1205,232,4330,17787,155746,144763,129148,15615,11921,2261,1433,1512,1371,0,85,56,0,454,1814,1313,5890,1
519,35986,19748,19455,17762,1693,293,16238,40460,2,18380,13408,35,13373,10149,2310,10204,2824,1291,257,37,238,4734,17588,16575,15265,1310,925,167,218,81,81,0,0,0,0,0,418,110,404,1
520,20564,10606,10606,9814,792,0,9958,40530,2,9548,7857,51,7806,6593,1502,5113,849,1257,248,22,212,1479,9531,8348,7360,988,862,102,24,19,19,0,0,0,0,30,180,84,870,1
521,33137,22887,22881,21487,1394,6,10250,40540,2,15523,13241,201,13040,10768,1226,10895,1936,1763,230,13,574,1708,21188,19207,16003,3204,2207,591,406,612,606,0,0,0,6,33,655,210,471,1
522,117935,69834,69816,64885,4931,18,48101,40580,1,58162,42284,350,41934,32847,6632,32956,7783,3843,912,24,1282,14596,63040,58168,52793,5375,3912,972,491,256,232,0,0,24,0,29,1023,1468,2096,1
523,36387,20209,20153,19115,1038,56,16178,40620,2,17981,14536,33,14503,10692,2084,11200,3241,1493,402,25,495,2950,18739,17086,14943,2143,1670,350,123,61,61,0,0,0,0,43,692,291,566,1
524,77072,44216,44108,41723,2385,108,32856,40660,1,35679,27851,98,27753,23405,4620,21852,3756,2375,168,137,955,6873,41094,37223,33436,3787,2597,632,558,157,145,12,0,0,0,110,1329,455,1820,1
525,90820,46432,46369,43291,3078,63,44388,40700,2,45456,37426,406,37020,28838,5017,28466,6433,4656,1157,85,1236,6794,42205,38149,33376,4773,3872,535,366,121,114,0,7,0,0,149,1089,315,2382,1
526,50128,28429,28338,26889,1449,91,21699,40740,2,23284,16233,61,16172,12123,3267,11119,3381,2513,359,77,1078,5973,26631,24981,22267,2714,1876,322,516,284,280,4,0,0,0,23,472,280,591,1
527,16401,7938,7915,7565,350,23,8463,40760,2,7566,5715,67,5648,4453,535,4437,759,1118,210,5,426,1425,7533,6482,5624,858,641,153,64,11,11,0,0,0,0,0,234,9,797,1
528,67693,38101,38075,35857,2218,26,29592,40780,2,30082,22371,170,22201,15349,3161,17388,5757,2219,779,31,843,6868,35259,32560,29107,3453,2607,524,322,165,132,0,17,0,16,53,710,389,1382,1
529,38969,21903,21801,20796,1005,102,17066,40820,2,17712,14650,14,14636,12909,3895,9629,1423,1551,230,8,276,2786,20784,19174,17498,1676,1057,328,291,0,0,0,0,0,0,7,577,149,877,1
530,49787,30872,30827,29858,969,45,18915,40860,2,25338,20419,124,20295,10990,1350,18125,8571,1125,333,90,764,4155,29280,25961,23619,2342,1903,183,256,264,247,4,12,1,0,34,1316,220,1485,1
531,1842661,1137887,1135454,1066944,68510,2433,704774,40900,1,831150,735680,2694,732986,612076,76004,623838,105448,71541,6936,1061,18805,76665,1046390,901566,803296,98270,73735,14027,10508,24241,16438,1913,2559,3183,148,14831,18404,12834,74514,1
532,28895,14292,14292,13104,1188,0,14603,40940,2,11017,8366,9,8357,6327,1249,5812,1496,1596,419,0,274,2377,12848,11993,10094,1899,1144,244,511,22,22,0,0,0,0,9,221,83,520,1
533,155785,88961,88927,82783,6144,34,66824,40980,1,78933,62424,327,62097,47954,9618,48977,12482,4817,880,98,2238,14271,81392,75631,67649,7982,6438,910,634,367,333,0,0,23,11,421,1689,625,2659,1
534,1025999,679904,675240,641274,33966,4664,346095,40060,1,481217,401888,1425,400463,329183,45241,337713,63592,24727,4089,733,13266,66063,633512,568035,513633,54402,42764,6965,4673,9905,9034,294,402,120,55,2914,10768,8286,33604,1
535,85333,50777,50727,47514,3213,50,34556,40080,2,38858,30854,235,30619,24979,4281,24481,4867,2712,397,54,1172,6832,46186,41892,37071,4821,4078,540,203,75,75,0,0,0,0,68,1982,589,1580,1
536,45233,25831,25831,22056,3775,0,19402,40100,2,16188,9144,56,9088,4688,1412,7097,4055,698,284,9,753,6291,21143,18622,14875,3747,2796,554,397,58,58,0,0,0,0,0,854,97,1512,1
537,3513245,2122092,2106490,1947248,159242,15602,1391153,40140,1,1360934,1168165,3457,1164708,908274,125125,984802,224982,108839,12925,2764,43797,148972,1913758,1730013,1510688,219325,160000,32404,26921,25171,16439,1095,7189,369,79,5119,27778,24973,100704,1
538,30841,19444,19436,18294,1142,8,11397,40180,2,14907,11721,89,11632,5453,1523,8240,4974,1684,906,217,514,2672,17093,14343,12724,1619,1227,310,82,192,192,0,0,0,0,335,688,327,1208,1
539,256454,156345,156112,149052,7060,233,100109,40220,1,128432,101153,666,100487,80493,12176,82546,17030,7677,1509,268,3553,23726,147191,132298,122001,10297,7833,1275,1189,1981,1854,75,10,42,0,294,3030,1505,8083,1
540,58267,28741,28732,26644,2088,9,29526,40260,2,29564,16819,93,16726,12022,3255,12170,4007,1740,409,8,2066,10679,25685,24292,21452,2840,2311,394,135,21,21,0,0,0,0,14,400,224,734,1
541,40885,26581,26578,25032,1546,3,14304,40300,2,21021,17271,149,17122,14009,2953,12140,2476,2408,504,15,582,3168,24628,22664,20066,2598,2017,436,145,124,75,7,0,0,42,11,338,245,1246,1
542,170446,120219,120164,116529,3635,55,50227,40340,1,87500,75274,442,74832,60063,7711,62942,13268,5621,972,68,2974,9252,114520,98078,84867,13211,10476,1639,1096,4640,4638,0,0,0,2,674,4087,944,6097,1
543,876652,554758,554463,526130,28333,295,321894,40380,1,433113,363795,2127,361668,279391,37067,314155,76412,17096,2365,423,12253,57065,513924,457683,416782,40901,33559,4136,3206,11007,10514,289,112,28,64,2100,16407,4314,22413,1
544,156773,112630,112509,107628,4881,121,44143,41060,1,75931,63031,403,62628,50013,8043,49880,11228,5025,693,204,3298,9602,105224,93103,85154,7949,5866,1206,877,1512,1399,38,51,14,10,547,3918,877,5267,1
545,126752,71464,71421,68915,2506,43,55288,41100,1,57144,49698,269,49429,37073,5813,38366,9414,7274,2058,309,1817,5629,67912,58815,52167,6648,4970,972,706,361,343,18,0,0,0,334,859,1038,6505,1
546,101910,60566,60446,57985,2461,120,41344,41140,1,47117,35771,242,35529,28878,6603,26127,5671,3630,540,56,1198,10148,57039,53130,47660,5470,4238,787,445,256,221,23,0,0,12,52,1070,720,1811,1
547,2251860,1475077,1469943,1397108,72835,5134,776783,41180,1,1126934,943750,4237,939513,758068,107911,784167,159659,81145,11085,1710,30088,153096,1378942,1243535,1145968,97567,76157,12454,8956,31472,26560,3383,804,691,34,2984,23066,11773,66112,1
548,41684,27104,23135,21519,1616,3969,14580,41220,2,19338,16324,16,16308,12834,1675,14295,3056,1406,95,0,795,2219,25204,22838,20987,1851,1531,175,145,43,43,0,0,0,0,65,1377,260,621,1
549,25121,16096,16096,15374,722,0,9025,41260,2,14020,11083,117,10966,7847,838,9573,2668,993,196,11,525,2412,15131,14240,12962,1278,995,260,23,54,54,0,0,0,0,43,389,38,367,1
550,84499,48595,48579,45391,3188,16,35904,41400,2,41537,32693,172,32521,25468,5559,23817,5973,3614,693,25,1658,7186,44198,41400,37834,3566,2727,586,253,145,145,0,0,0,0,0,879,429,1345,1
551,331127,202882,202640,191127,11513,242,128245,41420,1,148343,128495,764,127731,106201,17100,102824,18229,10992,1806,265,4128,15720,187025,165463,144546,20917,15220,3418,2279,2851,2637,2,65,102,45,1031,5409,2276,9995,1
552,48025,31637,31502,30495,1007,135,16388,41460,2,24405,19544,156,19388,15144,2893,15462,3870,1425,169,57,748,4113,30059,27382,24737,2645,2182,325,138,247,205,40,0,2,0,195,593,603,1039,1
553,331873,202743,197404,187708,9696,5339,129130,41500,1,127155,107372,247,107125,86866,18679,80983,16236,11532,2581,114,2409,17374,189872,155684,136038,19646,14453,3082,2111,3006,2842,22,118,6,18,1076,5421,15871,8814,1
554,335029,192275,191903,181308,10595,372,142754,41540,1,160153,129934,577,129357,100121,18126,103998,25993,9290,1844,163,4010,26209,178366,160947,146933,14014,9983,2292,1739,1373,1205,119,42,0,7,460,3161,2007,10418,1
555,903711,645330,644406,621198,23208,924,258381,41620,1,395298,348858,1306,347552,290168,38107,292825,50387,31395,2754,314,17079,29361,613428,530658,462289,68369,52115,8584,7670,21838,12632,2013,3114,4038,41,4719,13164,5266,37783,1
556,94856,61187,58065,55776,2289,3122,33669,41660,1,44454,34787,124,34663,27048,5088,27519,6704,2922,601,32,1917,7750,58346,52152,46594,5558,4173,981,404,125,72,53,0,0,0,161,2245,1191,2472,1
557,1912022,1222517,1203743,1142172,61571,18774,689505,41700,1,811335,667666,1644,666022,544191,100596,531410,106580,66482,7065,1398,29532,114137,1141218,1029634,907110,122524,91026,19963,11535,22468,22083,125,7,108,145,1761,19431,14507,53417,1
558,2671935,1764675,1690177,1588732,101445,74498,907260,41740,1,1125286,1016635,2184,1014451,847482,84871,899991,151877,78237,5644,863,20228,88423,1627544,1380466,1240027,140439,108790,19009,12640,48043,40488,560,3319,3450,226,10032,47774,27697,113532,1
559,36036,18948,18946,18299,647,2,17088,41760,2,17537,13408,125,13283,9533,2582,7644,2282,3272,1213,62,638,3491,17787,14948,13034,1914,1520,310,84,180,180,0,0,0,0,216,501,211,1731,1
560,61552,37868,37858,35976,1882,10,23684,41780,2,31183,25289,147,25142,19383,2653,21402,5168,1705,281,3,1371,4523,35413,33079,30253,2826,2323,279,224,404,367,0,0,36,1,23,451,489,967,1
561,47170,28992,28650,26643,2007,342,18178,41820,2,21894,16249,77,16172,13061,1482,14069,2659,1317,133,16,1893,3752,26409,25107,21646,3461,2823,313,325,140,129,11,0,0,0,0,261,146,755,1
562,3869242,2610816,2608110,2490810,117300,2706,1258426,41860,1,1703275,1531902,3664,1528238,1324108,115870,1376910,185352,81110,6621,2060,33439,137934,2373021,1591967,1365800,226167,160648,42056,23463,417810,181028,179264,35645,13398,8475,45243,111365,48944,157692,1
563,105168,37198,37198,31706,5492,0,67970,41900,1,41921,14537,683,13854,9276,3129,9980,4228,594,216,8,522,26862,31486,28912,27654,1258,986,179,93,109,91,0,0,18,0,11,889,159,1406,1
564,1592951,1076062,1075239,1028441,46798,823,516889,41940,1,658350,605731,1593,604138,519892,42226,547466,77674,33844,2390,689,12581,40038,995229,851042,745233,105809,81041,14549,10219,43142,23518,2692,14564,2326,42,17241,21077,13160,49567,1
565,1747280,837260,836047,703136,132911,1213,910020,41980,1,760282,485371,4718,480653,413545,180692,270625,57628,40830,4869,481,16314,258597,685356,620199,562898,57301,44724,8382,4195,15482,6229,2811,60,6054,328,1261,19180,13553,15681,1
566,49125,28153,28146,26863,1283,7,20972,42380,2,25021,20070,239,19831,13070,1689,16954,6059,1520,311,39,429,4522,26361,23479,21315,2164,1678,388,98,50,50,0,0,0,0,69,1035,321,1407,1
567,29593,19149,19133,18201,932,16,10444,42420,2,15559,12112,51,12061,8421,1911,9081,3097,1360,409,40,540,2907,17779,16453,14595,1858,1506,206,146,23,23,0,0,0,0,38,298,110,857,1
568,42222,21460,21453,20352,1101,7,20762,42460,2,20695,14767,89,14678,11215,2101,11843,3120,1067,204,22,711,5217,19927,19001,17222,1779,1401,295,83,9,0,0,9,0,0,19,267,118,513,1
569,19074,10700,10671,10135,536,29,8374,42500,2,8971,5954,43,5911,4205,1032,4131,1443,871,200,0,421,2596,10078,9490,8554,936,734,150,52,0,0,0,0,0,0,123,112,77,276,1
570,458120,278799,278627,264037,14590,172,179321,42540,1,226611,179771,1718,178053,138697,21728,150322,35267,10661,1137,433,4906,41934,259480,236209,208579,27630,21413,2573,3644,2525,2313,152,25,0,35,384,7296,2103,10963,1
571,62498,34272,34170,32213,1957,102,28226,42620,2,29055,22115,68,22047,19484,6566,13443,2105,2394,369,36,873,6067,32106,29902,26589,3313,2156,841,316,71,71,0,0,0,0,74,905,240,914,1
572,3125212,2141529,2119175,2025947,93228,22354,983683,42660,1,1499147,1361425,3599,1357826,1164870,107156,1220420,178339,57572,5635,1158,34544,103178,2005245,1554687,1354325,200362,152810,26226,21326,200482,174372,8103,10908,4852,2247,21850,80981,22633,124612,1
573,131686,62799,62704,58626,4078,95,68887,42680,1,58612,48384,244,48140,34242,3809,42676,12775,3408,331,70,1339,8889,57577,51256,46336,4920,3273,1364,283,224,186,21,17,0,0,435,472,762,4428,1
574,87692,37078,37078,33555,3523,0,50614,42700,1,41740,31425,433,30992,22643,4705,23875,6847,3582,738,91,1155,9160,32924,29577,26117,3460,2715,545,200,349,303,39,7,0,0,144,699,455,1700,1
575,33037,19987,19871,18681,1190,116,13050,42740,2,16033,12435,120,12315,9602,1863,8716,2048,2072,448,61,446,3152,18339,16850,15300,1550,1104,287,159,57,57,0,0,0,0,18,238,241,935,1
576,33042,20700,20679,20143,536,21,12342,42780,2,14794,11231,108,11123,8219,1520,8928,2604,671,154,30,248,3315,19747,17230,15487,1743,1335,176,232,23,23,0,0,0,0,224,850,118,1302,1
577,30693,16142,16129,14347,1782,13,14551,42820,2,15910,11215,133,11082,8971,2686,7021,1632,1374,315,15,386,4309,14029,13385,12734,651,516,82,53,0,0,0,0,0,0,13,211,154,266,1
578,63576,34019,33978,32106,1872,41,29557,42860,2,31978,24105,193,23912,19675,5336,16364,3346,3018,631,17,1089,6784,31411,29652,26382,3270,2319,545,406,185,179,0,0,0,6,0,314,194,1066,1
579,28371,15852,15852,15280,572,0,12519,42900,2,13564,10860,65,10795,8070,1478,8604,2375,696,194,30,316,2388,14992,13469,12001,1468,1207,112,149,92,87,5,0,0,0,67,503,209,652,1
580,79633,49402,49258,46934,2324,144,30231,42940,2,37210,28920,136,28784,22988,5085,21290,4812,2940,567,33,1668,6622,45553,41589,35027,6562,5287,847,428,196,145,13,10,28,0,335,740,221,2472,1
581,34443,21633,21633,20694,939,0,12810,42980,2,16753,12456,82,12374,9036,1553,9477,2828,1684,391,0,459,3838,20463,19184,16808,2376,1797,304,275,98,98,0,0,0,0,51,490,276,364,1
582,237717,139024,137209,131679,5530,1815,98693,42020,1,105981,93705,394,93311,73382,8492,77251,16914,10055,1905,231,2530,9746,130710,109505,95359,14146,10589,1858,1699,1752,1741,0,0,0,11,2655,6014,1112,9672,1
583,226982,144847,144670,136406,8264,177,82135,42100,1,95818,83879,188,83691,68567,6880,72751,12993,6881,682,122,2250,9689,132921,103999,91775,12224,9395,1768,1061,3997,3898,32,56,11,0,3953,6537,4035,10400,1
584,125470,73448,73379,70383,2996,69,52022,42140,1,61921,50216,279,49937,37922,5938,38718,8980,6701,2130,246,1333,10372,69747,60946,54822,6124,4760,908,456,727,632,45,50,0,0,308,1406,481,5879,1
585,17658,8602,8602,7994,608,0,9056,42180,2,7367,4787,0,4787,3901,2021,2641,856,126,26,0,88,2492,7623,7233,6939,294,210,12,72,14,0,0,0,14,0,10,199,0,167,1
586,356516,228476,226585,213438,13147,1891,128040,42200,1,145856,128775,710,128065,109143,12903,110172,16850,8253,997,202,3676,13405,209569,172144,142415,29729,20572,5082,4075,6277,6119,20,93,34,11,6734,9273,2025,13116,1
587,412267,268613,267732,256074,11658,881,143654,42220,1,189374,170228,814,169414,138189,15594,145487,27161,14816,1844,325,4203,14943,249638,214381,186165,28216,20699,4133,3384,4526,3966,100,396,30,34,2395,6677,3131,18528,1
588,31624,17152,17043,15523,1520,109,14472,42300,2,13999,11155,70,11085,6368,1023,8833,3960,1363,562,41,429,2415,15271,13599,11643,1956,1604,249,103,49,45,3,0,0,1,48,767,227,581,1
589,306450,201968,197250,183673,13577,4718,104482,42340,1,142788,121480,541,120939,103223,17503,99965,16536,7540,436,23,3579,17729,184454,164583,146732,17851,14547,2165,1139,3479,3300,98,19,16,46,1434,4365,2829,7764,1
590,36411,22303,22298,21534,764,5,14108,43020,2,18412,14452,192,14260,11409,2660,10375,2236,1464,249,30,398,3562,21208,18867,17322,1545,1235,216,94,75,72,3,0,0,0,36,547,178,1505,1
591,57119,32170,32111,30187,1924,59,24949,43060,2,25917,19479,98,19381,15398,4629,12614,3251,2488,474,133,1580,4858,29767,27387,25076,2311,1814,333,164,20,14,0,0,0,6,40,615,721,984,1
592,92536,61559,61520,59602,1918,39,30977,43100,1,47738,40158,155,40003,31208,4563,32999,7637,3231,661,83,1347,6233,58620,53783,49358,4425,3325,721,379,197,185,0,4,0,8,447,1425,518,2250,1
593,78747,43841,43807,40163,3644,34,34906,43140,2,35638,23659,99,23560,18087,3369,18612,4756,2434,419,22,2190,9789,39146,36975,33052,3923,3193,545,185,105,105,0,0,0,0,7,889,446,724,1
594,37316,23017,23004,22010,994,13,14299,43180,2,17029,12728,22,12706,10546,3084,8308,1725,1734,209,35,975,3326,21611,20301,17143,3158,2156,634,368,35,25,0,0,10,0,0,209,311,755,1
595,52889,27054,26852,24994,1858,202,25835,43220,2,24278,20603,204,20399,15291,2287,16243,4251,2139,576,19,493,3182,24593,22064,18670,3394,2442,560,392,399,328,0,0,0,71,7,380,281,1462,1
596,24474,15690,15671,15193,478,19,8784,43260,2,13251,11026,35,10991,7682,935,9296,2809,999,372,32,204,2021,14985,13157,11803,1354,922,258,174,10,10,0,0,0,0,86,446,44,1242,1
597,103292,63998,63897,60989,2908,101,39294,43300,1,48454,36943,256,36687,30193,7484,25048,4964,5117,894,170,2494,9017,59942,54631,47613,7018,5232,909,877,196,132,0,6,58,0,163,960,698,3294,1
598,82886,38298,38265,33415,4850,33,44588,43320,2,34990,22099,227,21872,15794,3587,16328,4900,2435,774,88,845,12046,32824,27129,23939,3190,2659,261,270,442,442,0,0,0,0,141,1642,824,2646,1
599,313314,185231,179544,167976,11568,5687,128083,43340,1,156062,107810,743,107067,82017,19262,80785,21474,12283,1882,96,11935,36317,171037,160693,147184,13509,10682,1565,1262,1954,1937,0,0,0,17,305,2124,1441,4520,1
600,37941,26229,26207,25031,1176,22,11712,43380,2,18608,15282,95,15187,11356,1749,12145,3360,1346,262,49,419,2907,24734,23147,20951,2196,1983,130,83,21,19,2,0,0,0,123,394,141,908,1
601,101327,50158,46720,43760,2960,3438,51169,43420,1,50163,40317,245,40072,30712,4410,30897,6629,6509,1464,224,1102,8744,46499,41345,36683,4662,3306,702,654,311,311,0,0,0,0,206,1346,1139,2152,1
602,30405,17600,17517,16745,772,83,12805,43460,2,15230,11767,4,11763,9248,2213,8667,2069,1048,301,77,382,3081,16574,15773,13783,1990,1410,249,331,33,1,0,11,0,21,0,232,45,491,1
603,22639,10896,10874,10098,776,22,11743,43500,2,11851,8414,52,8362,6269,1489,5909,1680,1137,288,32,479,2958,10077,9121,8298,823,603,186,34,103,103,0,0,0,0,74,197,31,551,1
604,109901,76215,76073,73091,2982,142,33686,43580,1,55391,43807,326,43481,33435,6124,34930,9072,3833,524,72,2236,9348,72133,66792,59233,7559,5721,1260,578,512,495,0,0,0,17,72,1616,344,2797,1
605,198628,147658,147298,143370,3928,360,50970,43620,1,102294,88311,394,87917,71429,9931,74431,14768,5418,742,131,2705,11278,140786,130085,118737,11348,8283,1750,1315,752,752,0,0,0,0,522,2895,817,5715,1
606,13222,7169,7169,6880,289,0,6053,43660,2,5941,4399,32,4367,3551,594,3110,609,859,204,0,173,1369,6793,6547,5669,878,690,59,129,0,0,0,0,0,0,76,73,47,50,1
607,51641,27835,27835,25852,1983,0,23806,43700,2,25301,18177,76,18101,14098,2762,14008,3280,2145,405,0,1336,5788,25175,23957,22135,1822,1396,296,130,64,46,0,0,0,18,0,291,296,567,1
608,62428,33975,33964,32230,1734,11,28453,43740,2,29644,21369,207,21162,14896,3037,16342,5430,1831,559,64,850,7425,31529,28575,25774,2801,2160,349,292,29,10,3,0,0,16,22,825,364,1714,1
609,45972,22150,22149,20993,1156,1,23822,43760,2,22502,18638,187,18451,14106,1874,13893,3277,3145,712,68,550,3314,20071,17981,16644,1337,996,240,101,111,111,0,0,0,0,68,429,291,1191,1
610,255483,160551,160353,152613,7740,198,94932,43780,1,122891,96884,636,96248,71685,12489,78416,21741,8701,1432,263,4833,21174,149802,134797,121815,12982,10290,1574,1118,1644,1420,6,136,70,12,895,5233,1150,6083,1
611,244240,150248,150183,141860,8323,65,93992,43900,1,116645,92673,369,92304,76188,13746,74558,14187,7782,813,167,3383,20589,138757,131108,117661,13447,10582,1899,966,502,407,40,40,0,15,177,1608,989,4373,1
612,21501,13904,13844,13484,360,60,7597,43940,2,11048,9439,42,9397,7553,1076,7716,1615,791,130,0,266,1343,13315,11874,10232,1642,1263,237,142,30,30,0,0,0,0,28,699,55,629,1
613,12959,8467,8467,8111,356,0,4492,43980,2,7212,5886,24,5862,4649,754,4823,1056,418,93,31,222,1104,7903,7035,6184,851,571,150,130,65,65,0,0,0,0,24,209,56,514,1
614,14285,9387,9387,9204,183,0,4898,44020,2,8174,6774,28,6746,5367,869,5441,1150,685,107,5,263,1137,9078,8105,7388,717,532,63,122,39,39,0,0,0,0,109,229,117,479,1
615,441705,267182,264296,249447,14849,2886,174523,44060,1,220365,190615,1099,189516,157243,21700,154219,26874,15937,3061,562,5438,24312,246510,214639,191207,23432,18997,2762,1673,6295,6276,0,3,0,16,1136,6848,2586,15006,1
616,167782,106676,106493,100351,6142,183,61106,44100,1,88899,71764,268,71496,58754,8916,57818,11002,7491,635,181,4421,12714,99025,90327,82454,7873,6540,900,433,1336,1241,82,0,0,13,504,1650,976,4232,1
617,579090,359391,358815,338550,20265,576,219699,44140,1,268830,219511,1174,218337,156561,22546,189980,56598,7381,1506,513,9549,39770,332243,288018,262329,25689,20591,2987,2111,7509,7212,144,144,0,9,1631,14742,3566,16777,1
618,369733,225246,224921,216369,8552,325,144487,44180,1,188342,145488,730,144758,117219,27793,104833,22643,17053,2798,364,10586,32268,212871,195810,175426,20384,16494,2244,1646,1507,1465,2,27,13,0,664,4063,1750,9077,1
619,108131,65406,65321,60958,4363,85,42725,44220,1,54696,45404,153,45251,36992,6581,36678,7314,3077,482,50,1276,8016,60047,55216,49278,5938,4357,877,704,446,446,0,0,0,0,243,1457,396,2289,1
620,49544,26703,26690,24601,2089,13,22841,44260,2,21580,16260,72,16188,13491,4057,10756,2228,1944,276,0,1306,4014,23835,22054,20143,1911,1427,422,62,127,127,0,0,0,0,31,505,343,775,1
621,140544,80524,80466,77182,3284,58,60020,44300,1,58201,48035,263,47772,37278,4554,41130,9317,2619,762,170,3733,6433,75715,58673,51753,6920,5447,959,514,4342,4287,42,0,13,0,1311,6792,861,3736,1
622,62429,37345,37285,34290,2995,60,25084,44340,2,27375,21291,113,21178,17996,2993,17249,2962,1449,32,0,1173,4911,33599,30277,27048,3229,2445,562,222,384,384,0,0,0,0,343,749,332,1514,1
623,100163,60038,59864,57604,2260,174,40125,44420,1,49329,37232,220,37012,28595,6728,27513,7407,2684,654,80,1860,10237,56766,52579,48192,4387,3404,675,308,286,274,3,0,0,9,42,1082,420,2357,1
624,21075,14975,14927,14464,463,48,6100,44460,2,9603,8845,18,8827,7253,946,7210,1214,731,219,19,125,633,14210,10930,9729,1201,685,373,143,358,336,22,0,0,0,628,740,54,1500,1
625,34093,20819,20819,20076,743,0,13274,44500,2,13595,11034,51,10983,9139,1839,7959,1524,1568,228,16,709,1852,19736,17997,16092,1905,1316,376,213,8,8,0,0,0,0,0,575,89,1067,1
626,18279,11653,11653,11271,382,0,6626,44540,2,8393,7040,14,7026,5489,1019,5312,1248,819,165,72,296,1057,10990,9862,8474,1388,879,300,209,76,76,0,0,0,0,31,355,82,584,1
627,45125,27520,27499,26264,1235,21,17605,44580,2,23084,18520,111,18409,14725,2904,13989,3008,1733,414,43,580,3984,25942,24224,21739,2485,1998,297,190,113,113,0,0,0,0,39,677,163,726,1
628,58435,39139,39097,37794,1303,42,19296,44620,2,28675,24614,116,24498,19598,3119,20251,4328,1629,298,30,565,3496,37104,32617,29802,2815,2211,443,161,188,183,4,1,0,0,453,2004,284,1558,1
629,67604,38656,38488,36902,1586,168,28948,44660,2,30788,24791,95,24696,20255,4335,17821,3107,3200,675,147,1729,4268,36428,32459,29036,3423,3033,197,193,277,264,0,0,0,13,458,1790,273,1171,1
630,562701,339798,339463,313129,26334,335,222903,44700,1,228567,190449,1019,189430,157843,27557,152793,28007,17288,1972,185,5325,32793,303147,277817,238729,39088,27163,6897,5028,5055,2106,762,2033,154,0,1228,4164,2455,12428,1
631,15540,10896,10896,10343,553,0,4644,44740,2,7524,6362,38,6324,5098,1599,4130,973,909,135,27,159,1003,10176,8650,7196,1454,1159,203,92,32,19,0,0,13,0,156,760,63,515,1
632,47612,29477,29462,28156,1306,15,18135,44780,2,24150,18883,188,18695,14237,3710,13509,3621,1682,492,48,626,4641,27394,24979,20621,4358,3494,462,402,167,106,42,19,0,0,149,932,173,994,1
633,28455,17168,17128,16402,726,40,11287,44860,2,13424,10647,84,10563,8948,3740,5483,1145,1524,358,11,633,2144,16125,15267,13694,1573,1092,351,130,46,44,0,2,0,0,30,121,84,577,1
634,19853,9643,9641,9098,543,2,10210,44900,2,9260,6466,16,6450,4561,1487,4606,1654,512,171,9,218,2576,8827,8465,7543,922,636,154,132,21,21,0,0,0,0,26,143,30,142,1
635,112320,63927,61085,55074,6011,2842,48393,44940,1,54937,40860,281,40579,30149,5499,33402,9188,2977,562,29,2166,11911,56653,53224,47563,5661,4200,643,818,153,152,0,0,0,1,147,1109,574,1446,1
636,75909,43706,43670,41607,2063,36,32203,44980,2,39075,28825,342,28483,21069,3925,23013,6619,1632,375,63,844,9406,40846,37750,34053,3697,3000,422,275,80,79,0,1,0,0,81,1088,316,1531,1
637,26650,9249,9209,8611,598,40,17401,45000,2,9280,7394,80,7314,3810,1372,5428,3231,760,217,24,181,1705,8340,7552,6713,839,582,86,171,26,24,0,2,0,0,19,206,8,529,1
638,11487,6739,6739,6279,460,0,4748,45020,2,5407,3946,8,3938,3183,677,2631,572,767,106,25,204,1257,6159,5793,4924,869,493,166,210,0,0,0,0,0,0,0,144,125,97,1
639,531375,328983,328230,310414,17816,753,202392,45060,1,257280,209636,954,208682,156777,19698,183460,48439,8755,1551,244,10764,36880,305311,269413,245154,24259,20195,2558,1506,6906,6769,90,9,38,0,917,11712,2779,13584,1
640,39073,21339,21290,19665,1625,49,17734,45140,2,16665,11597,47,11550,9601,3572,6315,1242,1916,521,42,706,4362,19404,17762,15498,2264,1443,482,339,46,46,0,0,0,0,53,548,167,828,1
641,65202,34100,34059,31166,2893,41,31102,45180,2,31395,23122,49,23073,18796,5114,15671,3437,3031,591,55,1072,7201,30439,28542,25405,3137,1903,863,371,70,70,0,0,0,0,32,571,458,766,1
642,317118,196263,195966,182170,13796,297,120855,45220,1,147777,123852,440,123412,100375,13628,106057,20956,6935,898,133,4578,19347,178756,161538,145036,16502,13155,2299,1048,2596,2500,0,0,0,96,1035,3631,2240,7716,1
643,2550190,1527285,1520342,1436245,84097,6943,1022905,45300,1,1213267,1033144,3093,1030051,823262,99420,909507,194162,40749,4220,952,36891,143232,1419997,1244458,1120016,124442,96432,16048,11962,18206,17774,177,126,19,110,9155,20116,22507,105555,1
644,27558,15190,15187,13868,1319,3,12368,45340,2,12103,8264,177,8087,4611,702,6214,2662,1142,428,63,348,3491,13553,10961,9078,1883,1606,106,171,262,262,0,0,0,0,65,492,163,1610,1
645,26863,15210,15201,14704,497,9,11653,45380,2,13901,10890,144,10746,6544,1255,8799,3848,962,207,15,362,2649,14508,13453,11913,1540,1242,158,140,76,76,0,0,0,0,30,363,88,498,1
646,152141,88302,88136,82619,5517,166,63839,45460,1,72902,57234,298,56936,44203,9803,42607,10730,5879,1124,307,1927,13741,81066,74837,66467,8370,6632,945,793,481,408,46,2,0,25,304,2447,725,2272,1
647,118366,63859,63815,59715,4100,44,54507,45500,1,55865,40744,329,40415,31271,8216,29990,7439,6977,666,6,1774,13347,58890,55821,51357,4464,3560,487,417,252,252,0,0,0,0,52,571,682,1512,1
648,20877,12383,12372,11819,553,11,8494,45520,2,10305,8151,56,8095,5933,971,6213,1722,1092,256,34,518,1636,11471,9896,8749,1147,931,95,121,29,29,0,0,0,0,52,517,116,861,1
649,117026,26297,26240,25261,979,57,90729,45540,1,56230,48694,323,48371,36111,4333,42106,10835,4368,441,74,1456,6080,24569,19811,18431,1380,1015,243,122,39,31,0,0,0,8,16,251,1744,2708,1
650,20923,10900,10900,10270,630,0,10023,45580,2,10154,7035,20,7015,5394,781,5964,1437,535,52,0,446,2673,10063,9723,8892,831,673,56,102,0,0,0,0,0,0,0,35,198,107,1
651,35127,21142,21056,19498,1558,86,13985,45620,2,17595,13950,44,13906,11386,1894,11322,2223,909,165,12,453,3192,19068,18140,15224,2916,1975,650,291,39,39,0,0,0,0,97,215,126,451,1
652,44654,28011,28011,26789,1222,0,16643,45660,2,21648,17227,128,17099,12941,2096,13675,3701,1671,290,40,874,3547,26039,23822,21724,2098,1621,325,152,107,100,7,0,0,0,78,1091,382,559,1
653,31385,18944,18933,18424,509,11,12441,45700,2,15144,9888,94,9794,7042,2651,6585,2455,657,151,30,263,4993,18231,17444,15409,2035,1250,314,471,52,52,0,0,0,0,75,218,161,281,1
654,20850,11455,11455,10507,948,0,9395,45740,2,9543,6637,38,6599,5125,1225,4921,1119,928,112,0,443,2463,10371,9606,8696,910,770,57,83,0,0,0,0,0,0,0,213,78,474,1
655,517051,331493,331043,310516,20527,450,185558,45780,1,265076,218919,1079,217840,175891,27334,180315,37269,15886,2294,567,9605,36552,302645,278829,256204,22625,17929,2706,1990,3784,3683,22,0,20,59,936,7514,2766,8816,1
656,183818,117191,116843,112007,4836,348,66627,45820,1,94658,70950,402,70548,54617,10793,53760,13327,7632,1609,282,6305,17403,110625,102722,91264,11458,8680,1860,918,1005,989,0,0,0,16,134,1910,877,3977,1
657,152691,102320,102270,97180,5090,50,50371,45860,2,74143,64632,316,64316,47186,4108,58905,16337,2367,210,58,1682,7829,95123,84820,79132,5688,4181,643,864,1345,353,398,534,60,0,157,2324,1114,5363,1
658,123425,75638,75363,71789,3574,275,47787,45900,2,60395,50954,355,50599,40446,6650,40875,8899,3778,756,55,1654,7787,71056,63198,56372,6826,5416,1013,397,760,721,5,6,0,28,460,1580,625,4433,1
659,298481,192101,191988,180235,11753,113,106380,45940,1,129936,108154,298,107856,85134,9117,97237,21371,3288,385,81,4388,17394,176016,143642,124442,19200,13739,3027,2434,13357,3703,505,8953,196,0,720,7616,1782,8899,1
660,27622,14932,14907,13992,915,25,12690,45980,2,11601,7818,132,7686,5721,1547,5478,1728,1340,184,0,307,3476,13900,13127,11878,1249,1113,64,72,38,38,0,0,0,0,20,235,179,301,1
661,84376,46329,46192,44059,2133,137,38047,46020,2,40855,35231,206,35025,26659,3479,27897,6593,5372,907,165,945,4679,42907,34464,31190,3274,2531,481,262,151,151,0,0,0,0,318,1199,922,5853,1
662,834998,486131,479760,446383,33377,6371,348867,46060,1,404739,347028,1468,345560,284515,49479,278502,53668,26555,3470,1037,10800,46911,442389,384105,339953,44152,32225,7236,4691,10109,9677,40,46,335,11,6583,10013,7515,24064,1
663,83243,48155,47991,45940,2051,164,35088,46100,2,40564,28919,173,28746,22826,5498,20738,4808,3599,661,50,2595,9050,45167,42247,38366,3881,3003,438,440,24,6,0,18,0,0,51,911,153,1781,1
664,772364,493866,493155,466764,26391,711,278498,46140,1,382217,315220,1013,314207,265920,51338,244388,40433,28920,4092,455,9923,57074,459388,424732,380533,44199,34707,5658,3834,2168,2054,10,44,20,40,888,5738,6781,19081,1
665,128924,76210,76086,71857,4229,124,52714,46180,2,60680,43816,119,43697,37130,13885,26128,5149,6157,932,33,2673,14191,70735,68005,61687,6318,4672,1060,586,41,41,0,0,0,0,25,435,798,1431,1
666,203280,116128,115982,108435,7547,146,87152,46220,1,88699,68454,150,68304,59653,13961,49275,7307,7807,896,47,2862,17383,106708,100618,90994,9624,7648,1277,699,531,493,22,9,7,0,257,1159,516,3627,1
667,80891,53130,53072,51292,1780,58,27761,46300,1,39168,32128,232,31896,24821,5104,22826,5551,4704,1149,93,1292,5748,50265,45956,41005,4951,3925,820,206,158,141,0,17,0,0,123,1152,464,2412,1
668,177448,107802,107668,101856,5812,134,69646,46340,1,77678,62839,131,62708,49016,16490,41208,11208,7233,1527,227,2159,12680,100354,92652,83605,9047,6084,2008,955,360,360,0,0,0,0,450,915,1151,4826,1
669,70884,41349,41260,37689,3571,89,29535,46380,2,34408,28141,248,27893,20538,3354,19234,5160,5666,1801,134,821,5446,36446,30220,26446,3774,2720,538,516,108,108,0,0,0,0,235,2280,252,3351,1
670,22267,12680,12621,11760,861,59,9587,46420,2,11432,7608,31,7577,5929,2171,4569,1335,1022,265,14,331,3493,11470,11005,9870,1135,810,204,121,11,11,0,0,0,0,8,119,113,214,1
671,24464,13643,13593,12851,742,50,10821,46460,2,12717,9664,58,9606,7945,1890,6807,1297,1088,247,0,320,2733,12615,11895,10964,931,738,115,78,27,11,16,0,0,0,0,235,126,332,1
672,31345,19395,19387,18419,968,8,11950,46500,2,15159,12740,62,12678,10116,1992,9794,2280,1088,125,13,426,1993,17769,16816,14926,1890,1785,77,28,0,0,0,0,0,0,19,381,94,459,1
673,797370,531051,490262,470749,19513,40789,266319,46520,1,312795,271474,690,270784,227479,25974,240962,41018,9316,464,219,8453,32868,500034,394225,323443,70782,51165,12372,7245,40274,40089,114,21,36,14,4676,27287,13519,20053,1
674,237430,138304,137843,131071,6772,461,99126,46540,1,114253,92672,621,92051,67460,11449,76813,22474,4639,952,204,3330,18251,128193,115475,104857,10618,8102,1392,1124,1166,1080,56,4,10,16,122,4676,1112,5642,1
675,20669,11831,11814,11188,626,17,8838,46620,2,8841,5851,88,5763,3781,979,4299,1670,605,165,11,456,2534,11037,10403,8762,1641,1132,277,232,0,0,0,0,0,0,38,152,135,309,1
676,114202,66631,63361,59240,4121,3270,47571,46660,1,52892,34533,140,34393,25148,5141,27212,7896,3623,654,44,5636,12723,61463,57367,51812,5555,4317,865,373,199,179,0,5,15,0,105,1435,805,1552,1
677,353910,223788,220169,206978,13191,3619,130122,46700,1,149865,135975,325,135650,116680,16043,113829,16479,11842,1042,260,2534,11356,205287,184262,157069,27193,17692,5542,3959,6552,2979,1250,736,13,1574,692,2437,2109,9235,1
678,22433,14221,14221,13664,557,0,8212,46780,2,11544,8898,95,8803,7024,881,6847,1487,1278,179,9,331,2315,13490,12756,11826,930,699,134,97,28,28,0,0,0,0,0,214,223,269,1
679,11806,8283,8266,7840,426,17,3523,46820,2,5233,4588,3,4585,3450,412,3797,1033,374,49,13,210,435,7323,5676,5083,593,438,115,40,65,65,0,0,0,0,142,926,23,491,1
680,25417,16266,16231,14911,1320,35,9151,46860,2,10569,8916,105,8811,7584,1247,6845,1020,809,134,7,291,1362,14657,13583,11309,2274,1313,301,660,54,54,0,0,0,0,56,305,98,561,1
681,10313,6538,6519,6153,366,19,3775,46900,2,5180,3399,0,3399,2557,612,2460,761,497,42,0,343,1438,6089,5877,4803,1074,838,100,136,3,3,0,0,0,0,11,87,46,65,1
682,36624,20753,20678,19363,1315,75,15871,46980,2,18235,13677,74,13603,11748,3338,9041,1531,1867,146,46,761,3797,19136,18393,16646,1747,1247,211,289,47,47,0,0,0,0,14,171,288,223,1
683,77398,47962,47938,45233,2705,24,29436,47020,1,34982,24766,124,24642,16422,3249,18901,7112,3214,649,154,2219,7997,44669,41108,35551,5557,4219,793,545,439,439,0,0,0,0,141,732,267,1982,1
684,28050,15360,15346,14007,1339,14,12690,47080,2,13127,9540,58,9482,7132,2464,6086,1932,1221,257,37,357,3230,13546,12859,11314,1545,1228,210,107,57,45,12,0,0,0,39,243,128,220,1
685,30139,18998,18998,18220,778,0,11141,47180,2,15038,12010,71,11939,9328,1978,9245,2315,765,105,29,231,2797,17778,16575,15315,1260,981,195,84,66,66,0,0,0,0,105,432,262,338,1
686,119686,66521,66476,61596,4880,45,53165,47220,1,50729,39753,167,39586,25702,3945,34605,13029,2101,286,64,1993,8983,60362,55679,48628,7051,5130,1109,812,960,872,24,28,19,17,134,1074,1044,1471,1
687,14535,9050,9041,8730,311,9,5485,47240,2,6765,5353,6,5347,3972,406,4761,1239,286,122,0,556,856,8372,6596,6158,438,368,46,24,96,62,5,12,6,11,203,292,141,1044,1
688,1414928,944898,862878,814519,48359,82020,470030,47260,1,663821,564655,1756,562899,470055,72855,472672,86068,29335,2712,343,24030,75136,880062,788826,715715,73111,57663,9433,6015,13431,12539,399,171,246,76,3395,28826,12282,33302,1
689,334664,197822,197528,178687,18841,294,136842,47300,1,138238,107781,418,107363,83875,25077,73123,19773,12490,2349,332,3943,26514,173640,160561,137084,23477,15043,3581,4853,1192,1147,0,20,25,0,660,2512,2368,6347,1
690,25650,15434,15415,14712,703,19,10216,47340,2,12862,9745,135,9610,7016,1577,7032,2247,1228,273,18,820,2297,14341,13144,12359,785,608,69,108,100,100,0,0,0,0,0,625,90,382,1
691,209758,126048,125818,120521,5297,230,83710,47380,1,95253,73438,297,73141,58166,13387,54494,12700,7021,1230,217,4878,16937,118971,110256,98428,11828,9019,1586,1223,472,430,42,0,0,0,255,2508,1227,4253,1
692,18159,12018,12004,11661,343,14,6141,47420,2,9595,7661,49,7612,5890,750,6416,1552,716,105,5,362,1572,11469,10258,9207,1051,772,156,123,29,27,0,0,0,2,20,384,107,671,1
693,48957,27986,27963,26646,1317,23,20971,47460,1,22646,19291,39,19252,14777,2032,15919,3851,1586,313,82,811,2544,26080,22024,18981,3043,2220,451,372,223,223,0,0,0,0,254,1878,231,1470,1
694,36050,24158,24157,23435,722,1,11892,47540,2,18888,16174,109,16065,12578,1360,13333,3088,1367,319,9,340,2374,23216,21731,20316,1415,1159,163,93,78,68,0,0,10,0,63,485,130,729,1
695,140373,90615,87926,81988,5938,2689,49758,47580,1,67192,55307,93,55214,44911,7277,45808,9409,4971,391,25,1852,10033,83056,78972,70655,8317,7039,840,438,215,207,8,0,0,0,229,848,972,1820,1
696,33022,19137,19132,18266,866,5,13885,47620,2,17115,13267,163,13104,8735,1674,10618,3824,1143,293,19,651,3197,17845,16304,14519,1785,1556,136,93,87,87,0,0,0,0,37,643,178,596,1
697,254173,136282,136149,127982,8167,133,117891,28700,1,128074,97482,559,96923,72751,12332,80185,21662,5847,1314,135,4119,26473,125563,117495,107769,9726,7873,1382,471,273,235,17,0,21,0,138,1632,1624,4401,1
698,150819,92003,91872,87223,4649,131,58816,28740,1,69320,59981,302,59679,40917,4177,53810,17565,2547,611,90,1535,7804,85533,71979,65653,6326,5316,509,501,2195,1095,561,532,0,7,233,3325,997,6804,1
699,24828,14875,14261,13065,1196,614,9953,28780,2,11152,8165,25,8140,7195,2056,5801,787,522,59,3,560,2427,13417,12215,10630,1585,1213,240,132,0,0,0,0,0,0,0,800,184,218,1
700,45461,25966,25795,22856,2939,171,19495,28820,2,23148,17684,242,17442,14541,4368,11808,2326,1675,228,39,850,4614,22447,21302,18125,3177,2432,181,564,156,122,0,0,0,34,84,270,241,394,1
701,24697,13293,13257,12542,715,36,11404,28860,2,10733,7861,33,7828,5788,1042,6205,1790,753,102,10,550,2322,12395,11274,9840,1434,944,249,241,30,27,0,0,0,3,37,370,97,587,1
702,53969,29047,28682,26347,2335,365,24922,28900,2,27886,22464,121,22343,16759,2890,17128,4303,2761,831,173,780,4642,26196,23718,21441,2277,1736,303,238,150,135,0,0,0,15,92,545,244,1447,1
703,697332,420558,419809,399309,20500,749,276774,28940,1,341209,272750,721,272029,194712,34240,226297,71758,17480,2877,403,10198,58261,392829,361683,330638,31045,24902,4230,1913,1985,1750,18,106,12,99,606,5412,2827,20316,1
704,211797,141491,141331,133538,7793,160,70306,28020,1,103445,90168,348,89820,75229,10727,75646,13255,5087,704,109,3436,9841,130681,117785,107826,9959,7961,1238,760,2221,2207,10,4,0,0,628,3889,930,5228,1
705,80383,50102,50098,48363,1735,4,30281,28060,2,38773,32903,328,32575,23756,3998,26843,8021,2528,453,56,871,4999,47648,41305,38227,3078,2211,503,364,300,300,0,0,0,0,309,1314,566,3854,1
706,88183,53770,53738,50949,2789,32,34413,28100,1,39796,31040,92,30948,25014,3042,25279,4951,3726,552,76,1303,7453,50062,45206,40989,4217,3294,361,562,793,616,31,146,0,0,139,1121,1059,1744,1
707,1664934,1135846,1131796,1087278,44518,4050,529088,28140,1,830500,707660,2576,705084,590190,85281,591245,103190,44237,5563,678,26506,96334,1072695,981429,897400,84029,65428,10689,7912,9488,8986,77,46,255,124,1586,13367,8903,57922,1
708,57623,38043,37903,36460,1443,140,19580,28180,2,22658,19360,190,19170,15141,2932,15723,3592,715,285,31,518,2780,35697,31673,28107,3566,2507,565,494,219,216,0,3,0,0,103,670,347,2685,1
709,43860,31640,31607,30759,848,33,12220,28260,2,21728,18261,86,18175,14344,2190,14439,3213,1958,460,46,666,2801,30259,27803,25158,2645,1823,392,430,58,58,0,0,0,0,191,857,312,1038,1
710,64043,41290,41286,39891,1395,4,22753,28300,2,30141,25458,198,25260,17959,1862,22189,6587,1763,331,33,801,3882,39297,33441,30227,3214,2495,512,207,103,50,24,29,0,0,269,1238,508,3738,1
711,36993,23953,23900,22957,943,53,13040,28340,2,18276,14770,198,14572,12369,3713,8994,1605,2090,470,23,338,3168,22584,21112,18734,2378,1656,298,424,25,25,0,0,0,0,115,341,284,707,1
712,23225,12493,12482,11630,852,11,10732,28380,2,12342,9145,19,9126,7201,1631,6505,1601,1271,264,14,366,2831,11375,10476,8920,1556,1075,313,168,34,20,0,0,14,0,81,314,91,379,1
713,215424,136402,136183,128872,7311,219,79022,28420,1,98844,84312,450,83862,65979,9434,68967,14969,8516,1252,437,4298,10234,126231,116926,101864,15062,9451,1774,3837,826,825,1,0,0,0,327,1548,1166,5438,1
714,42993,23551,23548,22320,1228,3,19442,28500,2,21403,17946,168,17778,14111,3098,13306,3190,1660,309,83,670,2787,21747,19914,17101,2813,2033,560,220,8,8,0,0,0,0,53,451,158,1163,1
715,11098,7772,7564,7116,448,208,3326,28540,2,5397,4587,13,4574,3725,524,3965,765,113,12,7,220,590,7104,5886,4605,1281,990,182,109,273,182,0,0,0,91,13,537,204,191,1
716,65747,42410,41242,40056,1186,1168,23337,28580,2,32068,26838,27,26811,17220,2035,23978,9131,1742,120,39,1569,3661,40537,30819,27891,2928,2375,453,100,398,236,11,32,0,119,2791,1910,2031,2588,1
717,30068,19354,19255,18416,839,99,10714,28620,2,15529,14095,14,14081,10346,909,12661,3389,1208,174,0,293,1141,18016,15650,13882,1768,1413,88,267,9,9,0,0,0,0,184,421,254,1498,1
718,337734,214896,188463,174114,14349,26433,122838,28660,1,152818,129647,240,129407,88782,20583,101914,37508,11069,1496,109,4283,18888,195807,178159,155889,22270,16559,3667,2044,824,715,14,32,38,25,426,6055,1905,8438,1
719,66053,39150,39084,37078,2006,66,26903,29020,1,34701,27547,133,27414,20834,3390,22530,5894,2189,391,59,1504,5650,36380,33861,30388,3473,2913,366,194,163,102,0,0,61,0,96,464,358,1438,1
720,51021,32661,32626,31344,1282,35,18360,29060,2,25052,21815,140,21675,16184,1493,19555,5139,1150,179,18,695,2542,30807,27608,24690,2918,2376,363,179,49,49,0,0,0,0,90,754,487,1819,1
721,112175,75369,75282,72779,2503,87,36806,29100,1,55771,47256,326,46930,35028,4465,40860,10862,3626,318,36,1560,6955,71704,63387,57980,5407,4164,943,300,528,524,0,0,0,4,858,3143,768,3020,1
722,381624,237122,236962,221455,15507,160,144502,29180,1,181798,147734,319,147415,118016,21616,119092,26467,10818,1620,317,4158,29906,217978,202682,184782,17900,13061,2937,1902,1079,1073,0,0,6,0,978,4222,2462,6555,1
723,186005,119312,119180,114447,4733,132,66693,29200,1,85317,71016,314,70702,56401,9508,56911,12507,5286,989,261,4606,9695,110576,95503,84969,10534,8747,1199,588,2885,2856,0,17,12,0,1258,6680,900,3350,1
724,21221,12492,12459,11726,733,33,8729,29260,2,10708,8780,101,8679,6649,1169,6558,1583,962,272,64,324,1604,11333,9719,8607,1112,973,77,62,31,27,0,0,0,4,98,720,73,692,1
725,81672,47288,47155,44502,2653,133,34384,29300,2,38376,27692,122,27570,21522,4603,20294,4488,3174,536,265,1003,9681,43406,41237,36572,4665,3602,806,257,54,54,0,0,0,0,0,510,777,828,1
726,162066,98673,98601,93110,5491,72,63393,29340,1,80514,60629,88,60541,46266,8015,49791,13008,4951,593,144,2506,17379,91835,86400,78833,7567,5863,1225,479,388,386,0,0,2,0,240,1436,1154,2217,1
727,56542,29083,29040,26530,2510,43,27459,29380,2,25133,19858,115,19743,16484,4552,12552,2616,2770,382,100,957,4318,25974,24325,20904,3421,2848,466,107,23,9,14,0,0,0,139,198,257,1032,1
728,175830,79369,79309,72932,6377,60,96461,29420,1,86889,69995,439,69556,49428,8814,54768,16871,8218,1604,343,2036,14858,71243,65011,56329,8682,6952,1204,526,704,676,0,0,0,28,112,751,1466,3199,1
729,550530,303665,303249,285305,17944,416,246865,29460,1,235283,166127,1039,165088,127470,21318,137276,33668,10872,1921,179,26770,42386,281139,260788,234448,26340,20398,3681,2261,1476,1428,35,7,6,0,1002,2703,3815,11355,1
730,9947,4764,4764,4489,275,0,5183,29500,2,4322,2998,23,2975,2491,735,2019,383,452,65,0,213,1111,4299,3968,3302,666,532,60,74,0,0,0,0,0,0,0,104,44,183,1
731,427196,282885,282671,272111,10560,214,144311,29540,1,201620,159934,1386,158548,123311,15917,137659,32358,6888,1107,270,9011,32675,267221,235043,208063,26980,17563,4205,5212,3177,2365,24,773,0,15,1968,10538,2942,13553,1
732,447654,283591,283334,267490,15844,257,164063,29620,1,214641,178381,966,177415,138498,22439,144317,34315,14609,2536,360,7207,29053,260984,231426,207970,23456,18715,2773,1968,5896,5876,0,0,2,18,2463,8633,2077,10489,1
733,32724,22381,22341,21328,1013,40,10343,29660,2,15944,13809,34,13775,11468,1262,11462,1944,1092,227,46,863,1272,20741,16563,14725,1838,1345,382,111,284,284,0,0,0,0,873,2037,98,886,1
734,192461,115090,115028,109409,5619,62,77371,29700,1,74789,50351,304,50047,36179,5740,42739,12843,3159,359,70,2644,21794,108124,100518,88263,12255,8864,1888,1503,1274,1189,5,67,13,0,97,1675,1517,3043,1
735,168734,96375,95667,88305,7362,708,72359,29740,1,77842,57063,201,56862,47750,7520,45870,7836,4860,486,178,3177,17602,88174,80504,70923,9581,6147,2184,1250,391,381,10,0,0,0,672,1983,759,3865,1
736,27416,12089,12089,11071,1018,0,15327,29780,2,13322,7554,20,7534,5871,1833,4667,1045,1327,385,0,531,5237,10884,9127,7819,1308,1115,114,79,91,91,0,0,0,0,103,562,105,896,1
737,1727250,1109385,1102465,1031774,70691,6920,617865,29820,1,783524,651276,2409,648867,525014,73309,557204,113768,48540,3571,498,26565,105683,1018288,902254,802144,100110,77408,13100,9602,34323,33825,263,32,149,54,2675,14806,21929,42301,1
738,65909,36794,36793,34853,1940,1,29115,29860,2,31487,17371,349,17022,11577,3817,11032,4130,2693,1152,10,1174,12942,34318,32776,30040,2736,1951,369,416,37,37,0,0,0,0,0,553,624,328,1
739,27760,13741,13741,12113,1628,0,14019,29900,2,12922,8009,85,7924,5296,1581,5717,2247,692,226,48,392,4521,11704,11289,10140,1149,870,168,111,27,27,0,0,0,0,25,147,63,153,1
740,100418,71344,71171,68190,2981,173,29074,29940,1,46936,41296,125,41171,35097,4024,34970,5366,3101,354,176,1689,3951,67000,57929,52083,5846,4409,764,673,1379,1369,10,0,0,0,587,3558,614,2933,1
741,33761,18290,18281,16807,1474,9,15471,29980,2,15960,11525,53,11472,9464,2578,7358,1446,1783,446,6,530,3905,16399,15188,13785,1403,1059,156,188,16,16,0,0,0,0,0,351,309,535,1
742,100608,63523,54439,50358,4081,9084,37085,30020,1,45037,37867,111,37756,32899,8180,26706,4018,3792,451,99,1357,5813,57581,48208,41786,6422,5119,693,610,684,684,0,0,0,0,81,1251,658,6699,1
743,27755,16619,16538,15475,1063,81,11136,30060,2,14112,10413,126,10287,7783,2759,6170,1883,1599,471,61,687,3012,15395,14550,12689,1861,1516,164,181,0,0,0,0,0,0,0,195,192,458,1
744,183587,114565,114498,110764,3734,67,69022,30100,2,88632,73378,661,72717,44165,5655,63241,25899,4576,1449,144,3806,11448,108318,93988,83522,10466,8299,1430,737,947,873,60,12,2,0,597,5172,1429,6185,1
745,111299,71791,71594,68411,3183,197,39508,30140,1,53579,43261,278,42983,33804,5275,36229,8529,2514,295,63,1538,8780,67294,61339,55066,6273,4884,923,466,593,542,0,51,0,0,105,2341,441,2475,1
746,17628,11004,11000,10174,826,4,6624,30220,2,7997,6100,35,6065,5339,1199,4370,457,1054,100,20,226,1671,9991,9402,7566,1836,1285,269,282,10,10,0,0,0,0,11,206,92,270,1
747,38203,18599,18593,17908,685,6,19604,30260,2,14533,10881,177,10704,7543,970,9236,2776,766,221,10,364,3288,17684,14696,13013,1683,1254,202,227,38,38,0,0,0,0,297,1338,114,1201,1
748,26216,15880,15875,14927,948,5,10336,30280,2,12324,9497,66,9431,8127,1869,6817,1127,1050,100,45,398,2429,14474,13904,12859,1045,791,113,141,21,21,0,0,0,0,0,66,51,432,1
749,51014,30393,30367,28923,1444,26,20621,30300,1,25485,20601,269,20332,15905,2915,15700,3599,2009,512,107,677,4207,28398,25365,23109,2256,1709,287,260,87,83,4,0,0,0,136,841,358,1611,1
750,86746,56822,56789,54573,2216,33,29924,30340,1,45630,37510,247,37263,27722,2814,33474,9015,1254,144,154,1619,6501,53112,48165,42130,6035,4320,1098,617,80,80,0,0,0,0,167,1895,457,2348,1
751,37148,22153,22149,21379,770,4,14995,30380,2,19043,13583,141,13442,10239,1671,11063,2867,931,174,13,521,4939,21106,19354,16825,2529,1589,200,740,9,9,0,0,0,0,0,506,328,909,1
752,19762,13616,13608,13149,459,8,6146,30420,2,9907,7886,29,7857,6501,1708,5488,1117,876,184,8,333,1688,12985,12225,10154,2071,1229,529,313,38,36,2,0,0,0,7,259,72,384,1
753,410171,272456,272123,258636,13487,333,137715,30460,1,202126,172360,467,171893,145065,22652,143283,24415,11228,1124,158,6222,23544,253618,226290,202726,23564,19223,2805,1536,3333,3257,40,0,0,36,1097,7962,3345,11591,1
754,15841,11437,11437,10870,567,0,4404,30580,2,7321,6045,17,6028,5405,1845,3787,556,486,50,0,85,1191,10768,9955,7714,2241,1377,437,427,30,7,0,0,23,0,20,294,125,344,1
755,82102,51065,51052,48319,2733,13,31037,30620,1,40650,33138,192,32946,24852,3782,27773,7288,2203,364,68,1403,6109,47375,44303,40709,3594,3139,352,103,325,321,4,0,0,0,24,724,670,1329,1
756,24117,13168,13164,12426,738,4,10949,30660,2,10797,8370,51,8319,6552,1174,6330,1372,762,108,0,437,1990,12211,11094,9806,1288,903,149,236,52,52,0,0,0,0,77,359,30,599,1
757,262474,187407,186889,180953,5936,518,75067,30700,1,130924,114955,422,114533,93183,10559,99798,19399,6949,995,195,3273,12696,179003,161521,145574,15947,12303,2385,1259,2048,1991,24,0,10,23,1909,5896,1092,6537,1
758,582519,363253,359393,344126,15267,3860,219266,30780,1,284127,226605,959,225646,181804,40560,169665,36885,24803,4672,189,10680,46842,343281,320504,287893,32611,24774,4615,3222,1744,1625,62,4,42,11,524,4584,3883,12042,1
759,31915,18950,18944,17883,1061,6,12965,30820,2,14690,11417,143,11274,8151,1084,9554,2705,695,233,43,456,2817,17492,15605,13687,1918,1432,253,233,37,34,0,0,3,0,34,931,332,553,1
760,99842,68472,68439,66735,1704,33,31370,30860,1,42790,37687,157,37530,27916,3796,29683,8132,4945,1191,36,2033,3070,65851,56512,48932,7580,5282,1236,1062,1362,1317,5,28,12,0,955,2343,636,4043,1
761,30214,18595,18595,17738,857,0,11619,30900,2,14688,11193,24,11169,8436,1767,8100,2179,1430,330,34,520,2975,17396,16532,14545,1987,1540,298,149,84,84,0,0,0,0,19,231,162,368,1
762,117568,56103,55963,52090,3873,140,61465,30940,2,54776,37363,240,37123,26788,4287,30524,8887,3393,822,6,2214,15199,51160,48325,43109,5216,4150,684,382,42,42,0,0,0,0,24,957,302,1510,1
763,222067,128518,128348,121441,6907,170,93549,30980,1,100968,75021,727,74294,61403,19239,48601,10446,10134,1420,249,4027,21920,119782,112232,101234,10998,8205,1814,979,104,96,0,0,0,8,49,1928,1156,4313,1
764,85037,47862,47842,44679,3163,20,37175,31020,1,41952,34902,258,34644,27295,4093,27389,6249,4041,754,60,1206,5844,43638,40079,35770,4309,3104,799,406,96,96,0,0,0,0,227,885,283,2068,1
765,14864,10156,10138,9792,346,18,4708,31060,2,7931,7177,72,7105,5435,423,6226,1334,557,208,41,167,587,9666,8237,7549,688,630,14,44,332,324,0,0,0,8,255,345,144,353,1
766,10672276,6924748,6918625,6522014,396611,6123,3747528,31080,1,4354287,3748328,12651,3735677,3060794,401761,3195514,597914,325804,30915,6404,115069,490890,6373454,5390117,4783853,606264,459950,85245,61069,309975,258556,28589,17075,4707,1048,47612,159110,98219,368421,1
767,1005538,655549,654640,621852,32788,909,349989,31140,1,491443,403972,1240,402732,336644,54796,329822,59202,29766,3512,390,15320,72151,610468,552511,500706,51805,41683,6325,3797,11195,11035,2,16,71,71,1339,9757,7837,27829,1
768,248255,161077,160799,154586,6213,278,87178,31180,1,117703,93961,441,93520,78113,13367,75503,13681,9218,942,132,6225,17517,152661,141697,122232,19465,15662,2472,1331,1215,1164,0,0,27,24,540,3196,1286,4727,1
769,23723,13435,13417,12825,592,18,10288,31220,2,12186,9360,72,9288,6647,1568,6368,2020,1361,407,102,561,2265,12626,11777,10259,1518,1251,151,116,15,15,0,0,0,0,5,316,109,404,1
770,67358,39169,39122,36525,2597,47,28189,31260,2,31035,25653,119,25534,20937,4262,19527,4027,1996,228,51,710,4672,35888,33736,28876,4860,3661,699,500,99,99,0,0,0,0,19,676,321,1037,1
771,103205,52202,52099,48621,3478,103,51003,31300,2,45927,27189,67,27122,17683,5349,19217,7663,3103,956,261,1141,17597,47986,46304,41706,4598,2914,646,1038,110,98,0,0,7,5,12,362,435,763,1
772,216185,127835,127684,121892,5792,151,88350,31340,1,100912,76505,608,75897,59399,14836,51455,11924,10847,3395,288,3455,20952,119561,108471,97499,10972,9047,1387,538,1133,1082,8,12,0,31,154,2746,1866,5191,1
773,25802,14653,14643,13558,1085,10,11149,31380,2,11408,8621,44,8577,6412,1072,7089,1943,603,75,40,360,2427,13223,11326,10033,1293,1042,224,27,183,183,0,0,0,0,58,984,164,508,1
774,182038,102105,101823,94743,7080,282,79933,31420,1,86131,65163,337,64826,46739,9753,51742,16228,5589,894,100,2494,18474,92777,86433,77807,8626,6493,1111,1022,724,698,18,8,0,0,77,1681,1045,2817,1
775,117569,63913,63822,58268,5554,91,53656,31460,1,44881,35975,136,35839,29590,7390,26414,5313,3196,442,70,1276,7630,54942,49655,42077,7578,5066,1208,1304,264,209,8,0,9,38,128,934,1957,2004,1
776,26472,14989,14989,14357,632,0,11483,31500,2,12632,9643,31,9612,7595,1504,7037,1529,1297,323,70,550,2439,14161,12896,11857,1039,800,172,67,17,15,0,2,0,0,0,505,156,587,1
777,532567,382317,381526,371617,9909,791,150250,31540,1,271938,237821,1338,236483,189572,20862,205351,42831,15916,2046,353,9859,24258,366510,302569,275055,27514,22299,2999,2216,15646,15456,57,87,18,28,8118,18161,3370,18646,1
778,36061,19964,19938,18846,1092,26,16097,31580,2,18588,13712,206,13506,10207,2247,10071,2523,1965,322,2,627,4249,18548,17626,16612,1014,731,105,178,58,58,0,0,0,0,0,209,266,389,1
779,19430,10034,10034,8944,1090,0,9396,31620,2,8562,5371,20,5351,4458,1550,2998,594,1023,150,1,427,2764,8826,8137,7491,646,528,68,50,12,12,0,0,0,0,21,547,15,94,1
780,41669,20858,20848,19380,1468,10,20811,31660,2,19015,14162,107,14055,9474,1970,11059,3730,1518,422,9,810,4043,18859,16704,14829,1875,1494,236,145,170,158,2,0,3,7,45,731,161,1048,1
781,27540,13980,13968,13127,841,12,13560,31680,2,12599,8175,9,8166,6539,2398,4466,1046,1638,402,9,459,3965,12983,12345,10807,1538,1228,148,162,26,26,0,0,0,0,0,344,45,223,1
782,338329,237135,236674,227110,9564,461,101194,31700,1,161086,145040,671,144369,115287,11590,130095,27392,4250,589,74,3330,12716,222739,199307,181344,17963,13902,2511,1550,2263,1787,55,284,91,46,324,4658,1889,14298,1
783,105579,74519,62756,59591,3165,11763,31060,31740,1,47872,41498,123,41375,34551,4678,35081,6077,2583,286,195,1848,4526,70275,60665,53620,7045,5494,917,634,210,210,0,0,0,0,890,4508,711,3291,1
784,64901,41750,41685,40604,1081,65,23151,31820,2,34563,27716,310,27406,18643,3627,21320,7621,2992,846,60,931,5916,40183,36661,33968,2693,1994,396,303,229,204,0,18,0,7,293,882,346,1772,1
785,82280,59478,59392,57263,2129,86,22802,31860,1,38976,33252,181,33071,25015,3554,27854,7138,2246,353,81,1401,4323,55440,47950,43989,3961,2870,613,478,778,735,2,2,9,30,302,1855,403,4152,1
786,97923,55338,55180,52254,2926,158,42585,31900,1,48449,37450,250,37200,28063,4316,31518,8301,2310,292,110,1599,9400,51512,48225,43717,4508,3465,562,481,485,457,28,0,0,0,130,681,338,1653,1
787,49998,28275,28247,27110,1137,28,21723,31930,2,25197,18627,159,18468,12446,2623,13923,4936,2213,812,52,946,5624,26670,24269,22070,2199,1905,172,122,138,128,0,0,0,10,103,1016,88,1056,1
788,53198,30965,30949,29587,1362,16,22233,31940,2,29100,22562,250,22312,16322,4127,15332,4704,3224,923,42,899,5639,28996,26716,24003,2713,2259,250,204,66,64,0,0,2,0,137,741,340,996,1
789,54276,31343,31332,29082,2250,11,22933,31980,2,26372,19162,195,18967,14098,3699,13802,4015,1988,427,86,2128,5082,28501,24644,22278,2366,1933,181,252,53,53,0,0,0,0,52,1956,356,1440,1
790,604559,352862,352489,328097,24392,373,251697,32580,1,238345,163646,511,163135,127026,40144,110337,27380,20581,5488,246,10115,64584,321731,285092,257310,27782,19135,5738,2909,1137,919,0,65,153,0,420,3409,13044,18629,1
791,30450,14690,14690,13966,724,0,15760,32620,2,14404,8210,75,8135,5762,1872,5330,2030,1371,147,7,584,5610,13771,13177,11939,1238,1000,140,98,47,47,0,0,0,0,4,131,230,182,1
792,32208,18169,18148,17231,917,21,14039,32660,2,15727,11082,79,11003,8734,1748,8954,2049,458,74,5,642,4003,16937,16136,14676,1460,1065,245,150,3,3,0,0,0,0,2,223,59,514,1
793,22965,15177,15125,14832,293,52,7788,32700,2,12334,10030,42,9988,8127,1445,7769,1632,834,116,48,533,1771,14548,13119,12104,1015,694,237,84,10,10,0,0,0,0,42,706,166,505,1
794,69856,40619,40548,38398,2150,71,29237,32740,2,35164,27660,334,27326,19587,3762,22239,6762,1872,540,62,812,6692,37750,33247,29273,3974,2856,498,620,182,175,0,0,7,0,114,2148,394,1665,1
795,176884,101463,101344,95367,5977,119,75421,32780,1,88241,75051,460,74591,58453,8616,60346,13658,7123,1334,156,3338,9852,93137,80174,71135,9039,7156,1204,679,958,935,9,0,0,14,1153,2600,796,7456,1
796,1043136,668970,666725,621222,45503,2245,374166,32820,1,497232,381307,1488,379819,317002,65824,293930,54257,35616,4272,921,15887,100038,613085,574793,518612,56181,44071,7299,4811,4688,4372,95,97,96,28,611,6196,6635,20162,1
797,36801,24404,24395,23564,831,9,12397,32860,2,16859,13929,173,13756,10947,2023,10592,2358,1481,242,17,655,2275,22977,19683,18132,1551,1306,136,109,24,24,0,0,0,0,265,1472,150,1383,1
798,199752,119232,119120,104983,14137,112,80520,32900,1,80008,67516,387,67129,57352,13913,48558,8297,6199,850,108,1755,10737,100895,89287,79793,9494,6068,1743,1683,1177,1077,45,31,24,0,463,2378,4025,3565,1
799,81160,44400,43355,40770,2585,1045,36760,32940,2,39584,27022,134,26888,22337,6531,18152,3896,3029,414,0,2137,10425,41200,38686,34486,4200,3139,545,516,8,8,0,0,0,0,21,849,1039,597,1
800,37089,19844,19831,18707,1124,13,17245,32000,2,18173,13354,33,13321,10255,2300,9272,2278,2135,566,16,535,4284,18248,17319,15344,1975,1744,200,31,6,6,0,0,0,0,0,137,125,661,1
801,52912,28550,28517,26631,1886,33,24362,32020,2,24737,19689,106,19583,15450,3576,14726,3698,1763,201,22,589,4459,26011,24252,21294,2958,2343,433,182,258,245,0,0,13,0,29,349,271,852,1
802,55956,32573,32388,30540,1848,185,23383,32100,2,26552,21406,59,21347,16050,2501,17604,4771,1314,322,8,1496,3650,29906,26567,23885,2682,1866,616,200,132,132,0,0,0,0,279,1699,195,1034,1
803,19930,13895,13895,13437,458,0,6035,32140,2,10018,8439,67,8372,6542,969,6459,1553,1122,192,13,370,1209,13241,11707,10489,1218,947,157,114,51,51,0,0,0,0,101,527,121,734,1
804,18279,10814,10813,10449,364,1,7465,32180,2,8272,6502,52,6450,4922,1042,4620,1211,915,165,14,264,1506,10300,9324,8033,1291,1038,110,143,7,7,0,0,0,0,15,261,128,565,1
805,30961,19903,19903,18901,1002,0,11058,32260,2,15419,11936,133,11803,8512,2057,8951,2802,1070,213,77,483,3000,18572,17190,14205,2985,2429,333,223,21,21,0,0,0,0,110,447,147,657,1
806,27855,15183,15165,14319,846,18,12672,32280,2,13640,9614,79,9535,7549,1553,7145,1701,972,193,17,375,3651,14158,12747,11779,968,781,145,42,29,22,0,0,7,0,52,476,567,287,1
807,52494,27121,27121,25111,2010,0,25373,32300,2,26750,19120,130,18990,13559,3261,14134,4613,2150,447,60,747,6883,24623,23311,20818,2493,2040,319,134,204,171,0,0,0,33,0,114,371,623,1
808,19264,11410,11402,11072,330,8,7854,32340,2,8395,6768,122,6646,5250,720,5488,1214,596,92,8,174,1453,10922,9839,8834,1005,795,117,93,7,7,0,0,0,0,59,487,61,469,1
809,41106,27200,27173,26070,1103,27,13906,32380,2,22413,17775,96,17679,14182,2445,14447,3076,1244,238,8,683,3955,25745,23011,21117,1894,1473,284,137,117,117,0,0,0,0,162,751,338,1366,1
810,84289,33612,33526,25386,8140,86,50677,32420,1,38645,24404,195,24209,20322,8229,15180,3542,962,223,28,827,13414,25064,23537,21380,2157,1659,188,310,294,90,53,0,151,0,68,681,107,377,1
811,29293,16691,16691,15681,1010,0,12602,32460,2,14316,10525,0,10525,8405,2510,7477,1875,987,81,33,424,3367,15422,14719,13809,910,721,106,83,46,46,0,0,0,0,0,113,227,317,1
812,13664,7660,7639,7255,384,21,6004,32500,2,6700,5003,13,4990,4195,816,3838,645,460,65,0,87,1610,7204,6690,5979,711,355,66,290,23,23,0,0,0,0,9,127,37,318,1
813,35431,18704,18622,17434,1188,82,16727,32540,2,17816,13453,42,13411,10513,4113,7816,2265,1593,475,87,572,3791,17079,15802,13979,1823,1392,261,170,16,16,0,0,0,0,23,444,147,647,1
814,20411,11444,11444,10920,524,0,8967,33020,2,9286,6916,63,6853,5533,1159,4788,955,1051,181,35,295,2075,10744,9732,8762,970,685,112,173,0,0,0,0,0,0,6,295,175,536,1
815,24513,13634,13634,12855,779,0,10879,33060,2,11847,8036,44,7992,6298,2049,4910,1235,1312,287,23,807,3004,12595,11960,10925,1035,825,146,64,39,35,2,2,0,0,16,223,119,238,1
816,4990746,3142270,3139429,2961090,178339,2841,1848476,33100,1,2127517,1737934,4806,1733128,1368262,198172,1488018,332687,129918,11704,1600,82270,307313,2910343,2531846,2266104,265742,198408,41948,25386,96485,81307,8835,4917,1197,229,16869,46121,52043,166979,1
817,89052,50768,50758,47646,3112,10,38284,33140,1,43039,34253,121,34132,22736,4226,27155,10196,3248,925,91,882,7904,46739,43000,38694,4306,3065,869,372,515,282,41,192,0,0,193,954,383,1694,1
818,21730,8409,8409,7569,840,0,13321,33180,2,10624,6723,9,6714,4582,725,5348,1745,783,186,76,391,3510,7364,6890,5831,1059,838,183,38,20,20,0,0,0,0,11,179,97,167,1
819,67563,40254,40239,38139,2100,15,27309,33220,1,34199,28693,304,28389,23077,3767,22723,4603,2223,380,47,1006,4500,37576,34965,32122,2843,2221,444,178,335,323,0,12,0,0,69,473,268,1466,1
820,128660,90807,90685,87689,2996,122,37853,33260,1,58692,49051,68,48983,39523,6319,38443,8136,4657,849,130,1542,8099,86965,82229,73768,8461,6259,1235,967,131,131,0,0,0,0,101,942,731,2831,1
821,44938,22353,22325,20616,1709,28,22585,33300,2,19165,13605,74,13531,7874,1385,11149,4952,1410,404,84,765,4795,19727,18544,17099,1445,1109,187,149,127,119,8,0,0,0,25,411,263,357,1
822,1252002,831994,831447,795714,35733,547,420008,33340,1,631092,523793,2228,521565,432889,59706,445371,80574,30855,3221,845,15763,91536,785023,696296,635362,60934,48845,6741,5348,25273,24595,104,485,47,42,3719,20404,5726,33605,1
823,31540,15469,15364,14567,797,105,16071,33380,2,16551,8207,36,8171,6242,2459,4870,1351,1240,372,1,501,7843,14446,13505,12748,757,563,149,45,54,54,0,0,0,0,18,116,121,632,1
824,22579,12702,12702,11763,939,0,9877,33420,2,10255,7785,29,7756,6450,1308,5410,954,1399,215,5,359,2111,11553,10280,9022,1258,991,93,174,39,25,0,0,14,0,79,215,232,708,1
825,2817590,2027086,2025703,1953430,72273,1383,790504,33460,1,1373979,1211239,6047,1205192,1000309,120334,1041135,185189,76510,8370,1916,36610,126130,1921266,1643456,1488717,154739,119790,19420,15529,88940,77981,3903,3033,3807,216,16165,43250,17502,111953,1
826,60493,44444,40372,39226,1146,4072,16049,33500,2,31821,27392,110,27282,22880,1682,25099,4064,1388,64,3,970,3459,42630,39651,35396,4255,3204,542,509,196,172,19,0,5,0,36,909,300,1538,1
827,97367,68285,68171,65170,3001,114,29082,33540,1,49313,42559,225,42334,33734,3908,36144,7518,3234,534,58,1444,5310,63604,52443,46446,5997,4120,1307,570,1302,1266,0,8,0,28,2648,3244,692,3275,1
828,18311,12553,12546,12301,245,7,5758,33580,2,9705,8050,27,8023,6338,873,6799,1461,613,110,2,311,1344,12092,10802,10164,638,341,180,117,188,188,0,0,0,0,17,342,236,507,1
829,20046,10979,10958,10370,588,21,9067,33620,2,8626,6632,30,6602,4716,1006,4846,1524,823,187,53,188,1806,10289,9732,8856,876,680,103,93,37,37,0,0,0,0,6,127,95,292,1
830,340683,192116,191346,180101,11245,770,148567,33660,1,162241,121742,1447,120295,99132,25095,87544,17347,11789,1576,733,5052,35447,178065,165834,153043,12791,9828,1582,1381,767,726,22,19,0,0,200,1910,1802,7552,1
831,411851,251150,250975,228175,22800,175,160701,33700,1,173898,147966,420,147546,128467,21078,116712,16037,15863,1786,255,2904,23028,221055,203005,180751,22254,15975,3888,2391,1854,1566,118,102,27,41,601,2681,2418,10496,1
832,159449,86827,86695,81524,5171,132,72622,33740,1,73870,50641,785,49856,38650,9890,35904,9245,5448,1071,223,2280,20949,80539,76111,68622,7489,5680,1108,701,760,752,0,8,0,0,267,870,672,1859,1
833,121731,73858,73808,70276,3532,50,47873,33780,1,59929,49192,386,48806,36046,5226,41022,11653,3817,577,72,2089,8648,68933,64721,59513,5208,4055,593,560,163,163,0,0,0,0,145,787,557,2560,1
834,296606,176120,173229,163145,10084,2891,120486,33860,1,144883,115217,347,114870,93746,15993,93700,18945,7407,1321,89,4411,25255,162166,152724,138396,14328,11416,1853,1059,662,657,5,0,0,0,107,2180,1150,5343,1
835,37725,21262,21262,19988,1274,0,16463,33940,2,19303,15289,164,15125,10469,2224,10846,3512,2324,615,168,464,3550,19568,17035,14959,2076,1325,482,269,61,50,0,0,0,11,87,653,170,1562,1
836,58319,33255,32539,30680,1859,716,25064,33980,2,29755,25239,70,25169,20060,2524,22058,4728,1610,157,16,873,3643,30621,27895,25176,2719,2076,317,326,156,141,11,0,0,4,189,389,461,1531,1
837,49017,30008,29966,28638,1328,42,19009,34540,2,23248,18754,147,18607,15392,3439,13675,2796,1677,216,40,421,4073,28111,24551,21789,2762,1958,384,420,202,202,0,0,0,0,94,1248,491,1525,1
838,101230,60464,59751,56470,3281,713,40766,34580,1,48493,42815,188,42627,35521,5880,34506,6219,2956,471,93,950,4728,55983,49816,44266,5550,4174,650,726,491,359,0,0,66,66,294,1356,511,3515,1
839,96541,56542,56487,52763,3724,55,39999,34620,1,46026,36241,194,36047,29676,4875,29043,5593,3456,315,86,2001,7784,51709,45124,40840,4284,3386,539,359,951,951,0,0,0,0,405,2729,758,1742,1
840,32582,19168,19132,18318,814,36,13414,34660,2,14996,12318,43,12275,8792,2381,9280,3070,1006,230,37,554,2124,17998,15589,13900,1689,1450,145,94,31,23,8,0,0,0,140,1306,173,759,1
841,33417,22221,22221,21555,666,0,11196,34700,2,16660,13297,94,13203,10368,2141,10148,2401,1114,259,23,647,2716,21051,19614,18188,1426,1163,209,54,128,128,0,0,0,0,69,309,79,852,1
842,137713,81218,81158,75858,5300,60,56495,34740,1,65939,52418,379,52039,37732,8711,40490,12850,3711,917,135,2074,11447,74646,70941,63052,7889,6213,951,725,339,336,0,3,0,0,251,795,313,2007,1
843,53611,28310,28290,26517,1773,20,25301,34780,2,26234,18172,88,18084,13209,3881,11767,3400,2897,976,100,1910,6152,26193,24188,21940,2248,1784,311,153,155,134,21,0,0,0,94,393,504,859,1
844,391969,212953,212665,200075,12590,288,179016,34820,1,187199,158505,693,157812,126615,18170,134670,27639,7619,1124,766,6554,22140,196567,178412,160340,18072,13161,2944,1967,604,459,41,17,19,68,315,2884,2631,11721,1
845,51544,30497,30497,27834,2663,0,21047,34860,2,23757,18873,138,18735,15908,4159,12507,2188,2789,487,20,725,4159,27223,25013,21541,3472,2643,452,377,58,53,0,0,0,5,85,1166,109,792,1
846,114315,74549,74472,71141,3331,77,39766,34900,1,48705,43501,121,43380,35552,3988,36403,6439,4758,798,127,1047,4157,69238,59596,52449,7147,4748,1373,1026,1201,728,37,5,5,426,791,2749,820,4081,1
847,314236,164957,164851,158452,6399,106,149279,34940,1,142979,122350,579,121771,99976,10334,108692,19685,6887,421,172,5101,15528,154198,134882,115828,19054,13377,2825,2852,2415,2343,64,8,0,0,1407,2072,2191,11231,1
848,1483677,1017812,1016347,977021,39326,1465,465865,34980,1,708788,605130,1467,603663,512245,78296,502460,82243,44868,4632,625,22243,81415,959479,864859,774979,89880,68049,13740,8091,9622,8487,64,824,212,35,1172,12674,10682,60470,1
849,40082,21145,21084,19256,1828,61,18937,34020,2,19856,14498,30,14468,11217,2200,11578,2817,1455,194,0,444,4914,18902,17813,16088,1725,1273,255,197,16,16,0,0,0,0,22,309,280,462,1
850,117948,69178,69091,64408,4683,87,48770,34060,1,51895,43639,224,43415,33176,4247,37548,9418,2292,477,53,1600,6656,63228,54751,48685,6066,5128,574,364,1387,1259,100,7,21,0,195,3528,390,2977,1
851,114399,64003,63963,59984,3979,40,50396,34100,1,53569,39886,142,39744,27852,7806,28880,10191,3748,862,112,2878,10805,58843,55083,48334,6749,5334,1065,350,148,127,0,9,0,12,59,567,576,2410,1
852,32957,21104,21078,20190,888,26,11853,34140,2,15422,13248,62,13186,10429,1196,10532,2050,1681,466,88,771,1403,19659,15160,12954,2206,1785,149,272,230,227,3,0,0,0,600,2675,185,809,1
853,70039,43435,43344,40662,2682,91,26604,34180,2,30818,25577,131,25446,20601,4314,18544,3283,3296,1024,57,869,4372,40176,35360,29579,5781,4459,708,614,260,255,0,0,0,5,106,1312,704,2434,1
854,34836,20259,20259,18685,1574,0,14577,34220,2,15505,11233,65,11168,9062,2528,8227,1770,692,136,20,401,3871,18245,16989,14447,2542,1729,273,540,265,204,8,53,0,0,11,212,337,431,1
855,35079,16824,16824,16051,773,0,18255,34260,2,18435,13989,240,13749,9172,1864,10735,3910,1645,285,48,1000,3446,15791,14779,13276,1503,1201,131,171,1,1,0,0,0,0,0,415,67,529,1
856,20606,12789,10267,9539,728,2522,7817,34300,2,10606,8839,51,8788,6591,1147,6735,1736,1024,387,30,200,1567,11942,10954,9457,1497,1064,266,167,43,11,32,0,0,0,18,222,216,489,1
857,58469,32635,32601,31291,1310,34,25834,34340,2,29153,19359,246,19113,13154,2009,16361,5295,1345,294,41,3150,6644,30747,29374,26563,2811,1781,625,405,86,78,0,0,0,8,15,283,250,739,1
858,27271,11475,11475,9827,1648,0,15796,34350,2,13816,10997,6,10991,6531,574,10028,4147,478,157,12,311,2508,9471,9019,8021,998,803,145,50,29,29,0,0,0,0,0,245,3,175,1
859,59838,36417,36412,33830,2582,5,23421,34380,2,24739,19043,75,18968,14676,3274,13708,3384,2426,528,67,2434,3262,32653,28268,25511,2757,2245,256,256,328,328,0,0,0,0,338,2077,306,1336,1
860,33999,20924,20924,19772,1152,0,13075,34420,2,15498,11085,28,11057,9543,4907,4839,855,2255,332,18,504,3909,19618,18667,16325,2342,1810,354,178,54,54,0,0,0,0,0,106,371,420,1
861,36783,20049,20038,18977,1061,11,16734,34460,2,17959,13476,71,13405,10842,3047,9310,2182,1365,244,9,451,4032,18469,17646,15235,2411,1902,334,175,0,0,0,0,0,0,0,143,107,573,1
862,30393,17336,17332,16090,1242,4,13057,34500,2,14985,12109,71,12038,10315,3296,7149,1304,1673,298,27,364,2512,15713,14446,12864,1582,1253,184,145,119,119,0,0,0,0,5,277,237,629,1
863,41139,18515,18508,16990,1518,7,22624,35020,2,18399,12873,54,12819,10319,2994,8034,1469,2607,626,42,408,5118,16524,15647,14534,1113,830,214,69,106,106,0,0,0,0,21,98,308,344,1
864,30309,14118,14118,12171,1947,0,16191,35060,2,14659,8835,62,8773,6251,1686,5533,1817,1786,550,29,571,5253,11941,11324,9907,1417,1002,344,71,78,76,0,0,0,2,23,218,78,220,1
865,101555,59212,52687,48920,3767,6525,42343,35100,1,50687,40202,283,39919,32821,4333,33839,6282,3035,333,54,981,9504,54729,50182,44220,5962,4091,1216,655,150,133,0,0,0,17,213,1186,830,2168,1
866,30829,18027,17976,16841,1135,51,12802,35140,2,14810,10060,84,9976,8328,3387,4839,1064,2084,356,64,454,4296,16616,15632,14486,1146,711,160,275,13,13,0,0,0,0,47,507,112,305,1
867,39551,21023,21014,19851,1163,9,18528,35220,2,18304,13738,119,13619,10058,2119,10424,3042,1462,289,1,817,3749,19581,18464,16629,1835,1513,219,103,11,11,0,0,0,0,47,192,130,737,1
868,71677,42252,42237,39582,2655,15,29425,35260,2,37055,29191,327,28864,21214,3317,24271,6918,1491,380,41,946,6918,38823,35941,31822,4119,3367,513,239,379,379,0,0,0,0,10,800,261,1432,1
869,704968,460033,459712,430091,29621,321,244935,35300,1,330572,276814,1616,275198,210654,24788,245157,59891,11015,1260,194,9169,44589,422610,366374,330972,35402,29172,3542,2688,16090,11697,390,3833,153,17,2322,14151,3988,19685,1
870,1015015,634716,631391,591374,40017,3325,380299,35380,1,482358,377993,916,377077,300189,49209,314901,67242,35136,3349,312,12874,91491,583340,512742,455618,57124,42990,8604,5530,15084,13345,146,84,1353,156,6410,14679,8258,26167,1
871,73768,45983,45959,44023,1936,24,27785,35420,2,36631,27814,241,27573,20562,3845,21748,6143,2388,625,33,1127,7690,43409,40285,36629,3656,2553,399,704,50,50,0,0,0,0,538,575,651,1310,1
872,41355,20309,20255,19011,1244,54,21046,35440,2,21298,17713,160,17553,12332,1856,14383,4527,1833,453,21,710,2875,18721,16081,13586,2495,2073,321,101,203,203,0,0,0,0,86,802,293,1256,1
873,29197,15214,15214,13907,1307,0,13983,35460,2,14060,8968,34,8934,6568,2992,4612,1690,1603,591,0,917,4175,13801,13140,11672,1468,1315,153,0,1,0,0,0,1,0,0,87,253,320,1
874,20407,13917,13915,13695,220,2,6490,35580,2,10764,8816,80,8736,7007,1264,6977,1545,842,56,11,226,1722,13500,11821,11080,741,433,196,112,45,45,0,0,0,0,76,464,37,1057,1
875,15599578,10097577,10090755,9533728,557027,6822,5502001,35620,1,6997001,5924277,16774,5907503,4657877,553320,5257181,1170074,222752,19498,7669,182518,890206,9322339,5178794,4587095,591699,423003,86976,81720,2970634,701542,1863202,365579,15918,24393,63217,547593,144983,417118,1
876,124155,76158,76140,71622,4518,18,47997,35660,1,63665,48141,311,47830,37261,7058,37384,9135,4766,842,132,3915,11609,70292,64185,57634,6551,5465,799,287,502,378,11,103,3,7,312,1862,868,2563,1
877,35419,18694,18587,17163,1424,107,16725,35700,2,15853,11742,51,11691,8403,1901,8610,2210,2451,392,37,467,3644,17041,15813,14491,1322,1036,108,178,134,134,0,0,0,0,20,177,308,589,1
878,37360,26045,26030,25299,731,15,11315,35740,2,19645,15618,155,15463,12517,2537,11390,2437,2093,321,5,772,3255,24717,22490,20118,2372,1790,344,238,135,122,0,0,13,0,117,573,262,1140,1
879,28890,18820,18805,18220,585,15,10070,35820,2,15394,12735,102,12633,10097,2397,9354,2212,972,233,53,372,2287,17926,16594,15318,1276,1071,102,103,106,98,0,7,0,1,24,495,102,605,1
880,687720,350781,350561,332615,17946,220,336939,35840,1,328198,277675,736,276939,218557,27164,243698,53998,11610,1580,225,14208,36315,327159,288832,260456,28376,21479,4292,2605,2633,2469,59,26,43,36,2350,3308,3929,26107,1
881,22048,14328,14291,13854,437,37,7720,35860,2,10792,8235,61,8174,5739,1731,5568,2163,951,187,49,384,2173,13685,13130,11605,1525,1279,94,152,42,42,0,0,0,0,0,184,54,275,1
882,43202,28470,25139,23931,1208,3331,14732,47660,2,19864,17157,49,17108,14638,2827,12582,1977,1761,294,51,490,2217,26742,23947,21636,2311,1587,446,278,41,41,0,0,0,0,135,962,256,1401,1
883,61891,41226,41215,39704,1511,11,20665,47700,2,30997,24913,163,24750,18039,3612,19267,5571,2536,460,168,1322,4762,38910,35891,31105,4786,3874,559,353,86,79,0,7,0,0,293,715,295,1630,1
884,24479,15105,15094,14545,549,11,9374,47780,2,11227,7802,79,7723,6221,1653,5378,1229,817,192,0,219,3206,14280,13012,10443,2569,1089,253,1227,31,31,0,0,0,0,227,402,239,369,1
885,38703,20864,20855,19383,1472,9,17839,47820,2,19701,13738,85,13653,8833,1521,11160,4259,1180,320,59,529,5434,19213,17782,16702,1080,656,373,51,20,4,0,0,0,16,24,325,195,867,1
886,4924117,3527931,3486436,3323986,162450,41495,1396186,47900,1,2216997,2001490,5402,1996088,1676152,145293,1801605,294150,99275,9509,2232,47554,167953,3305065,2481670,2175181,306489,213730,55410,37349,442169,157173,257100,25665,2004,227,28607,110401,48583,193635,1
887,22646,13532,13523,12744,779,9,9114,47920,2,11773,8991,19,8972,6794,1494,6523,1566,1438,338,29,552,2230,12435,11884,10830,1054,918,108,28,73,73,0,0,0,0,9,111,7,351,1
888,55949,31244,31162,29454,1708,82,24705,35900,2,28753,21661,199,21462,12199,2164,18520,8643,1476,284,40,765,6327,29088,27820,24644,3176,2356,290,530,42,42,0,0,0,0,0,171,169,886,1
889,45821,28774,28742,27505,1237,32,17047,35940,2,22935,18507,192,18315,14169,2981,13628,3529,1947,319,74,789,3639,27054,25305,22795,2510,1873,401,236,92,84,0,0,0,8,197,688,141,631,1
890,221259,148327,141278,132898,8380,7049,72932,35980,1,107827,93528,348,93180,74189,8682,81968,17259,5073,765,81,2377,11922,137099,122030,110273,11757,9815,857,1085,1982,1532,53,383,11,3,392,4102,1287,7306,1
891,51507,29761,29737,28014,1723,24,21746,36580,2,23409,18741,180,18561,11980,1946,13686,5171,3095,1129,51,715,3953,27257,22626,20404,2222,1816,200,206,472,409,30,33,0,0,77,2340,393,1349,1
892,41174,22216,22181,20841,1340,35,18958,36620,2,18938,14643,128,14515,11467,2930,10224,2567,1659,362,25,757,3538,20529,18372,16421,1951,1388,217,346,25,25,0,0,0,0,113,914,135,970,1
893,136594,92265,92182,88562,3620,83,44329,47940,1,67736,55690,382,55308,43481,7106,46036,10847,3353,455,81,2188,9858,86713,77908,70288,7620,5844,1123,653,396,391,0,0,3,2,332,3449,662,3966,1
894,26502,18648,18625,18215,410,23,7854,47980,2,14331,11541,113,11428,7103,1389,9477,3982,787,193,18,514,2276,17933,16227,14899,1328,991,173,164,41,41,0,0,0,0,41,320,148,1156,1
895,68941,47783,47762,46211,1551,21,21158,48020,2,32965,27584,242,27342,21734,4300,20981,4899,2335,379,91,700,4681,45365,41068,37086,3982,3261,394,327,70,53,3,5,2,7,147,1503,582,1995,1
896,88137,56102,46107,43241,2866,9995,32035,48060,1,42734,35967,161,35806,28661,4585,29457,6461,2321,387,60,987,5780,51958,44930,40570,4360,3339,676,345,257,253,2,0,0,2,137,2882,1030,2722,1
897,20760,10380,10380,9752,628,0,10380,48100,2,7863,4803,125,4678,3373,998,3116,919,631,258,0,304,2756,9563,8718,7874,844,615,138,91,265,234,0,31,0,0,40,113,58,369,1
898,131457,88486,88455,85858,2597,31,42971,48140,1,68091,56241,563,55678,43950,7862,41849,9465,6574,1599,124,1462,10388,84362,76975,69538,7437,5706,1135,596,359,354,3,2,0,0,148,1969,717,4194,1
899,43126,22120,22090,20827,1263,30,21006,48180,2,20871,13859,22,13837,8308,1828,10600,4548,2124,747,21,1179,5833,20500,19312,17508,1804,1379,188,237,90,55,35,0,0,0,33,325,181,559,1
900,22458,14339,14327,13872,455,12,8119,48220,2,10653,8492,0,8492,6984,1566,6159,1133,1000,189,7,254,1907,13728,12701,11448,1253,901,239,113,14,0,0,0,5,9,20,347,47,599,1
901,98227,54294,54223,50977,3246,71,43933,48260,1,49911,38358,172,38186,28480,5169,30854,8842,2927,497,58,1445,10108,50049,45612,42211,3401,2717,369,315,347,258,60,9,20,0,6,1857,305,1922,1
902,92335,57395,57345,55072,2273,50,34940,48300,1,43647,35443,98,35345,27289,3518,29064,6612,3920,758,143,1336,6868,54121,46517,42574,3943,3094,570,279,563,563,0,0,0,0,218,1966,1749,3108,1
903,31666,17138,17138,16431,707,0,14528,48460,2,15878,11564,98,11466,7883,2889,7298,2856,1608,480,30,603,3711,16210,15276,13598,1678,1452,126,100,64,64,0,0,0,0,16,152,171,531,1
904,15797,7858,7848,7037,811,10,7939,48500,2,7618,5489,9,5480,4192,1990,2994,894,660,299,12,160,1969,7012,6436,5997,439,353,19,67,0,0,0,0,0,0,93,33,57,393,1
905,117558,64612,64579,61139,3440,33,52946,48540,1,55420,40530,163,40367,27805,4951,32935,11152,3179,818,73,2357,12533,60003,55908,52356,3552,2986,293,273,384,359,17,0,2,6,38,1677,312,1684,1
906,83850,55905,55899,53782,2117,6,27945,48580,2,40874,34194,230,33964,27172,3742,27967,5983,3161,334,50,1765,4915,52757,47264,42937,4327,3150,692,485,241,97,32,94,0,18,273,2119,346,2514,1
907,491722,326119,323814,308203,15611,2305,165603,48620,1,244805,201704,834,200870,160374,25443,164369,36152,16470,2276,578,7378,35723,306512,284354,257546,26808,19764,4481,2563,1444,1326,15,18,33,52,1080,5209,3608,10817,1
908,120811,74287,67864,64621,3243,6423,46524,48660,1,55913,43262,150,43112,34687,6806,32928,7032,5528,740,69,2381,10270,69529,59803,54151,5652,4323,687,642,363,287,0,14,7,55,67,5403,1159,2734,1
909,93641,56021,55961,53135,2826,60,37620,48700,1,45608,35933,457,35476,25821,3612,29785,8451,2777,707,47,1944,7731,52349,47907,42834,5073,3752,700,621,572,566,6,0,0,0,211,1615,438,1606,1
910,26043,19249,19229,18813,416,20,6794,48780,2,14320,10950,85,10865,9289,1460,9110,1484,733,36,0,1861,1509,18476,17237,15355,1882,1416,206,260,48,26,0,15,7,0,12,443,186,550,1
911,33403,22708,22708,21982,726,0,10695,48820,2,16889,13866,106,13760,9858,1909,10581,3395,1537,328,39,438,2585,21666,19460,17696,1764,1174,252,338,292,292,0,0,0,0,129,499,272,1014,1
912,238744,147066,146044,137951,8093,1022,91678,48900,1,117378,99308,401,98907,75536,9309,86619,22058,5349,747,75,3437,14633,135929,121078,110432,10646,8295,1297,1054,716,613,16,81,0,6,646,2275,1006,10208,1
913,33281,20918,20907,19738,1169,11,12363,48940,2,16528,13555,127,13428,11021,2970,9257,2105,1477,207,7,403,2570,19115,17433,15945,1488,1082,277,129,77,67,0,0,0,10,67,551,284,703,1
914,64647,38764,38655,35593,3062,109,25883,48980,2,32014,24162,59,24103,20044,3385,20147,3669,938,178,0,870,6982,34858,32424,29078,3346,2679,371,296,63,52,2,9,0,0,55,468,1072,776,1
915,110747,69049,68901,66483,2418,148,41698,49020,1,51281,40277,183,40094,30749,5203,31036,8037,4118,873,86,2268,8736,65381,59666,52577,7089,5904,597,588,259,246,0,13,0,0,52,1377,615,3412,1
916,27828,16286,16261,15488,773,25,11542,49060,2,13499,10321,110,10211,8061,1358,7856,1756,1140,265,42,292,2886,15148,14105,12396,1709,1305,319,85,14,3,0,11,0,0,69,517,97,346,1
917,12782,8792,8792,8491,301,0,3990,49080,2,6500,5266,0,5266,4054,1491,2739,849,868,264,77,176,1058,8377,6333,4972,1361,510,179,672,998,988,0,0,0,10,15,447,93,491,1
918,42667,29676,29597,28528,1069,79,12991,49100,2,19442,16327,85,16242,12010,1360,13980,3769,1104,297,17,611,2504,27885,24028,21445,2583,2016,339,228,526,517,0,0,5,4,220,1657,103,1351,1
919,535200,322859,322235,304452,17783,624,212341,49180,1,264877,211465,1145,210320,153075,28419,175271,53414,12355,1733,405,7061,46351,299382,276762,250216,26546,20952,3464,2130,2273,2238,0,28,0,7,334,3971,2573,13469,1
920,58965,37386,37378,35963,1415,8,21579,49220,2,32332,26494,254,26240,19276,3528,21304,6225,1657,419,48,743,5095,35266,32453,29038,3415,2614,594,207,54,39,0,15,0,0,219,905,367,1268,1
921,19273,11758,11758,11157,601,0,7515,49260,2,9109,6909,26,6883,5134,1336,4672,1348,1163,235,96,399,1801,11019,10233,9088,1145,666,284,195,0,0,0,0,0,0,17,273,77,419,1
922,91002,58108,58097,56091,2006,11,32894,49300,2,43824,35041,229,34812,27656,4470,28935,6572,1769,302,25,957,7826,54851,48471,43081,5390,3524,594,1272,136,78,0,0,29,29,501,2204,961,2578,1
923,767642,507790,507120,481420,25700,670,259852,49340,1,354904,304385,1342,303043,244081,26630,269323,55136,11713,1241,227,8565,41954,471026,415170,377952,37218,29195,4305,3718,8489,3785,998,3648,32,26,917,13286,7009,26155,1
924,16353,11117,11114,10744,370,3,5236,49380,2,8033,6229,106,6123,4518,636,4709,1378,1025,170,14,380,1424,10521,9543,7915,1628,1033,354,241,37,34,0,2,0,1,0,363,118,460,1
925,182907,113442,113263,106018,7245,179,69465,49420,1,83048,67068,365,66703,52873,12027,49447,11917,6701,1093,242,2657,13323,103557,96181,82905,13276,10130,1697,1449,488,475,9,0,0,4,308,1871,1111,3598,1
926,18458,11872,11850,11449,401,22,6586,49460,2,9445,7385,22,7363,5652,934,5999,1557,532,86,9,450,1610,11254,10338,9355,983,680,260,43,111,111,0,0,0,0,70,187,61,487,1
927,74322,28015,28005,21699,6306,10,46307,49500,1,29878,17274,819,16455,13995,6205,9163,2149,575,118,9,776,11828,21327,19631,18645,986,825,139,22,163,62,0,0,24,77,34,438,540,521,1
928,358518,235326,235079,224825,10254,247,123192,49620,1,172421,141961,1229,140732,108891,16482,118838,29186,7453,1270,244,4703,25757,220550,205069,186425,18644,15743,1860,1041,1784,1626,42,104,12,0,578,3319,1531,8269,1
929,446374,257411,257196,241304,15892,215,188963,49660,1,230433,181738,1172,180566,133036,23594,150751,43663,10735,1651,168,7801,40894,236224,218128,200862,17266,12934,2032,2300,1783,1718,0,11,39,15,193,3866,3360,8894,1
930,131026,76902,74694,68866,5828,2208,54124,49700,1,58990,49128,232,48896,41631,10395,35043,5787,5133,837,121,1384,8478,69212,63300,54832,8468,5569,1594,1305,573,556,0,17,0,0,223,1048,734,3334,1
931,161991,88216,84321,75903,8418,3895,73775,49740,1,73098,57478,248,57230,45878,10053,42780,7105,8490,1642,114,2035,13585,78082,71837,63817,8020,5514,1463,1043,1542,1480,0,39,23,0,254,1533,1023,1893,1
932,68863,40867,40836,38331,2505,31,27996,49780,2,33878,26644,205,26439,15322,3694,21212,10055,1818,827,19,973,6261,37647,35304,32223,3081,2304,312,465,95,91,4,0,0,0,50,1168,274,756,1
933,10027,5828,5828,5220,608,0,4199,49820,2,4503,2637,0,2637,1303,219,2121,1198,428,129,0,136,1730,4910,4519,3333,1186,817,112,257,0,0,0,0,0,0,0,180,7,204,1
934,63407,33356,33261,31300,1961,95,30051,36660,2,30485,19473,381,19092,13376,6601,10965,4865,1795,602,62,1354,9658,30439,28460,26220,2240,1737,314,189,61,32,29,0,0,0,15,598,334,971,1
935,70596,38601,38592,35030,3562,9,31995,36700,2,33060,22921,178,22743,18880,6869,13985,2932,3542,600,73,1171,8968,34118,31866,29035,2831,1961,531,339,62,62,0,0,0,0,36,469,240,1445,1
936,2019337,1296560,1295056,1228135,66921,1504,722777,36740,1,872831,761305,2044,759261,603126,74776,664530,145405,42888,4074,811,21327,90199,1208128,1080586,962732,117854,91872,16012,9970,20474,18555,442,1198,239,40,4532,13194,18649,70693,1
937,29811,17500,17482,16772,710,18,12311,22700,2,15306,11718,108,11610,9040,2081,8953,2283,903,133,7,579,3009,16515,14817,13297,1520,1023,329,168,92,53,0,0,20,19,44,678,138,746,1
938,284223,191618,191399,182498,8901,219,92605,22660,1,137021,122825,505,122320,97796,9467,105029,20919,12087,2093,251,4769,9427,179699,148903,134580,14323,10826,2234,1263,2832,2632,84,45,11,60,5515,4922,2085,15442,1
939,33654,23594,23563,22877,686,31,10060,10100,2,17689,14743,34,14709,13103,2000,11844,1408,1089,113,22,631,2315,22588,19814,18219,1595,1111,367,117,44,44,0,0,0,0,95,978,223,1434,366
940,61120,30698,30609,28490,2119,89,30422,10140,2,29319,25522,69,25453,22685,3689,20711,2501,1416,183,8,542,3255,27760,23828,21379,2449,2130,197,122,257,257,0,0,0,0,177,1099,202,2197,366
941,137660,85122,80930,78405,2525,4192,52538,10180,1,64331,54562,33,54529,50997,8581,42513,2817,5144,373,33,1271,8498,81517,73310,64628,8682,6295,1209,1178,212,190,0,0,0,22,195,1505,719,5576,366
942,29846,18096,18096,17320,776,0,11750,10220,2,14604,11020,18,11002,9542,1657,8021,551,2509,380,54,267,3317,17152,15819,14350,1469,1108,221,140,24,24,0,0,0,0,30,627,261,391,366
943,80887,46941,46859,44346,2513,82,33946,10300,2,38667,33064,113,32951,29983,5379,24766,2515,2894,198,52,958,4645,43240,38891,35938,2953,2203,451,299,110,99,0,0,0,11,81,1261,308,2589,366
944,263742,102814,102706,87139,15567,108,160928,10380,1,110986,67286,6051,61235,52427,21205,33743,7415,5738,592,177,5501,38199,84621,77630,70430,7200,4826,1767,607,371,124,33,30,93,91,295,2568,601,3156,366
945,576222,374987,374556,353066,21490,431,201235,10420,1,291655,255570,671,254899,222510,25334,222646,29869,15641,1007,160,8094,27991,344965,302417,277623,24794,19559,2927,2308,3527,3418,3,0,70,36,371,4831,2713,31106,366
946,53609,28328,25363,22919,2444,2965,25281,10460,2,23590,19905,165,19740,17720,2761,15232,1613,2134,214,25,482,3203,25542,23496,20822,2674,2064,355,255,92,86,0,0,6,0,38,629,147,1140,366
947,117490,67960,67471,61978,5493,489,49530,10500,1,57104,45285,17,45268,41438,9751,31935,2959,5572,542,8,1553,10266,60986,55736,49098,6638,4829,1208,601,497,497,0,0,0,0,83,829,935,2906,366
948,101505,61395,61331,57062,4269,64,40110,10540,1,49113,43127,110,43017,38686,5765,33848,3613,3518,426,130,1390,4596,56020,49557,44437,5120,4063,626,431,148,130,4,14,0,0,213,1145,746,4211,366
949,744013,481079,479441,455453,23988,1638,262934,10580,1,368072,325048,1071,323977,287486,30316,286426,33731,12267,1260,242,10833,32191,446555,371178,337252,33926,28143,3816,1967,13473,12625,268,308,117,155,1016,14081,3857,42950,366
950,50210,29762,29727,28333,1394,35,20448,10620,2,23633,20211,40,20171,18283,3416,15658,1526,1666,260,0,750,2672,27708,25534,22888,2646,2034,391,221,20,20,0,0,0,0,0,312,171,1671,366
951,24719,15548,15538,14895,643,10,9171,10660,2,12844,10639,79,10560,9280,1655,8129,1073,1010,99,25,286,1919,14600,13201,12026,1175,929,186,60,26,26,0,0,0,0,89,388,88,808,366
952,75325,42076,42034,40394,1640,42,33249,10700,2,35439,30443,41,30402,28168,5776,23525,1946,1659,151,83,524,4472,39839,37623,33734,3889,2733,753,403,155,155,0,0,0,0,3,167,154,1737,366
953,736634,448877,444998,418030,26968,3879,287757,10740,1,362176,307616,1483,306133,270623,41219,249745,28055,30630,2251,401,10722,43838,415780,358277,319356,38921,29485,5522,3914,4601,4008,0,527,7,59,2384,6965,4500,39053,366
954,42705,21939,21860,19967,1893,79,20766,10760,2,20204,15857,25,15832,13372,3676,10457,1985,2177,328,47,687,3660,19742,18571,16414,2157,1669,314,174,40,40,0,0,0,0,0,211,138,782,366
955,120194,67260,66666,62641,4025,594,52934,10780,1,55228,45352,119,45233,41564,8687,31451,2952,6782,470,65,1009,8867,61339,54535,49662,4873,3764,669,440,1104,1104,0,0,0,0,91,1495,1942,2172,366
956,31068,20132,20099,19456,643,33,10936,10820,2,17030,14352,119,14233,11388,1711,11423,2651,1474,108,13,681,1997,19220,16792,15560,1232,862,278,92,30,25,0,0,0,5,111,351,140,1796,366
957,37089,20385,20385,19253,1132,0,16704,10860,2,15677,10581,0,10581,7729,1683,7726,2225,2024,345,0,192,4904,18930,16992,15461,1531,1115,225,191,1,1,0,0,0,0,0,380,181,1376,366
958,699352,448444,448146,423000,25146,298,250908,10900,1,331084,288077,1105,286972,260632,30794,248525,24183,16861,774,164,6899,36108,414905,358010,325345,32665,25488,4582,2595,5780,5090,279,342,9,60,622,9563,4930,36000,366
959,34631,18049,18046,17067,979,3,16582,10940,2,14859,12028,43,11985,10087,2087,8215,1541,1757,235,16,574,2257,16714,14995,13559,1436,1039,187,210,92,92,0,0,0,0,98,452,90,987,366
960,24120,13111,13065,12133,932,46,11009,10980,2,12584,10216,50,10166,8390,1794,7620,1478,896,185,20,502,1866,11823,10382,9717,665,578,79,8,89,89,0,0,0,0,119,255,206,772,366
961,101027,59516,59442,56563,2879,74,41511,11020,1,50264,41424,224,41200,35084,5441,34229,5590,2695,242,44,864,7976,55510,50182,45977,4205,3353,407,445,629,621,0,8,0,0,115,1602,392,2590,366
962,19337,12226,11187,10705,482,1039,7111,11060,2,9671,8295,139,8156,7498,1599,5672,534,1113,80,3,217,1159,11448,10791,9506,1285,972,231,82,1,1,0,0,0,0,29,117,147,363,366
963,206832,130998,130760,126476,4284,238,75834,11100,1,101221,87449,103,87346,78227,13788,68614,7975,8195,700,38,2125,11647,125038,115359,102779,12580,9356,1793,1431,263,263,0,0,0,0,258,1787,1351,6020,366
964,27107,15103,15078,13962,1116,25,12004,11140,2,12425,9536,24,9512,8514,2595,5873,738,1413,214,32,247,2642,13714,12569,10846,1723,1298,216,209,0,0,0,0,0,0,1,333,147,664,366
965,105459,68832,68683,65453,3230,149,36627,11180,1,48664,38440,205,38235,34884,4073,32392,2847,2721,233,5,6640,3584,63908,50845,46304,4541,3747,462,332,2551,2551,0,0,0,0,951,3543,390,5628,366
966,39374,23293,23247,21755,1492,46,16081,11220,2,18907,15115,138,14977,12301,1741,12618,2485,883,71,28,650,3142,21231,18457,16741,1716,1447,198,71,53,38,15,0,0,0,67,604,678,1372,366
967,310358,211394,201062,189261,11801,10332,98964,11260,1,144751,133267,284,132983,124149,20293,109507,8034,6564,283,99,2430,9054,194994,166025,143638,22387,16830,2959,2598,2576,2395,14,0,0,167,1474,4710,5742,14467,366
968,13270,9283,9283,9012,271,0,3987,11380,2,6263,5623,7,5616,5193,1146,3885,330,555,66,0,183,457,8677,8164,7019,1145,642,143,360,7,7,0,0,0,0,0,42,264,200,366
969,27950,17761,17761,16593,1168,0,10189,11420,2,13689,11295,58,11237,10119,2297,7560,852,1732,205,10,552,1842,16195,14860,13367,1493,1074,231,188,26,26,0,0,0,0,66,474,136,633,366
970,311251,200466,200251,190834,9417,215,110785,11460,1,147185,135889,92,135797,127375,11616,119241,7488,7666,446,30,4185,7111,186651,135575,123445,12130,10025,1335,770,7855,7644,158,3,50,0,2475,12830,1408,26508,366
971,94127,53147,52775,49073,3702,372,40980,11500,1,44295,36206,75,36131,31031,7340,26233,4229,3951,562,48,790,7299,48508,45981,41197,4784,3769,544,471,299,249,0,0,50,0,0,523,242,1463,366
972,191614,135404,135328,131336,3992,76,56210,11540,1,96314,87055,290,86765,77500,10455,71956,7977,6718,776,98,1612,7647,129606,114732,106761,7971,5897,1289,785,535,526,0,0,0,9,551,2822,1004,9962,366
973,28293,13353,13353,12092,1261,0,14940,11580,2,12207,8589,68,8521,7312,1990,5803,955,959,204,0,642,2976,11857,10326,8205,2121,1215,660,246,105,105,0,0,0,0,145,268,101,912,366
974,45080,26598,26598,25371,1227,0,18482,11620,2,21993,16510,29,16481,13324,3981,9816,1580,2790,683,137,884,4599,24865,23181,20380,2801,2313,403,85,87,87,0,0,0,0,28,334,395,840,366
975,155889,62666,62469,54647,7822,197,93223,11640,1,64886,45311,253,45058,41623,17378,25835,2977,2516,223,60,1224,18351,53099,49780,48218,1562,1246,171,145,273,233,0,0,25,15,0,496,171,2379,366
976,17933,9976,9967,9602,365,9,7957,11660,2,8056,6124,2,6122,5754,1190,4387,252,743,31,0,305,1627,9510,8535,7196,1339,778,395,166,46,46,0,0,0,0,10,496,49,374,366
977,389948,230665,230329,222260,8069,336,159283,11700,1,186773,155865,402,155463,137576,22293,125158,15550,12211,1389,188,4748,26160,218741,187264,169875,17389,13320,2767,1302,1019,892,19,0,20,88,278,3789,2756,23635,366
978,42093,26230,26223,25280,943,7,15863,11740,2,20531,17056,60,16996,15098,3039,12961,1692,1291,118,18,635,2840,24835,21964,20329,1635,1232,234,169,101,70,31,0,0,0,123,841,517,1289,366
979,78701,44658,44658,41243,3415,0,34043,11780,2,38332,31745,234,31511,26323,4714,25248,4596,2295,268,21,1286,5301,40044,37114,33334,3780,2753,535,492,119,119,0,0,0,0,24,759,684,1344,366
980,33995,19985,19523,18593,930,462,14010,11820,2,16649,14630,59,14571,13091,1492,12140,1241,1472,131,15,394,1625,18519,14950,13443,1507,1257,137,113,191,191,0,0,0,0,139,1465,247,1527,366
981,12926,8332,8332,7962,370,0,4594,11860,2,5874,4776,17,4759,3993,969,3245,530,882,157,4,110,988,7773,6906,6340,566,471,73,22,0,0,0,0,0,0,0,343,36,488,366
982,54985,30545,30418,28643,1775,127,24440,11900,2,22381,18083,19,18064,15584,3495,13055,2104,2029,335,12,1702,2596,28023,21430,19553,1877,1619,144,114,265,245,0,0,0,20,344,3572,112,2300,366
983,43328,23750,23702,22392,1310,48,19578,11940,2,21163,17641,43,17598,16067,5205,10023,1143,2929,357,6,277,3245,22031,20791,19102,1689,1219,390,80,0,0,0,0,0,0,0,201,60,979,366
984,66252,33932,33914,31785,2129,18,32320,11980,2,31267,24808,87,24721,21660,5575,16842,2477,4884,312,44,696,5763,31293,28415,25440,2975,2462,339,174,105,16,0,0,89,0,0,401,185,2187,366
985,175534,108532,108267,102766,5501,265,67002,12020,1,82103,72267,141,72126,66690,8001,60870,4750,6343,266,41,2117,7719,100695,83728,75659,8069,6011,1592,466,1643,1633,10,0,0,0,849,3388,1166,9921,366
986,4732930,3188684,3183132,3017208,165924,5552,1544246,12060,1,2209498,1994787,2148,1992639,1859032,208660,1715759,115476,165029,8627,1559,48818,165893,2950242,2400859,2143673,257186,187800,42684,26702,70581,44935,20985,3004,1177,480,4512,34586,49595,390109,366
987,223171,141884,141556,129394,12162,328,81287,12100,1,105277,92631,274,92357,80556,10032,80551,11139,4314,219,45,2486,10160,126406,106628,94972,11656,8595,1555,1506,5262,4789,76,183,199,15,485,4470,2203,7358,366
988,29427,14364,14364,12962,1402,0,15063,12120,2,12878,8811,42,8769,7979,4592,3135,402,1273,323,22,112,3955,12713,12432,11548,884,625,186,73,48,48,0,0,0,0,12,93,33,95,366
989,33839,21975,21934,21070,864,41,11864,12140,2,16832,13820,71,13749,12446,2788,9547,1081,1758,130,16,503,2509,20807,19557,17685,1872,1563,210,99,17,17,0,0,0,0,39,210,164,820,366
990,63381,36470,36439,34816,1623,31,26911,12180,2,30604,25554,87,25467,22316,3226,20051,2651,2193,293,50,965,4085,34036,29962,27882,2080,1892,107,81,264,261,3,0,0,0,45,1200,655,1910,366
991,139631,83655,82914,79359,3555,741,55976,12220,1,63122,54271,74,54197,50402,5732,45680,3241,6825,230,48,2541,6310,78310,71171,64531,6640,5684,697,259,481,465,0,0,0,16,167,1868,490,4133,366
992,482731,293872,282688,262997,19691,11184,188859,12260,1,217221,182109,412,181697,166351,28823,141972,12537,15997,1779,111,6245,28867,269362,243208,220134,23074,17268,3399,2407,1594,1427,0,69,0,98,322,3206,4642,16390,366
993,102308,63481,63355,60713,2642,126,38827,12300,2,52752,45658,180,45478,39745,3967,40246,5317,1703,209,21,1259,5835,59719,51551,46153,5398,4342,476,580,73,64,0,0,0,9,53,1918,474,5650,366
994,30858,20137,20136,19525,611,1,10721,12380,2,15596,13194,67,13127,11581,2060,9960,1250,1475,227,8,496,1906,19124,17183,15049,2134,1244,527,363,265,265,0,0,0,0,53,563,165,895,366
995,1779681,1265755,1263937,1207746,56191,1818,513926,12420,1,862517,793212,1275,791937,739752,81778,683667,46367,53257,2618,399,19350,49955,1190031,929757,829786,99971,75389,14870,9712,17425,15451,566,973,231,204,6729,21815,14774,199531,366
996,22472,12253,12128,11439,689,125,10219,12460,2,10242,6719,18,6701,5883,2352,3598,528,954,259,0,598,2925,11262,10765,9434,1331,1132,142,57,7,7,0,0,0,0,0,102,186,202,366
997,671496,390258,388041,353637,34404,2217,281238,12540,1,274705,236173,593,235580,214590,43709,179910,18062,23828,1736,97,5842,32690,346503,317712,276101,41611,26933,7424,7254,1960,1924,2,0,2,32,800,3239,3935,18857,366
998,2281907,1523572,1503961,1427183,76778,19611,758335,12580,1,1087833,967533,2217,965316,882737,111912,832995,75594,43331,2576,590,28332,91968,1419476,1133575,1029007,104568,82347,12982,9239,70728,48470,10231,10292,1403,332,3538,32463,19610,159562,366
999,128216,77736,77509,74031,3478,227,50480,12620,1,62812,53616,334,53282,44231,5080,45673,8309,3329,314,63,2431,6765,72290,62188,56218,5970,4678,768,524,235,223,12,0,0,0,226,2647,929,6065,366
1000,52183,35232,35210,34336,874,22,16951,12660,2,26850,23155,199,22956,20094,2506,18733,2312,2239,379,47,770,2925,33882,30239,27286,2953,2126,507,320,51,49,0,0,0,2,87,964,408,2133,366
1001,36600,23169,23120,22242,878,49,13431,12680,2,18163,15856,34,15822,13831,2924,11818,1575,1473,300,50,471,1836,21958,20291,18724,1567,1131,179,257,7,7,0,0,0,0,0,242,351,1067,366
1002,198473,118830,118062,112729,5333,768,79643,12700,1,98163,89902,248,89654,79435,7178,80853,9578,3148,222,30,2321,5940,110350,92140,83746,8394,6742,1139,513,1240,646,185,76,31,302,441,2474,1389,12666,366
1003,49870,32628,32510,31495,1015,118,17242,12740,2,25137,22341,117,22224,17398,3244,17727,4279,1532,299,42,543,2253,30973,24785,22195,2590,2102,370,118,304,261,38,0,0,5,117,1553,169,4045,366
1004,41097,23662,23637,22577,1060,25,17435,12780,2,20382,16798,60,16738,15228,2752,11549,1082,2937,223,53,480,3104,22398,20680,18180,2500,1972,420,108,25,25,0,0,0,0,86,323,269,1015,366
1005,47679,30604,30598,29092,1506,6,17075,12860,2,24461,21067,120,20947,18357,2534,17627,2344,1103,169,9,593,2801,28404,25211,23271,1940,1500,311,129,29,8,9,7,0,5,105,1202,487,1370,366
1006,43900,23495,23428,22148,1280,67,20405,12900,2,21190,13279,92,13187,11319,2923,8748,1376,1894,264,29,2785,5126,21935,20412,17967,2445,1872,401,172,39,39,0,0,0,0,39,418,288,739,366
1007,687591,430589,429746,400991,28755,843,257002,12940,1,316649,273151,581,272570,247715,38462,222734,22653,21541,1001,96,9704,33794,393895,361739,328568,33171,23667,5311,4193,3044,2865,52,0,31,96,1193,5433,3216,19270,366
1008,107245,64391,64283,59794,4489,108,42854,12980,1,53197,45549,99,45450,41559,9861,32403,3217,4049,453,103,737,6911,58412,52089,47312,4777,3833,625,319,490,475,0,0,0,15,217,1668,619,3329,366
1009,85799,50764,50722,47957,2765,42,35035,13020,1,45007,38722,91,38631,34404,6515,30264,3780,2464,348,19,825,5460,46827,42408,39447,2961,2376,310,275,251,251,0,0,0,0,463,738,271,2696,366
1010,27856,15775,15675,14687,988,100,12081,13060,2,13686,9655,51,9604,7651,2785,5493,1201,1936,586,70,425,3606,14502,13536,12253,1283,1018,212,53,0,0,0,0,0,0,120,105,149,592,366
1011,17368,11293,11293,11051,242,0,6075,13100,2,9064,7574,112,7462,6194,1024,5678,1017,1120,134,40,250,1240,10726,9521,8650,871,640,174,57,0,0,0,0,0,0,19,441,53,692,366
1012,310589,176987,176536,167071,9465,451,133602,13140,1,143955,122426,159,122267,110513,27938,88767,10493,9960,708,28,2337,19192,164578,156550,143736,12814,9852,1476,1486,570,509,10,0,51,0,125,1500,1570,4263,366
1013,73606,49546,49499,47228,2271,47,24060,13180,2,35291,30609,107,30502,27151,5045,22531,2680,3211,462,61,781,3901,46568,41917,38217,3700,3043,395,262,38,31,0,0,0,7,65,1699,324,2525,366
1014,94397,45480,45358,42061,3297,122,48917,13220,1,45869,34440,55,34385,27338,5215,27586,6163,3009,202,50,2617,8812,41231,37956,34079,3877,3291,261,325,58,50,8,0,0,0,24,1019,483,1691,366
1015,36691,21966,21959,21108,851,7,14725,13260,2,18723,15040,51,14989,12440,3263,10232,2133,1530,331,28,230,3453,20838,19366,17311,2055,1713,95,247,11,11,0,0,0,0,0,417,150,894,366
1016,25510,10941,10941,10144,797,0,14569,13300,2,8497,6117,2,6115,5681,904,4267,220,1290,157,0,162,2218,9768,9162,8508,654,531,82,41,1,1,0,0,0,0,0,100,147,358,366
1017,36858,22599,22584,21586,998,15,14259,13340,2,18928,16681,62,16619,14805,2962,12718,1607,1033,150,12,393,1854,20863,18841,17096,1745,1441,168,136,70,70,0,0,0,0,43,533,230,1146,366
1018,185666,116140,115934,110072,5862,206,69526,13380,1,89865,81319,127,81192,74252,8834,69058,6387,4776,319,52,2132,6414,107741,88904,80302,8602,6902,885,815,2085,2033,28,6,0,18,2346,3622,1061,9723,366
1019,35421,22342,22326,21098,1228,16,13079,13420,2,17555,14928,17,14911,12768,1482,13022,1951,676,59,32,572,2055,20669,17727,15822,1905,1418,328,159,281,266,0,0,0,15,59,796,200,1606,366
1020,160193,101444,101278,95748,5530,166,58749,13460,1,79329,72607,170,72437,63457,7249,60912,7191,6001,1371,76,1678,5044,93780,74351,66249,8102,6680,884,538,328,311,0,17,0,0,1877,1975,1168,14081,366
1021,22230,9619,9588,8729,859,31,12611,13500,2,9331,5690,8,5682,3894,1388,2876,909,1691,774,25,377,3264,8495,8132,7414,718,590,84,44,18,18,0,0,0,0,17,45,89,194,366
1022,30942,18476,18476,17665,811,0,12466,13540,2,14513,11810,141,11669,8951,1082,10092,2536,652,67,28,1072,1631,17268,13836,12694,1142,889,181,72,48,19,21,8,0,0,39,842,274,2229,366
1023,26975,15236,15236,14549,687,0,11739,13620,2,13592,11380,18,11362,8663,866,9491,2287,1026,284,23,485,1727,14243,12450,11084,1366,1125,86,155,23,15,8,0,0,0,15,228,492,1035,366
1024,33521,18017,18007,17019,988,10,15504,13660,2,15800,12510,91,12419,10702,2222,8442,1270,2113,271,36,619,2671,16465,14364,12860,1504,1214,140,150,53,53,0,0,0,0,9,868,264,907,366
1025,27853,14840,14804,14007,797,36,13013,13700,2,12062,9970,5,9965,9260,1962,7221,642,1007,25,27,391,1701,13965,13287,11339,1948,1471,401,76,1,1,0,0,0,0,9,162,173,333,366
1026,33513,15935,15928,14275,1653,7,17578,13720,2,15565,10664,105,10559,8345,1694,8425,1948,642,164,0,2078,2823,13792,12571,11395,1176,786,283,107,143,143,0,0,0,0,0,320,40,718,366
1027,145498,95556,95411,91656,3755,145,49942,13740,1,75245,66172,285,65887,58261,8900,53086,6450,5762,705,124,1772,7301,90423,80354,72513,7841,5914,1053,874,858,837,0,0,0,21,363,2277,650,5921,366
1028,204448,117530,117485,109065,8420,45,86918,13780,1,101347,87145,363,86782,73408,8651,75658,12334,4677,423,44,2087,12115,106306,92580,83841,8739,6841,1023,875,2574,2330,234,0,0,10,422,3472,1088,6170,366
1029,883739,540122,539064,509621,29443,1058,343617,13820,1,424273,365501,806,364695,329426,57209,289795,30197,35123,2463,338,9773,48999,501842,451433,410523,40910,32207,5328,3375,2226,2137,10,9,70,0,479,5599,4066,38039,366
1030,104887,71966,71749,69766,1983,217,32921,13900,1,53247,46211,108,46103,41030,5017,40129,4661,2444,101,44,2338,4698,69032,63108,57438,5670,4010,941,719,70,64,0,0,0,6,150,996,579,4129,366
1031,34712,22165,22165,20962,1203,0,12547,13940,2,15640,13616,83,13533,12047,2667,9002,1235,2275,149,36,246,1778,20514,18486,15904,2582,1750,463,369,421,421,0,0,0,0,8,233,185,1181,366
1032,142668,79205,78940,75912,3028,265,63463,13980,1,62436,52992,213,52779,45462,6999,41404,5779,5625,899,163,1772,7672,74458,63598,58350,5248,3922,765,561,1555,1484,20,0,0,51,597,2868,552,5288,366
1033,138578,88349,88286,85434,2852,63,50229,14010,1,67900,58179,136,58043,47471,7709,48000,9541,3845,694,38,3509,6212,83927,70014,63507,6507,5174,829,504,691,629,17,14,0,31,306,3493,590,8833,366
1034,137676,84673,84599,79265,5334,74,53003,14020,1,65604,57692,93,57599,52650,6662,48178,4389,4418,335,21,2952,4960,77078,61273,54429,6844,5063,1169,612,1638,1623,13,2,0,0,972,4463,578,8154,366
1035,69790,40722,40576,38804,1772,146,29068,14100,1,33193,27813,167,27646,24851,4553,21663,2265,2148,200,6,693,4687,38592,33943,31263,2680,2140,278,262,132,128,0,0,0,4,50,1317,178,2972,366
1036,87804,42046,42024,39802,2222,22,45758,14140,2,42653,33708,107,33601,29001,5902,25673,3977,3680,362,6,992,7953,39001,36567,33461,3106,2480,387,239,68,62,6,0,0,0,2,714,307,1343,366
1037,22007,14668,14665,14313,352,3,7339,14160,2,11120,8890,51,8839,7976,1657,6294,605,1132,46,41,363,1867,14093,13108,12088,1020,849,118,53,71,35,10,0,0,26,59,125,79,651,366
1038,31569,19304,19289,17443,1846,15,12265,14180,2,15565,12282,10,12272,10666,2621,8362,1194,1979,386,19,778,2505,16790,16257,13851,2406,1693,557,156,47,40,7,0,0,0,0,128,138,220,366
1039,36147,18645,18623,16704,1919,22,17502,14220,2,17367,12122,23,12099,11384,3964,6442,521,2193,147,5,559,4686,16339,14969,12969,2000,1619,199,182,58,58,0,0,0,0,14,251,692,355,366
1040,586246,382950,381588,367356,14232,1362,203296,14260,1,275969,249839,961,248878,230832,26685,207702,14993,28047,1638,176,6126,20004,362535,305844,277088,28756,21190,4645,2921,941,873,18,19,4,27,4113,6785,4801,40051,366
1041,28768,15546,15546,14794,752,0,13222,14300,2,12470,9611,17,9594,8740,1835,5792,590,2626,155,49,512,2347,14568,12493,11236,1257,1003,207,47,2,2,0,0,0,0,10,273,208,1582,366
1042,48149,28792,28757,26207,2550,35,19357,14380,2,20805,18146,38,18108,16319,1658,15730,1620,1205,123,9,675,1984,25241,21085,18854,2231,1841,326,64,319,319,0,0,0,0,75,1333,87,2342,366
1043,16126,9836,9836,9114,722,0,6290,14420,2,6881,5829,9,5820,5210,960,4217,498,1069,93,0,143,909,8864,8377,7285,1092,757,165,170,87,62,0,25,0,0,20,104,26,250,366
1044,4056471,2807912,2803425,2659193,144232,4487,1248559,14460,1,1895247,1726051,2428,1723623,1574049,146712,1554884,141788,52148,2395,675,36156,133040,2605200,1792584,1620840,171744,131980,23804,15960,280012,83699,142616,45974,4884,2839,24467,131480,37459,339198,366
1045,274307,186728,186499,177979,8520,229,87579,14500,1,131701,123143,233,122910,115109,9446,109392,6817,7025,385,189,2887,5671,174681,116511,105011,11500,8639,1695,1166,6989,6779,12,0,140,58,6282,6914,1655,36330,366
1046,142132,90942,90876,86171,4705,66,51190,14540,1,67889,58490,150,58340,54231,9617,45222,3525,4740,253,25,1379,8020,82292,75033,65876,9157,6676,1512,969,124,124,0,0,0,0,75,2442,1017,3601,366
1047,96337,68570,68517,67088,1429,53,27767,14580,2,46378,42302,102,42200,38712,5044,34231,3018,3973,316,15,1681,2395,65584,51583,46116,5467,4066,651,750,279,273,0,0,0,6,1397,3595,643,8087,366
1048,33524,18653,18641,17488,1153,12,14871,14620,2,15776,12858,107,12751,10457,1655,10343,1949,941,206,27,440,2478,17176,15521,13594,1927,1543,229,155,127,127,0,0,0,0,3,749,58,718,366
1049,77673,46004,45949,43521,2428,55,31669,14660,2,39970,34097,228,33869,28590,5319,26041,4260,3188,729,40,958,4915,42801,37237,33070,4167,3232,540,395,184,158,0,3,2,21,162,1024,549,3645,366
1050,45396,27153,27145,25735,1410,8,18243,14700,2,21249,18236,148,18088,16320,3387,13212,1497,1545,175,24,738,2275,24945,22050,19118,2932,2244,569,119,61,54,0,0,0,7,42,408,197,2187,366
1051,26549,20257,20257,19599,658,0,6292,14720,2,11329,10494,0,10494,9757,738,9306,558,591,179,0,263,572,18851,13281,12216,1065,894,171,0,1659,1659,0,0,0,0,243,712,79,2877,366
1052,223446,138166,123728,118007,5721,14438,85280,14740,1,104977,98664,199,98465,90353,7492,87863,7543,5657,152,12,1657,4656,129750,96412,85895,10517,8027,1395,1095,9590,3067,55,19,7,6442,726,6945,2438,13639,366
1053,28925,17189,17162,16336,826,27,11736,14780,2,13906,11170,0,11170,9554,3036,6248,1144,2068,377,86,266,2470,16034,13869,12097,1772,1328,320,124,0,0,0,0,0,0,10,483,478,1194,366
1054,28306,15041,15041,14299,742,0,13265,14820,2,14113,12131,24,12107,10382,1341,10232,1542,631,89,9,370,1612,13697,12021,11094,927,783,58,86,28,28,0,0,0,0,110,287,46,1205,366
1055,767598,518025,517725,484841,32884,300,249573,14860,1,349443,319254,608,318646,286659,29251,284691,30055,11622,565,161,6315,23874,475201,358142,318818,39324,29270,5828,4226,38236,7828,2144,27826,265,173,598,11849,6577,59799,366
1056,27846,14500,14500,13731,769,0,13346,15020,2,12949,9866,24,9842,8804,2941,5646,718,1746,125,12,410,2673,13471,12759,12050,709,561,125,23,27,3,0,0,0,24,0,121,124,440,366
1057,20394,9298,9272,8466,806,26,11096,15060,2,10788,9060,60,9000,7853,1064,7083,884,881,248,4,215,1513,8352,6495,5877,618,519,59,40,29,4,12,0,0,13,65,343,41,1379,366
1058,27849,19811,19727,18921,806,84,8038,15100,2,13233,11595,20,11575,9309,1493,9627,2098,682,52,37,392,1246,18600,15997,14330,1667,1291,250,126,96,96,0,0,0,0,157,587,126,1637,366
1059,14397,8070,8063,7415,648,7,6327,15140,2,7118,4859,9,4850,4441,1351,2845,254,783,115,9,147,2112,7306,6800,6156,644,585,27,32,0,0,0,0,0,0,11,125,240,130,366
1060,308504,176303,176108,165622,10486,195,132201,15180,1,130030,88523,74,88449,75082,27727,55817,11796,8121,967,172,13407,28100,163766,148066,133086,14980,10819,2927,1234,716,716,0,0,0,0,217,2624,1904,10239,366
1061,30986,17771,17726,16799,927,45,13215,15220,2,14651,12026,10,12016,8961,2666,7533,2359,2174,512,36,537,2088,16596,15459,13634,1825,1524,223,78,54,54,0,0,0,0,91,281,108,603,366
1062,91774,51858,51676,49420,2256,182,39916,15260,1,44732,35938,48,35890,31381,4362,29940,4068,2867,353,35,2128,6666,48665,44029,39352,4677,3460,732,485,206,155,40,0,0,11,171,514,868,2877,366
1063,33731,20274,20274,19120,1154,0,13457,15340,2,18028,15322,125,15197,13181,2259,11722,1700,1567,225,29,422,2284,18722,17363,16112,1251,1118,38,95,43,29,0,14,0,0,12,305,292,707,366
1064,954656,598214,597388,565936,31452,826,356442,15380,1,493094,424667,1050,423617,372800,54002,359637,46597,21717,1652,399,11951,56476,553271,475637,436370,39267,31440,4706,3121,15515,14104,932,58,307,114,1865,13813,5990,40451,366
1065,33501,21716,21687,20935,752,29,11785,15420,2,15366,13160,34,13126,11613,2610,8656,904,2233,508,4,330,1876,20553,18752,16700,2052,1842,106,104,52,52,0,0,0,0,27,281,345,1096,366
1066,36823,22868,22861,21862,999,7,13955,15460,2,19738,16143,86,16057,14483,2450,12567,1334,1463,136,19,402,3193,21463,19621,17907,1714,1149,375,190,94,80,6,8,0,0,10,495,408,835,366
1067,135622,83815,83609,79356,4253,206,51807,15500,1,66311,55644,76,55568,49111,6545,47211,6030,4086,261,2,1549,9118,78029,72124,65959,6165,4652,778,735,121,121,0,0,0,0,10,542,450,4782,366
1068,187717,128826,128210,123393,4817,616,58891,15540,1,90144,79087,282,78805,69615,5645,70700,8233,4025,460,86,4145,6912,121273,94748,84098,10650,8665,1171,814,2085,2014,61,10,0,0,1940,7068,866,14566,366
1069,28510,17015,16983,16194,789,32,11495,15580,2,15028,12346,223,12123,10498,2359,8511,1362,1691,175,3,613,2069,15963,14105,12244,1861,1252,216,393,153,153,0,0,0,0,14,489,364,838,366
1070,38432,22071,22044,20496,1548,27,16361,15620,2,18847,15546,72,15474,13929,4200,9643,1224,1948,229,10,335,2966,20163,18199,15753,2446,1847,413,186,94,72,0,0,0,22,168,517,152,1033,366
1071,44813,26618,26618,25807,811,0,18195,15660,2,20183,15154,19,15135,13498,3140,10920,1278,1799,275,0,1456,3573,25441,23485,20756,2729,1508,840,381,33,33,0,0,0,0,124,197,221,1381,366
1072,88928,60610,58274,55668,2606,2336,28318,15680,1,40236,35843,118,35725,31756,2859,30833,3412,3045,373,27,834,3559,56640,48163,44557,3606,2488,878,240,722,607,69,46,0,0,202,1056,438,6059,366
1073,26632,15990,15986,15037,949,4,10642,15700,2,13123,10898,46,10852,9601,2710,7228,1023,1123,157,32,230,1995,14596,13260,11761,1499,1219,205,75,89,72,8,9,0,0,39,139,96,973,366
1074,31247,17346,17308,16459,849,38,13901,15740,2,16136,12793,114,12679,10937,2605,9199,1471,1116,122,12,475,2868,16280,15328,13949,1379,884,334,161,10,10,0,0,0,0,7,180,309,446,366
1075,22245,11085,11080,10335,745,5,11160,15780,2,10167,7906,18,7888,6881,1725,5302,798,1118,179,1,262,1999,10278,9870,9140,730,532,150,48,4,4,0,0,0,0,0,143,132,129,366
1076,29589,17086,16990,15820,1170,96,12503,15820,2,14161,11545,25,11520,9764,2051,8908,1412,1026,50,8,354,2262,15392,13494,12088,1406,1215,103,88,76,76,0,0,0,0,0,373,177,1272,366
1077,42020,16101,16019,15271,748,82,25919,15860,2,17510,14476,99,14377,12509,2256,10758,1399,1722,278,82,444,2590,15154,13277,11774,1503,1172,173,158,16,16,0,0,0,0,30,262,107,1462,366
1078,325068,200636,200439,190772,9667,197,124432,15940,1,165726,139521,380,139141,122946,16981,116660,14274,10852,1086,83,6040,20165,187312,165945,153756,12189,9246,1508,1435,1700,1662,0,20,0,18,166,3114,2211,14176,366
1079,635599,338974,338686,323011,15675,288,296625,15980,1,298343,266517,593,265924,244970,33107,225014,18397,19532,914,132,9006,22820,316808,272311,241758,30553,22289,4195,4069,1757,1580,16,11,49,101,2190,3202,7015,30333,366
1080,78410,48905,48870,46833,2037,35,29505,16020,1,36469,30851,88,30763,28528,6780,20873,1716,3577,324,36,557,5061,45703,41331,36772,4559,3543,646,370,158,158,0,0,0,0,47,630,578,2959,366
1081,110010,60953,60791,56989,3802,162,49057,16060,1,55298,45874,193,45681,42662,12362,29125,2339,5174,433,56,1777,7647,55355,49154,44108,5046,3863,858,325,511,477,0,25,0,9,193,1588,527,3382,366
1082,46630,28696,28602,27373,1229,94,17934,16100,2,22315,18237,55,18182,16167,4000,13110,1784,2014,158,16,709,3369,27025,25377,22860,2517,1627,475,415,106,106,0,0,0,0,44,124,243,1131,366
1083,16400,11086,11086,10832,254,0,5314,16140,2,8761,7265,45,7220,6588,1242,5451,490,780,103,12,183,1313,10683,9711,9002,709,513,144,52,42,42,0,0,0,0,3,223,76,628,366
1084,47434,28842,28770,27458,1312,72,18592,16180,1,23191,20139,193,19946,16880,2309,16842,2843,1600,142,5,782,2270,26817,24061,20756,3305,2583,483,239,375,375,0,0,0,0,38,488,320,1535,366
1085,62249,42345,42227,40555,1672,118,19904,16220,1,32634,28601,27,28574,25338,2644,24337,2896,1943,144,78,922,3111,40054,36174,32940,3234,2041,651,542,228,228,0,0,0,0,60,607,283,2702,366
1086,41856,26379,26350,25252,1098,29,15477,16260,2,17736,15437,92,15345,12450,1820,11447,2117,2621,637,8,693,1606,24744,21596,18894,2702,2157,262,283,44,44,0,0,0,0,28,641,170,2265,366
1087,218902,149894,149821,144143,5678,73,69008,16300,1,111730,99396,432,98964,85677,11892,83438,12167,6545,571,66,2761,9573,141857,123814,113896,9918,7177,1598,1143,446,436,0,0,10,0,453,2623,1154,13367,366
1088,33040,19552,19503,18244,1259,49,13488,16340,2,15507,12751,18,12733,11728,2827,8993,849,1344,92,0,318,2438,17842,16559,14792,1767,1106,267,394,100,100,0,0,0,0,0,329,178,676,366
1089,32373,22449,22425,21880,545,24,9924,16380,2,15923,14253,67,14186,12495,1491,12016,1500,1146,114,11,233,1437,21546,20438,18906,1532,1102,237,193,55,42,0,13,0,0,22,278,77,676,366
1090,25291,12924,12919,12159,760,5,12367,16420,2,11456,9086,60,9026,8307,1649,6593,586,1013,84,0,165,2205,11501,11029,10008,1021,835,129,57,2,2,0,0,0,0,0,78,202,190,366
1091,29855,17960,17934,16321,1613,26,11895,16460,2,15294,12648,77,12571,11113,2479,8475,1137,1881,274,13,371,2275,15819,14811,13304,1507,1291,158,58,31,25,0,6,0,0,21,213,53,690,366
1092,65902,36086,35952,33411,2541,134,29816,16500,2,31223,26383,243,26140,21653,3582,19465,3636,3230,592,31,1006,3834,32599,28682,24961,3721,2725,420,576,228,168,28,13,0,19,50,1305,321,2013,366
1093,124875,77853,77747,74754,2993,106,47022,16540,1,61854,53041,354,52687,45860,5962,44920,5924,3676,383,4,891,7922,73575,65541,58217,7324,5428,787,1109,151,151,0,0,0,0,163,1940,895,4885,366
1094,184803,114474,114396,108651,5745,78,70329,16580,1,88521,75791,211,75580,69092,9063,63294,5786,5921,239,62,5727,7003,106600,82645,74033,8612,6833,1145,634,4332,4305,9,3,15,0,1757,7728,909,9229,366
1095,213616,111142,110634,103462,7172,508,102474,16620,1,106522,88061,358,87703,71641,10845,71752,13496,7133,1889,147,2893,15568,102378,90973,82970,8003,6608,861,534,1632,1602,0,0,0,30,96,3028,719,5930,366
1096,48341,30941,30916,28903,2013,25,17400,16660,2,24395,20342,77,20265,17833,3303,15526,2218,1747,157,7,1022,3031,28120,24624,21875,2749,2144,420,185,55,28,0,27,0,0,211,1440,142,1648,366
1097,635872,416212,405367,388289,17078,10845,219660,16700,1,310220,258546,564,257982,238128,31616,216620,17067,21984,1581,118,20390,31284,391504,339176,309615,29561,22227,4884,2450,2837,2465,37,188,15,132,2234,7119,4489,35649,366
1098,2077497,1396328,1393270,1324675,68595,3058,681169,16740,1,1001934,897814,1530,896284,798159,97499,769548,86282,58259,4645,2922,17109,87011,1299044,1079855,970649,109206,83665,14410,11131,16572,11618,1745,431,2614,164,1229,16713,14567,170108,366
1099,182356,114394,113922,109774,4148,472,67962,16820,1,86039,75679,239,75440,68679,16025,55329,5662,5407,558,105,2314,8046,107927,83113,72991,10122,8582,1093,447,2717,2594,49,16,0,58,851,4789,1321,15136,366
1100,455116,280645,280264,266945,13319,381,174471,16860,1,222224,189545,231,189314,171483,26257,158976,16443,7754,544,139,4920,27759,261414,231052,207739,23313,18485,3143,1685,1570,1531,5,22,9,3,357,4158,2168,22109,366
1101,79301,53006,50046,48064,1982,2960,26295,16940,1,40842,36483,66,36417,30695,3431,30609,5263,3268,251,103,1166,3193,49806,44784,39838,4946,4143,476,327,53,50,0,0,3,0,155,713,583,3518,366
1102,7678509,5139787,5126671,4798531,328140,13116,2538722,16980,1,3620900,3209633,6537,3203096,2940174,360859,2740233,230322,223756,11596,4521,83753,327514,4711327,3497450,3140200,357250,269643,51446,36161,472764,175890,171470,120655,4293,456,28600,130845,67727,513941,366
1103,178693,103769,103649,96203,7446,120,74924,17020,1,85292,76141,195,75946,67814,8800,60697,6206,8903,1150,130,2035,7116,93043,78111,68682,9429,6973,1362,1094,668,585,64,12,7,0,1614,2963,1210,8477,366
1104,62684,33564,33524,31506,2018,40,29120,17060,2,29455,24667,51,24616,21944,2812,20748,2391,1224,171,11,921,3867,30724,29053,25758,3295,2358,728,209,132,132,0,0,0,0,7,385,131,1016,366
1105,1777248,1170353,1169121,1116009,53112,1232,606895,17140,1,882334,785760,2561,783199,716214,85794,674466,60264,45020,2903,740,17174,79400,1096590,948699,864259,84440,66223,12088,6129,15701,15406,166,16,62,51,1714,20489,9824,100163,366
1106,74067,41846,41792,39141,2651,54,32221,17220,2,34995,28273,67,28206,21405,4245,22498,6186,2020,414,43,821,5901,38331,34629,31783,2846,2301,431,114,99,94,0,5,0,0,133,1032,252,2186,366
1107,16561,8339,8331,7538,793,8,8222,17260,2,8301,5842,32,5810,4685,3115,2111,249,690,285,3,62,2397,7302,6615,5876,739,591,96,52,24,24,0,0,0,0,0,191,0,472,366
1108,240054,154383,135002,126777,8225,19381,85671,17300,1,113858,98519,167,98352,90955,14176,78096,5957,10068,910,44,3268,12071,142790,129757,117411,12346,9555,1436,1355,759,729,30,0,0,0,235,4117,1835,6087,366
1109,54806,28419,28369,25509,2860,50,26387,17340,2,26307,21944,125,21819,18204,3169,16187,2879,3341,486,27,601,3762,24536,19899,17004,2895,2277,233,385,234,232,2,0,0,0,27,611,248,3517,366
1110,24387,11514,11492,10720,772,22,12873,17380,2,11538,8131,1,8130,7314,1953,5591,570,904,130,13,469,2938,10362,9787,8909,878,517,179,182,0,0,0,0,0,0,0,156,128,291,366
1111,101501,61468,61407,57833,3574,61,40033,17420,1,47954,40431,134,40297,36343,6781,30926,3577,3561,200,78,734,6789,56345,52144,46123,6021,4580,1021,420,81,81,0,0,0,0,91,840,478,2711,366
1112,1697380,1080844,1080057,1013494,66563,787,616536,17460,1,879593,748979,2366,746613,658725,82149,638447,78418,51242,4241,662,23780,106834,995022,848993,775041,73952,56204,9931,7817,23869,21339,1420,351,704,55,2527,20602,11036,87995,366
1113,30042,18669,18669,17528,1141,0,11373,17500,2,12821,10266,0,10266,9138,2661,6674,942,1554,81,0,285,2270,17034,14211,11215,2996,1364,1110,522,491,491,0,0,0,0,181,726,446,979,366
1114,37343,22660,22583,21508,1075,77,14683,17540,2,19103,15871,111,15760,14281,2095,12674,1132,1322,172,5,390,2842,21096,18980,17449,1531,1317,111,103,73,73,0,0,0,0,20,407,408,1208,366
1115,37136,24069,20887,19177,1710,3182,13067,17580,2,18285,15612,37,15575,14150,3227,11757,1253,904,56,53,226,2447,21933,20830,18195,2635,2005,420,210,33,33,0,0,0,0,125,326,152,467,366
1116,29581,11763,11724,10866,858,39,17818,17620,2,13023,9053,51,9002,5142,2507,5776,3379,788,435,0,300,3670,10186,9481,9350,131,73,58,0,9,0,0,0,9,0,0,411,9,276,366
1117,21891,8378,8378,7970,408,0,13513,17640,2,9778,6832,92,6740,4174,2358,4160,2428,353,130,8,116,2830,7628,7096,6929,167,105,23,39,0,0,0,0,0,0,49,74,0,409,366
1118,133889,81733,81712,78809,2903,21,52156,17660,1,64914,57351,154,57197,51547,7621,44915,4642,6057,643,122,2196,5367,77384,67778,61270,6508,4893,1119,496,476,464,0,0,0,12,283,958,501,7388,366
1119,25147,14658,14645,13987,658,13,10489,17700,2,12793,10310,14,10296,8953,1968,7057,964,1754,272,18,366,2117,13748,12809,11370,1439,1180,124,135,0,0,0,0,0,0,6,378,157,398,366
1120,35472,20372,20372,19273,1099,0,15100,17740,2,16625,13674,68,13606,12258,2238,10126,1135,1512,129,15,474,2477,18829,17429,15241,2188,1621,399,168,43,34,0,9,0,0,41,358,214,744,366
1121,215623,131609,131251,125025,6226,358,84014,17780,1,97115,80487,125,80362,74555,11890,62270,4510,9408,661,124,7301,9327,122628,107525,95881,11644,8206,2221,1217,1373,1354,0,19,0,0,1368,2113,1473,8776,366
1122,589289,400296,369739,347510,22229,30557,188993,17820,1,280735,261462,753,260709,234551,22668,227117,22892,21600,1849,95,4639,14634,371716,309993,274184,35809,26551,5746,3512,2211,2025,93,0,82,11,1289,12060,3753,42410,366
1123,171247,113025,112837,108376,4461,188,58222,17860,1,82390,71579,346,71233,66050,5964,61767,4530,5880,452,5,3593,7218,106530,92404,82132,10272,8632,840,800,700,663,0,25,12,0,805,4702,802,7117,366
1124,663687,426760,415051,391849,23202,11709,236927,17900,1,322786,277987,432,277555,255427,34345,232045,18972,27316,1839,263,6488,38311,396568,344239,311949,32290,25384,4420,2486,2514,2226,52,40,142,54,348,16688,6068,26711,366
1125,255952,152704,140037,129540,10497,12667,103248,17980,1,123368,100119,230,99889,89784,16593,76571,8419,9838,613,141,4122,19127,139310,123092,111318,11774,8733,1476,1565,920,804,10,49,44,13,394,3122,2679,9103,366
1126,64438,42144,42137,40531,1606,7,22294,18020,1,32303,28531,126,28405,25977,3859,22496,1904,2449,245,35,545,3227,39796,34915,31102,3813,2735,769,309,114,114,0,0,0,0,154,466,239,3908,366
1127,46352,27256,26049,23944,2105,1207,19096,18060,2,22315,18495,14,18481,17673,5547,12102,680,1457,76,18,259,3561,24632,22841,21185,1656,1209,318,129,1,1,0,0,0,0,28,317,219,1226,366
1128,26044,18127,18118,17763,355,9,7917,18100,2,13306,11165,62,11103,9654,1468,8694,1289,1139,119,2,357,1784,17472,15692,13903,1789,1483,98,208,33,28,0,0,0,5,56,582,230,879,366
1129,1676012,1135259,1133842,1084799,49043,1417,540753,18140,1,832741,754964,1362,753602,692576,78034,651918,54912,43853,3135,387,14741,63036,1064636,892325,820784,71541,55688,9973,5880,14157,13879,177,11,69,21,2958,21514,10163,123519,366
1130,127662,84032,83855,80825,3030,177,43630,18180,2,59175,52937,218,52719,46063,3538,48139,6192,2129,202,0,1363,4875,79275,68773,62608,6165,4596,1078,491,280,259,21,0,0,0,158,1923,478,7663,366
1131,19013,11068,11068,10523,545,0,7945,18220,2,9677,7856,11,7845,6927,1626,5482,782,808,97,27,209,1612,10282,9665,8728,937,621,305,11,11,11,0,0,0,0,0,151,92,363,366
1132,92147,53611,53490,50838,2652,121,38536,18260,2,45187,35334,51,35283,29596,3734,30638,5129,1911,229,49,1376,8477,50286,46779,41586,5193,3981,753,459,13,11,0,0,2,0,0,733,205,2556,366
1133,54133,27944,27783,26077,1706,161,26189,18300,2,27627,23513,114,23399,20186,3649,17881,2717,2317,349,23,536,3578,25190,21451,18652,2799,2344,198,257,57,57,0,0,0,0,148,823,895,1816,366
1134,16165,9172,9172,8280,892,0,6993,18380,2,7651,5236,20,5216,4925,907,3839,264,610,21,0,123,2292,8004,7341,6425,916,812,45,59,26,26,0,0,0,0,63,126,70,378,366
1135,27865,15576,15572,14472,1100,4,12289,18420,2,14027,10056,49,10007,9179,2719,6664,767,967,20,11,663,3308,14364,13882,12484,1398,1126,212,60,0,0,0,0,0,0,20,166,98,198,366
1136,36829,20877,20850,20343,507,27,15952,18460,2,15123,12192,3,12189,11149,2161,9589,828,1360,84,3,463,2468,19718,17884,15596,2288,1648,352,288,12,12,0,0,0,0,0,147,447,1228,366
1137,76148,45233,45222,42386,2836,11,30915,18500,2,38650,32515,128,32387,27379,4210,25928,4334,2785,457,57,792,5343,41632,37030,33178,3852,2655,601,596,208,185,17,3,0,3,266,1301,378,2449,366
1138,328766,202205,199951,188504,11447,2254,126561,18580,1,153653,129381,121,129260,122229,18865,105428,5842,10427,632,105,3143,21129,187696,172954,155400,17554,13102,2305,2147,2106,1962,4,17,84,39,321,2207,1922,8186,366
1139,39748,23939,23928,22711,1217,11,15809,18620,2,17602,14236,25,14211,11945,3949,8085,1590,2990,366,71,165,3201,21985,20332,17732,2600,2020,420,160,77,67,0,0,10,0,28,322,136,1090,366
1140,39188,24865,24830,23376,1454,35,14323,18660,2,18260,14821,77,14744,12283,1478,12687,2233,779,170,14,1253,2186,22528,19497,16971,2526,2027,323,176,261,234,27,0,0,0,139,1052,230,1349,366
1141,81254,49649,49603,46466,3137,46,31605,18700,1,37370,34542,93,34449,31264,2597,30292,2869,2263,221,0,1193,1635,45576,31935,28510,3425,2688,418,319,1018,969,0,29,0,20,2704,3271,581,6067,366
1142,28893,16706,16696,15551,1145,10,12187,18740,2,14517,11093,33,11060,9257,1965,7957,1512,1482,231,1,260,3164,15361,13565,11548,2017,1198,312,507,18,18,0,0,0,0,210,294,557,717,366
1143,10254,6413,6374,6086,288,39,3841,18780,2,5121,4426,14,4412,3506,720,2982,687,775,208,0,120,575,6015,5596,4445,1151,893,132,126,67,67,0,0,0,0,9,105,15,223,366
1144,30342,19380,19358,18564,794,22,10962,18820,2,15420,13544,37,13507,12558,2820,9712,744,1168,141,11,287,1589,17943,16188,14334,1854,1570,140,144,100,40,0,33,0,27,27,587,69,972,366
1145,22215,9995,9995,9245,750,0,12220,18860,2,9531,8449,27,8422,6838,897,6756,1355,885,145,22,247,835,8939,7964,6749,1215,639,366,210,48,48,0,0,0,0,25,358,57,487,366
1146,227526,143519,131618,126281,5337,11901,84007,18880,1,111967,99527,278,99249,90044,10083,85755,8463,6571,354,8,3392,9048,135300,118667,104989,13678,10494,2205,979,529,470,28,8,0,23,855,2068,1698,11483,366
1147,51308,23751,23751,22330,1421,0,27557,18900,2,26523,22460,60,22400,19624,2799,18064,2351,2138,192,1,726,3337,21819,19901,17821,2080,1600,323,157,9,9,0,0,0,0,26,381,329,1173,366
1148,69798,40339,40337,38563,1774,2,29459,18980,2,32939,27034,55,26979,24259,6835,17596,2103,3575,247,20,677,5228,37895,36621,32214,4407,3334,668,405,2,2,0,0,0,0,0,304,40,928,366
1149,47929,26348,26309,24468,1841,39,21581,19000,2,22406,16878,148,16730,15046,3039,11835,1251,2282,319,86,1217,4311,23494,21019,19239,1780,1202,317,261,69,69,0,0,0,0,7,826,279,1294,366
1150,80585,40976,40933,38192,2741,43,39609,19060,1,37994,31392,82,31310,27101,4724,25194,3748,2088,282,18,835,5767,37554,33651,30656,2995,2341,312,342,205,201,4,0,0,0,22,1300,269,2107,366
1151,5814598,4018282,4012637,3821813,190824,5645,1796316,19100,1,2693107,2434922,3238,2431684,2283927,317640,2001516,121797,239736,12155,1767,54436,203749,3758555,3205007,2848828,356179,262121,56587,37471,38949,24349,5047,5773,3435,345,5233,46027,44396,418943,366
1152,110621,68566,68541,63997,4544,25,42055,19140,1,49689,41566,135,41431,31538,11830,28207,9306,2279,236,2,700,7423,63409,60162,54065,6097,4792,534,771,27,27,0,0,0,0,26,523,534,2137,366
1153,58899,32522,32479,30322,2157,43,26377,19180,1,29747,23907,142,23765,21689,6545,15041,1689,3106,199,16,739,5101,29974,26998,24868,2130,1823,184,123,252,252,0,0,0,0,33,529,221,1941,366
1154,44203,24363,24334,22856,1478,29,19840,19220,2,21155,17031,73,16958,15642,3693,11093,990,2988,213,29,322,3802,21985,19626,17467,2159,1736,247,176,108,108,0,0,0,0,34,559,120,1538,366
1155,85108,45860,45762,43184,2578,98,39248,19260,2,43253,31689,213,31476,28020,9648,18959,2807,3090,433,68,1235,10329,42237,38333,35218,3115,2145,458,512,561,560,1,0,0,0,34,558,897,1854,366
1156,183804,108873,108361,104367,3994,512,74931,19300,1,87190,76939,337,76602,71307,14812,57128,4044,9683,737,0,1713,8538,102650,92013,83559,8454,6662,1466,326,133,97,0,0,0,36,162,1212,1117,8013,366
1157,306246,194296,193875,184083,9792,421,111950,19340,1,157097,135466,416,135050,124214,20648,108354,9122,10199,692,129,3879,17752,180772,163882,151641,12241,9182,1765,1294,1369,1335,8,19,0,7,341,3915,1186,10079,366
1158,26269,13991,13991,12814,1177,0,12278,19420,2,12756,10851,13,10838,10118,2761,7176,634,1035,58,0,107,1798,12326,11503,10315,1188,872,105,211,18,18,0,0,0,0,0,215,74,516,366
1159,652413,409930,404954,382701,22253,4976,242483,19430,1,335757,296561,605,295956,268479,36489,248749,24410,20252,1388,147,6193,33003,379130,333689,304607,29082,22864,3883,2335,5421,5324,75,22,0,0,793,8759,2534,27934,366
1160,124257,70451,70411,67332,3079,40,53806,19460,1,59928,46600,142,46458,38957,10128,33009,6341,4858,848,67,2947,10381,66561,63112,58623,4489,3676,498,315,94,94,0,0,0,0,30,643,398,2284,366
1161,83365,49184,49146,45175,3971,38,34181,19500,1,43264,35486,72,35414,30398,6099,27627,4408,2673,149,19,1211,6567,44550,40558,37376,3182,2590,455,137,536,517,15,0,3,1,57,794,264,2341,366
1162,25370,15842,15842,15364,478,0,9528,19540,2,12279,9315,63,9252,8102,1876,6476,927,969,114,53,240,2724,15254,13905,11580,2325,879,224,1222,98,98,0,0,0,0,56,309,133,753,366
1163,30617,20032,20032,19014,1018,0,10585,19580,2,15075,12805,69,12736,11055,1099,10840,1468,1303,82,9,263,2007,18670,17378,15859,1519,1118,184,217,15,6,0,0,9,0,9,394,219,655,366
1164,35585,21817,20090,19210,880,1727,13768,19620,2,16146,11203,2,11201,10210,2119,8549,865,1259,74,0,676,4267,20623,19065,16613,2452,1741,336,375,79,27,0,52,0,0,113,406,540,420,366
1165,559410,298361,297806,285566,12240,555,261049,19660,1,274060,230925,422,230503,197983,44551,166362,26417,17520,1343,3534,11620,31515,281495,241987,218650,23337,18201,3636,1500,2032,1772,51,164,0,45,1558,2929,4487,28502,366
1166,19200,8731,8670,8020,650,61,10469,19700,2,9047,6617,23,6594,6200,2492,3676,281,570,82,0,77,2353,7893,7205,6002,1203,632,93,478,19,19,0,0,0,0,5,129,139,396,366
1167,2359715,1691120,1686730,1614793,71937,4390,668595,19740,1,1155612,1069230,2035,1067195,988655,92200,938404,68494,77163,4341,564,24177,62205,1591419,1230026,1110238,119788,91578,16883,11327,52769,34308,5494,3748,8982,237,12268,33502,17930,244924,366
1168,28365,15909,15606,14275,1331,303,12456,19760,2,13352,11449,23,11426,10472,3065,6355,666,2775,215,9,157,1746,14232,13359,11795,1564,1239,147,178,15,15,0,0,0,0,17,248,199,394,366
1169,545338,389797,388624,372889,15735,1173,155541,19780,1,277960,245871,803,245068,226639,32475,199690,15924,23075,1466,160,8463,23626,366840,315114,287169,27945,21360,4374,2211,2505,2296,98,0,27,84,857,6113,3828,38423,366
1170,3528832,2210878,2209212,2058921,150291,1666,1317954,19820,1,1731006,1523634,3296,1520338,1368491,193509,1275207,134600,96675,8332,1207,39910,167462,2012308,1747837,1589147,158690,121138,21242,16310,24821,23780,334,177,190,340,3973,26843,21032,187802,366
1171,25521,17347,17347,16886,461,0,8174,19860,2,13428,11308,30,11278,10024,1463,9502,1180,990,32,3,484,1636,16661,14832,13400,1432,920,165,347,141,137,0,0,0,4,13,295,122,1258,366
1172,28366,15795,15792,15221,571,3,12571,19940,2,13508,11172,48,11124,10053,1524,8589,791,1487,214,3,369,1967,15034,14004,12681,1323,910,306,107,113,113,0,0,0,0,13,194,133,577,366
1173,25120,17885,17885,17219,666,0,7235,19980,2,11571,9764,40,9724,8870,1967,7066,711,810,116,0,140,1667,16953,16174,13679,2495,1372,978,145,0,0,0,0,0,0,25,143,203,408,366
1174,119867,66287,65947,62709,3238,340,53580,20020,1,57802,45945,239,45706,41045,10928,32043,3847,4607,394,10,1369,10488,61900,58703,53585,5118,3985,808,325,33,30,3,0,0,0,37,404,547,2176,366
1175,40072,22022,21930,20943,987,92,18050,20060,2,17902,13439,31,13408,11705,2311,10203,1308,2345,146,12,733,3730,20783,19118,17539,1579,1233,215,131,28,28,0,0,0,0,0,181,1139,317,366
1176,143056,87731,84832,80122,4710,2899,55325,20100,1,66720,59216,126,59090,53718,8953,47579,4777,4057,286,34,1022,6482,81165,72862,65557,7305,5031,1039,1235,660,588,0,30,42,0,217,1867,821,4738,366
1177,50939,26200,26200,24544,1656,0,24739,20140,2,22803,16294,46,16248,12111,3410,11576,3462,2000,312,34,396,6113,24036,23127,20420,2707,1931,273,503,16,16,0,0,0,0,23,123,174,573,366
1178,67634,36561,36539,34188,2351,22,31073,20180,2,31195,24733,296,24437,20515,3703,19089,3361,1995,359,57,784,5678,33550,30247,27037,3210,2524,450,236,67,67,0,0,0,0,71,895,389,1881,366
1179,78928,53356,53331,51166,2165,25,25572,20220,1,39534,34683,146,34537,31372,3942,27125,2717,4698,226,32,1056,3795,50534,44358,41093,3265,2549,410,306,394,372,22,0,0,0,75,1198,348,4161,366
1180,241326,147777,147304,140401,6903,473,93549,20260,1,123015,104138,637,103501,93129,16363,78500,8369,11849,1120,102,3426,15451,138201,119406,108593,10813,8244,1259,1310,1765,1721,14,0,20,10,600,5612,1101,9717,366
1181,15267,10098,10098,9893,205,0,5169,20300,2,6893,5774,0,5774,5231,1653,3694,457,578,32,0,213,906,9821,9271,8245,1026,796,157,73,1,1,0,0,0,0,16,333,145,55,366
1182,34096,18568,18523,17475,1048,45,15528,20340,2,16633,13510,45,13465,11629,3277,8637,1478,1666,296,13,468,2655,17175,15978,14263,1715,1359,160,196,9,9,0,0,0,0,84,276,218,610,366
1183,46374,30081,30060,29066,994,21,16293,20420,2,22266,18571,51,18520,15841,2428,14089,2164,2335,267,59,1045,2650,28712,22132,19799,2333,1725,348,260,171,163,0,8,0,0,712,1346,257,4094,366
1184,36256,21205,21185,20067,1118,20,15051,20460,2,17731,13481,13,13468,11828,3657,8006,1098,2485,434,0,950,3300,19582,18005,16010,1995,1511,330,154,0,0,0,0,0,0,53,439,160,925,366
1185,527382,334228,333773,318504,15269,455,193154,20500,1,254732,226075,476,225599,207205,24902,192743,16046,15989,780,224,7862,20795,311595,244896,220754,24142,17859,3913,2370,8166,7995,62,15,65,29,2013,7307,4095,45118,366
1186,28958,17190,17190,16194,996,0,11768,20540,2,14659,12275,27,12248,11075,3192,8284,1002,868,93,17,397,1987,16073,15151,14001,1150,1016,43,91,0,0,0,0,0,0,14,92,263,553,366
1187,41719,23807,23785,22119,1666,22,17912,20580,2,17690,12102,0,12102,9420,2270,9578,2536,556,43,0,199,5389,21774,20085,17418,2667,1831,444,392,71,71,0,0,0,0,78,271,274,995,366
1188,31461,17944,17910,17267,643,34,13517,20660,2,16251,14394,62,14332,12319,1607,11804,1861,1282,99,21,197,1660,17010,13788,12572,1216,962,128,126,142,80,28,0,20,14,76,476,179,2349,366
1189,139425,85083,84972,79589,5383,111,54342,20700,1,59208,53161,186,52975,46957,4234,46534,5310,4463,216,70,912,5135,77863,67953,59456,8497,7020,968,509,2500,2305,185,10,0,0,0,1257,869,5284,366
1190,139178,93206,93148,90090,3058,58,45972,20740,1,68032,60024,239,59785,53081,8298,48692,5820,4221,507,61,1381,6627,88247,76364,69922,6442,5149,666,627,405,378,2,2,8,15,564,2163,736,8015,366
1191,45189,33899,33823,32509,1314,76,11290,20780,2,19511,18584,30,18554,17364,4281,13677,932,1682,61,0,157,770,31940,25223,22881,2342,1844,144,354,1232,1212,20,0,0,0,207,951,395,3932,366
1192,27120,18122,18118,17642,476,4,8998,20820,2,14104,12251,76,12175,11072,1856,9485,968,1294,51,46,276,1577,17402,15111,14022,1089,747,208,134,72,72,0,0,0,0,37,458,197,1527,366
1193,31941,19058,19058,17914,1144,0,12883,20900,2,14991,11809,155,11654,10413,4270,5684,859,2265,316,24,302,2880,17609,16642,14995,1647,1131,151,365,4,4,0,0,0,0,25,330,162,446,366
1194,133547,68297,67865,58404,9461,432,65250,20940,1,45541,38931,82,38849,37258,6789,30026,1277,3965,166,22,904,5706,57287,50454,45553,4901,3171,821,909,463,463,0,0,0,0,134,1642,1073,3521,366
1195,30908,16285,16285,15572,713,0,14623,20980,2,14791,10237,32,10205,8646,2516,6627,1347,1424,167,9,964,3590,15374,14411,13272,1139,796,178,165,39,39,0,0,0,0,0,345,55,524,366
1196,43022,24990,24178,22928,1250,812,18032,21020,2,20794,17378,41,17337,15326,2624,13690,1748,1552,83,30,691,2725,23517,21439,18724,2715,1941,438,336,4,4,0,0,0,0,57,493,313,1211,366
1197,121963,75813,71439,67163,4276,4374,46150,21060,1,58525,48358,224,48134,42342,5824,40276,5219,3652,363,17,2837,7330,70132,63964,57214,6750,5379,715,656,240,211,0,0,0,29,133,1461,795,3539,366
1198,17652,9227,9227,8628,599,0,8425,21120,2,7907,6512,0,6512,6114,1791,4227,363,857,33,0,303,1092,8376,7425,6667,758,675,24,59,86,86,0,0,0,0,0,355,236,274,366
1199,155653,102650,102635,98102,4533,15,53003,21140,1,71343,61816,222,61594,55867,9825,48472,5010,4420,246,138,1290,8237,96136,87552,72479,15073,11679,2153,1241,157,122,0,5,0,30,1133,1943,959,4392,366
1200,23418,11531,11502,10518,984,29,11887,21180,2,10065,7651,7,7644,6607,917,6078,797,909,109,0,191,2223,10312,9145,8422,723,548,152,23,13,13,0,0,0,0,23,348,415,368,366
1201,41889,28325,28288,27005,1283,37,13564,21220,2,19169,16906,64,16842,15311,3557,11611,1249,2072,119,43,598,1665,26592,21516,17503,4013,1759,785,1469,2956,2956,0,0,0,0,18,689,377,1036,366
1202,37526,23527,23432,21866,1566,95,13999,21260,2,18772,16570,31,16539,15028,1630,13544,1293,1574,138,26,932,1270,21424,16797,15506,1291,938,216,137,312,287,7,0,0,18,115,1576,380,2244,366
1203,68659,39558,39474,37048,2426,84,29101,21300,1,34223,28878,65,28813,24245,3612,23734,4113,1976,278,24,1064,4281,36093,32092,29313,2779,2061,492,226,426,413,13,0,0,0,112,1155,492,1816,366
1204,656414,411303,393367,366737,26630,17936,245111,21340,1,289055,244852,392,244460,228187,43852,189378,14457,24441,911,173,8345,35858,375834,335175,295378,39797,27853,7678,4266,4415,4233,36,137,9,0,439,5251,8682,21872,366
1205,27993,19126,19049,18442,607,77,8867,21380,2,14278,12140,20,12120,11196,3010,8036,809,1228,97,0,430,1708,17649,15829,13698,2131,1818,173,140,26,26,0,0,0,0,66,636,158,934,366
1206,48591,30781,29611,28450,1161,1170,17810,21420,1,23875,19384,24,19360,17141,2871,14860,1877,2471,245,8,879,3612,28962,26403,22803,3600,2764,447,389,68,66,0,0,0,2,191,324,870,1106,366
1207,41953,24250,22750,21592,1158,1500,17703,21460,2,20478,17252,83,17169,15780,3111,13095,1132,1779,123,2,439,2787,22536,21243,19389,1854,1309,283,262,4,0,0,0,0,4,107,128,353,701,366
1208,220378,132771,132571,124815,7756,200,87607,21500,1,108861,92845,542,92303,81113,13162,76560,10280,4724,300,106,2477,13539,122953,107654,95204,12450,9563,1868,1019,1691,1691,0,0,0,0,448,3960,1462,7738,366
1209,30709,16055,16053,15248,805,2,14654,21540,2,15695,12754,34,12720,10729,2261,9152,1547,1610,331,24,492,2449,14969,13644,12157,1487,1003,249,235,98,98,0,0,0,0,52,368,206,601,366
1210,32248,16649,16627,15591,1036,22,15599,21580,2,13293,8452,15,8437,5964,1200,5298,1009,2125,929,85,389,4452,15342,13954,12546,1408,1021,215,172,154,154,0,0,0,0,24,303,196,711,366
1211,22624,10155,10155,9182,973,0,12469,21640,2,10034,6389,21,6368,5702,1874,3769,548,1038,88,0,726,2919,9082,8649,7539,1110,825,165,120,7,7,0,0,0,0,10,184,81,151,366
1212,318901,192622,192291,178782,13509,331,126279,21660,1,157183,141636,584,141052,127800,16138,116780,11395,10685,1254,115,4887,10660,175925,138080,120882,17198,13888,2032,1278,4532,4450,0,8,31,43,5163,7438,1814,18898,366
1213,113597,66508,66418,60195,6223,90,47089,21700,2,53729,47295,80,47215,40142,6030,37025,5845,4303,842,105,911,5523,57701,45848,39666,6182,5149,689,344,773,753,20,0,0,0,522,3391,867,6300,366
1214,15328,10049,10036,9688,348,13,5279,21740,2,7675,6957,0,6957,6182,781,5090,607,1301,117,6,158,560,9606,8907,7610,1297,929,263,105,103,103,0,0,0,0,9,147,70,370,366
1215,251677,158550,158496,151934,6562,54,93127,21780,1,129129,111667,140,111527,98816,17133,88441,11197,8948,795,61,2950,14512,149354,136651,125605,11046,8232,1718,1096,970,903,0,12,53,2,218,2972,1586,6957,366
1216,75869,52427,45136,42297,2839,7291,23442,21820,1,35298,31407,210,31197,27373,6191,23648,3748,1876,17,19,928,2963,48535,42215,35799,6416,5001,900,515,350,334,0,16,0,0,323,1955,773,2919,366
1217,12972,7759,7759,7368,391,0,5213,21840,2,6688,5689,54,5635,5078,911,4282,485,640,35,12,202,797,7240,5761,5144,617,549,47,21,3,3,0,0,0,0,49,317,78,1032,366
1218,16083,10498,10485,9915,570,13,5585,21860,2,8739,7447,59,7388,6384,1252,5345,800,962,146,10,130,1162,9720,8335,7775,560,415,68,77,36,36,0,0,0,0,39,292,146,872,366
1219,46014,26942,26909,25417,1492,33,19072,21900,2,23278,19872,22,19850,17304,2696,16348,2284,1090,167,15,536,2870,24894,22163,19691,2472,2012,200,260,102,95,7,0,0,0,9,814,295,1511,366
1220,19963,12317,11072,10349,723,1245,7646,21980,2,9753,8596,14,8582,7806,819,7384,658,525,45,0,71,1086,11236,9991,9239,752,537,200,15,100,100,0,0,0,0,111,426,77,531,366
1221,195668,146801,146043,141318,4725,758,48867,22020,1,102975,90145,229,89916,83276,10444,76247,5824,6444,417,79,4942,7888,139622,122540,111423,11117,7668,2029,1420,1321,1235,42,1,37,6,595,3609,1959,9598,366
1222,53913,34911,34864,33052,1812,47,19002,22060,2,23078,20685,37,20648,18869,3302,16149,1516,1545,173,29,439,1954,32311,25262,22595,2667,1692,732,243,99,96,0,3,0,0,149,1245,377,5179,366
1223,54823,28635,28630,27197,1433,5,26188,22100,2,23419,19238,16,19222,17861,3586,13942,1052,2375,213,11,560,3621,26552,24534,21918,2616,1871,397,348,52,52,0,0,0,0,0,324,331,1311,366
1224,94424,49868,49863,45759,4104,5,44556,22140,1,40639,27249,127,27122,22452,4537,20277,3759,3437,559,92,3263,10127,44811,41484,37321,4163,3253,522,388,107,107,0,0,0,0,70,1035,264,1851,366
1225,399809,251747,214633,198619,16014,37114,148062,22180,1,189938,162924,289,162635,144124,18730,138761,16493,10114,918,164,6067,20947,231359,207154,185469,21685,16918,2939,1828,976,865,55,0,45,11,233,8363,3218,11415,366
1226,416907,272374,272161,261748,10413,213,144533,22220,1,198494,168187,379,167808,155907,23533,134841,10290,12489,873,108,10016,20291,258936,229051,203614,25437,17874,4428,3135,785,644,42,0,0,99,1003,3403,1392,23302,366
1227,48116,30144,30114,28794,1320,30,17972,22260,2,24838,20583,168,20415,17931,3643,15524,2267,1611,121,28,739,3516,28277,24181,21665,2516,1896,353,267,247,240,0,0,4,3,81,930,311,2527,366
1228,46914,27187,27007,24829,2178,180,19727,22280,2,22342,19980,38,19942,17561,3038,14937,1890,2742,274,61,385,1977,24397,22523,19856,2667,2080,396,191,216,187,0,0,28,1,46,434,73,1105,366
1229,60219,39119,39081,37630,1451,38,21100,22300,2,31164,27531,103,27428,24566,2651,23267,2523,2161,286,14,642,2991,36634,33357,30456,2901,2238,331,332,95,95,0,0,0,0,87,553,293,2249,366
1230,13526,7598,7575,7258,317,23,5928,22340,2,6828,4147,0,4147,3443,646,3067,439,1117,125,0,706,1975,7253,6948,6292,656,586,50,20,40,40,0,0,0,0,0,10,128,127,366
1231,118812,73001,72967,67266,5701,34,45811,22380,1,51037,41257,143,41114,35727,5567,31468,4035,4462,874,98,1829,7951,65807,51723,44879,6844,5331,846,667,1067,927,0,25,0,115,1084,5534,787,5612,366
1232,325547,188511,188424,171990,16434,87,137036,22420,1,164905,138411,447,137964,114784,17355,116213,21445,7442,761,34,4728,21766,168746,153719,137686,16033,13178,1708,1147,2124,2113,0,0,0,11,115,1824,1255,9709,366
1233,159613,90553,90197,85600,4597,356,69060,22500,1,77030,57259,202,57057,45033,10812,41603,9441,6410,2340,21,3142,16629,84569,77657,70344,7313,5690,1129,494,192,153,0,2,37,0,153,842,852,4873,366
1234,122618,69785,69632,66988,2644,153,52833,22520,1,60568,46641,154,46487,41127,11726,31430,4522,5046,589,24,2441,11486,65926,61865,55968,5897,4864,713,320,40,38,0,0,0,2,64,716,534,2707,366
1235,84430,55962,55951,53991,1960,11,28468,22540,1,42151,36079,184,35895,31710,5070,27448,3630,3854,337,26,1096,4976,53241,47836,43761,4075,2802,870,403,94,87,0,3,0,4,200,1296,690,3125,366
1236,52878,27897,27851,26157,1694,46,24981,22580,2,25925,20052,49,20003,17721,4447,12966,1793,3106,287,23,602,5271,25556,23712,20891,2821,2170,292,359,24,24,0,0,0,0,29,221,440,1130,366
1237,19177,8632,8588,8020,568,44,10545,22620,2,8146,5592,11,5581,4347,1743,3093,813,860,399,0,340,2214,7912,7432,6698,734,530,150,54,1,1,0,0,0,0,0,174,59,246,366
1238,293859,198204,197552,188550,9002,652,95655,22660,1,145175,132893,416,132477,119886,9618,115547,10838,12261,1036,167,5259,7023,186493,143722,131783,11939,9158,1908,873,2196,2062,127,0,0,7,4459,5205,2120,28791,366
1239,30119,18136,18102,17548,554,34,11983,22700,2,15659,12717,117,12600,11312,2722,9249,1132,980,30,18,632,2310,17218,15621,14121,1500,1127,243,130,97,31,0,0,45,21,18,591,311,580,366
1240,42963,30356,20139,19043,1096,10217,12607,22780,2,15506,12434,28,12406,10580,1556,10036,1739,1234,65,3,1406,1666,28940,19547,17926,1621,1385,164,72,67,67,0,0,0,0,41,7009,438,1838,366
1241,46861,27818,27749,26512,1237,69,19043,22800,2,23800,19441,164,19277,16665,3306,14114,2173,1806,245,62,576,3783,26236,23651,21801,1850,1442,275,133,75,75,0,0,0,0,109,553,215,1633,366
1242,22116,14043,14010,13406,604,33,8073,22820,2,10601,9451,36,9415,8492,2042,6553,738,1066,122,19,171,979,13019,11860,9923,1937,1549,322,66,10,10,0,0,0,0,5,217,158,769,366
1243,56358,31280,31256,29926,1330,24,25078,22840,2,25601,20497,32,20465,18814,5023,14273,1271,1717,293,27,538,4566,29399,27901,24299,3602,2672,446,484,43,43,0,0,0,0,9,343,119,984,366
1244,37885,23078,16939,15808,1131,6139,14807,22860,2,17263,14626,65,14561,13108,3775,9193,1146,2452,220,6,272,2365,21514,19184,17460,1724,1303,188,233,0,0,0,0,0,0,68,684,344,1234,366
1245,192948,110460,109995,104594,5401,465,82488,22900,1,95676,75734,302,75432,67356,14460,55333,6265,7797,1171,29,2553,17389,103241,96067,86775,9292,6925,1626,741,183,140,0,0,0,43,95,1375,1368,4153,366
1246,321788,215165,214932,204244,10688,233,106623,23060,1,163476,144884,485,144399,131863,20359,119308,11398,7787,480,150,3259,15333,200669,182183,164716,17467,12328,2896,2243,1450,1388,0,0,19,43,713,2634,1331,12358,366
1247,25300,16217,16199,15609,590,18,9083,23140,2,12146,9660,56,9604,8577,2738,5996,889,1002,98,0,364,2122,15185,13596,12176,1420,1083,246,91,0,0,0,0,0,0,37,274,350,928,366
1248,60456,37200,37185,35380,1805,15,23256,23180,2,31310,26013,14,25999,23916,5809,18323,1703,2527,265,15,1875,3422,34795,30633,27402,3231,2211,493,527,165,165,0,0,0,0,0,558,209,3230,366
1249,22060,12704,12704,12104,600,0,9356,23240,2,11205,9675,13,9662,8644,1793,6268,778,1752,189,18,218,1312,11870,10271,8775,1496,1204,169,123,55,28,0,0,27,0,17,390,66,1071,366
1250,36335,21991,21838,20351,1487,153,14344,23300,2,19253,16175,112,16063,13898,2496,12172,1780,1704,237,30,370,2708,20246,17640,16015,1625,1294,224,107,206,197,9,0,0,0,60,531,319,1490,366
1251,29157,19178,19164,18249,915,14,9979,23340,2,14639,12410,137,12273,10782,1639,9687,1346,1120,94,0,290,1939,17943,16669,14942,1727,1205,359,163,3,0,0,0,0,3,182,306,169,614,366
1252,47683,29258,29247,27651,1596,11,18425,23380,2,23797,19949,150,19799,17354,3363,15036,2080,1970,257,19,596,3252,26996,25463,23449,2014,1670,167,177,113,113,0,0,0,0,96,354,212,758,366
1253,748482,456835,455708,415669,40039,1127,291647,23420,1,314421,263809,678,263131,241493,39337,209633,18068,26835,1810,449,9842,40770,403192,358964,312537,46427,31099,7380,7948,3800,3607,89,25,24,55,1680,5940,5215,27593,366
1254,83562,46520,46502,43658,2844,18,37042,23460,1,38289,31549,25,31524,28579,6719,22449,2432,3576,277,20,910,5830,42777,40883,38006,2877,2292,251,334,49,5,0,0,5,39,10,401,153,1281,366
1255,44659,25571,25492,23714,1778,79,19088,23500,2,21081,14939,18,14921,13483,3360,10442,1113,1802,152,56,1263,4879,23331,21977,19362,2615,2244,142,229,3,3,0,0,0,0,0,166,182,1003,366
1256,280938,163670,163552,155681,7871,118,117268,23540,1,128910,109369,303,109066,100799,11731,89963,6788,10527,988,203,6487,13054,152198,127650,111900,15750,12714,1518,1518,3593,3512,0,0,0,81,2737,3648,2189,12381,366
1257,157280,101209,101014,97384,3630,195,56071,23580,1,67241,60965,42,60923,57793,8949,49329,2721,5718,131,42,1013,5263,96275,86176,73995,12181,7752,2234,2195,587,568,19,0,0,0,32,968,1496,7016,366
1258,32518,20770,20770,19984,786,0,11748,23620,2,16106,12613,15,12598,11293,2519,8617,971,1982,231,75,582,2911,19798,18068,15579,2489,1789,456,244,31,18,13,0,0,0,72,344,219,1064,366
1259,41240,22138,22107,20962,1145,31,19102,23660,2,20575,15991,108,15883,13975,3057,12044,1480,1149,190,15,1124,3460,20674,18445,16710,1735,1385,260,90,127,125,0,0,0,2,72,968,165,897,366
1260,54692,26915,26767,23827,2940,148,27777,23700,2,20769,10581,187,10394,8130,3591,5986,1765,1243,401,5,1180,9008,23714,19449,17371,2078,1558,386,134,382,379,0,3,0,0,25,856,216,2786,366
1261,30957,22235,22196,21101,1095,39,8722,23780,2,14230,11806,8,11798,10731,2324,8974,843,1173,52,0,260,2164,20755,19580,16915,2665,1800,488,377,38,38,0,0,0,0,41,205,84,807,366
1262,42321,22449,22385,21545,840,64,19872,23820,2,20911,19190,29,19161,15893,1618,16697,2914,1611,114,30,201,1520,20949,17965,15598,2367,1993,226,148,29,29,0,0,0,0,128,350,435,2042,366
1263,52962,27813,27778,25879,1899,35,25149,23860,2,25690,20279,41,20238,18715,2118,16578,1378,2055,93,14,978,4433,25371,22419,20062,2357,1536,546,275,203,203,0,0,0,0,14,372,333,2030,366
1264,85357,53845,53804,51901,1903,41,31512,23900,1,39908,34633,401,34232,30394,3929,28803,3388,2091,109,57,795,4480,50480,44520,40322,4198,2863,1033,302,130,82,0,48,0,0,127,1647,285,3771,366
1265,46477,31648,31496,30534,962,152,14829,23940,2,22766,20301,0,20301,18189,3929,13824,1707,3322,355,0,699,1766,29899,26879,23543,3336,2169,675,492,437,437,0,0,0,0,79,665,288,1551,366
1266,43167,23920,23915,22520,1395,5,19247,23980,2,21394,17811,110,17701,12590,2186,15110,4832,764,89,0,523,3060,21885,19954,17528,2426,2072,204,150,77,65,12,0,0,0,0,346,255,1253,366
1267,106736,64070,63849,60721,3128,221,42666,24020,1,53334,45438,203,45235,37219,5056,36516,6592,4647,1078,36,1037,6859,59415,52853,48269,4584,3710,565,309,332,278,26,19,0,9,234,1600,738,3658,366
1268,62322,45916,45904,44236,1668,12,16406,24060,2,28909,26284,47,26237,23314,4858,18707,2259,3806,407,48,594,2031,43341,32402,27530,4872,3646,802,424,2984,2965,17,0,0,2,1304,1867,369,4415,366
1269,43910,25794,25771,24467,1304,23,18116,24100,2,21712,17956,167,17789,12205,1315,15511,4475,832,166,487,445,3311,23901,21965,19632,2333,2067,238,28,86,84,2,0,0,0,28,490,329,1003,366
1270,92998,56784,53669,51281,2388,3115,36214,24140,1,46761,39958,10,39948,36252,6837,31115,3297,3134,192,34,538,6265,53102,49929,43182,6747,5199,916,632,200,200,0,0,0,0,76,792,208,1897,366
1271,49022,27641,27635,25919,1716,6,21381,24180,2,24195,21572,17,21555,19761,4170,15369,1303,3727,348,1,851,1772,25699,23129,21496,1633,1214,224,195,33,0,0,0,0,33,0,234,209,2094,366
1272,83613,58467,56727,54478,2249,1740,25146,24220,1,43225,36209,40,36169,32820,4589,30124,2970,2139,267,2,2355,4661,54664,48314,43726,4588,3195,859,534,584,545,20,0,0,19,241,2328,429,2768,366
1273,58356,40105,40045,38753,1292,60,18251,24260,1,29398,25112,168,24944,22128,4299,18458,2240,2780,288,187,874,3412,38024,35643,31392,4251,3140,676,435,88,88,0,0,0,0,59,558,497,1179,366
1274,125329,77350,77339,72982,4357,11,47979,24300,1,61977,55355,373,54982,49432,5588,46140,4773,4343,488,34,1155,5467,71370,59700,54320,5380,3852,950,578,478,458,0,0,0,20,786,1786,1502,7118,366
1275,36746,20503,20497,19153,1344,6,16243,24330,2,18210,15201,107,15094,13024,2221,11934,1792,1307,148,3,508,2501,18737,16500,14614,1886,1411,340,135,199,199,0,0,0,0,66,427,260,1285,366
1276,852767,575972,575593,549667,25926,379,276795,24340,1,403507,356883,871,356012,324230,46887,293327,27521,24470,2238,324,9884,36740,539660,472580,426594,45986,34530,6588,4868,6898,6735,80,48,0,35,1957,11830,3637,42758,366
1277,21529,9552,9533,8725,808,19,11977,24380,2,7934,5196,18,5178,3166,1266,2888,1354,1177,567,29,195,2543,8608,7164,6466,698,497,130,71,87,87,0,0,0,0,11,160,334,852,366
1278,72757,36078,36034,33300,2734,44,36679,24420,1,36148,30958,148,30810,26447,4468,22660,3358,4392,648,44,1335,3855,32655,28157,25094,3063,2526,283,254,83,83,0,0,0,0,316,721,481,2897,366
1279,20262,13061,13047,12556,491,14,7201,24460,2,10147,8343,15,8328,7375,1067,6731,772,837,82,7,238,1566,12399,11124,10285,839,435,97,307,50,50,0,0,0,0,32,292,84,817,366
1280,67038,42146,39741,38377,1364,2405,24892,24500,1,34194,28336,102,28234,25088,2887,23799,2729,2243,216,21,677,5181,39957,35701,31905,3796,2941,398,457,314,314,0,0,0,0,252,1072,352,2266,366
1281,247228,171495,171345,162893,8452,150,75733,24540,1,111222,99853,193,99660,92310,10356,82020,5906,12267,793,52,2576,8793,160321,139662,123003,16659,11403,3164,2092,611,609,0,2,0,0,358,3110,1351,15229,366
1282,260076,176155,176089,171176,4913,66,83921,24580,1,132228,116239,544,115695,104861,15192,94318,9191,9786,850,120,3063,12926,168411,149958,137105,12853,9710,2161,982,791,788,0,0,0,3,168,3074,1278,13142,366
1283,57908,30555,30541,28905,1636,14,27353,24620,2,27468,20556,146,20410,17629,4402,15166,2527,998,118,21,1186,5726,27994,25875,23747,2128,1565,418,145,13,13,0,0,0,0,16,296,325,1469,366
1284,621226,389136,388473,367076,21397,663,232090,24660,1,303285,252506,466,252040,228578,30357,214334,20284,16796,1329,197,10958,39821,359217,318315,286693,31622,24433,4397,2792,3901,3778,77,33,0,13,563,5482,3899,27057,366
1285,20774,13898,13864,13314,550,34,6876,24700,2,10176,8588,0,8588,7891,1829,5648,538,1196,70,25,122,1466,13236,11940,10749,1191,915,247,29,8,8,0,0,0,0,0,248,99,941,366
1286,35198,19194,19161,17268,1893,33,16004,24740,2,17376,10464,9,10455,8916,2974,6741,1329,954,101,63,2131,4781,17062,16098,14638,1460,1178,179,103,96,96,0,0,0,0,7,294,176,391,366
1287,138477,87389,86909,80479,6430,480,51088,24780,1,71134,60111,88,60023,55583,14447,43536,3682,2860,252,156,3150,7873,79835,69953,62536,7417,6004,797,616,815,810,0,0,5,0,129,1578,513,6847,366
1288,40686,25472,25418,24804,614,54,15214,24820,2,20826,17492,239,17253,14969,2764,12933,2025,1701,167,9,333,3001,24633,22553,19986,2567,2078,341,148,53,53,0,0,0,0,20,509,314,1184,366
1289,735816,459151,458476,438186,20290,675,276665,24860,1,359046,308488,455,308033,278672,43234,251929,25469,26162,1842,152,8114,42444,429752,382455,343852,38603,29298,5806,3499,1666,1520,63,31,0,52,740,6124,6217,32550,366
1290,30044,15017,14991,13406,1585,26,15027,24900,2,13447,7342,19,7323,5658,1592,4814,924,1513,470,14,1107,4998,13196,12539,11613,926,755,147,24,54,54,0,0,0,0,0,115,13,475,366
1291,55464,31623,31587,29777,1810,36,23841,24940,2,27403,21453,28,21425,19348,3833,16663,1612,2181,274,27,879,5071,29049,27932,25003,2929,2421,166,342,76,76,0,0,0,0,0,253,102,686,366
1292,17165,9260,9260,8779,481,0,7905,24980,2,8631,6686,27,6659,6036,1574,4510,386,1119,93,0,91,1854,8586,8297,7646,651,613,38,0,14,14,0,0,0,0,0,69,123,83,366
1293,58368,18653,18637,16710,1927,16,39715,25020,1,26143,18360,93,18267,17520,8019,8998,711,1220,22,14,394,7389,16138,15307,13820,1487,857,442,188,101,62,0,0,39,0,0,420,1,309,366
1294,329833,200029,192355,175366,16989,7674,129804,25060,1,158540,133678,271,133407,123327,24708,100568,8658,14364,568,84,3681,21181,179335,164118,148205,15913,12372,1964,1577,277,208,21,0,0,48,248,4370,2589,7733,366
1295,16148,11366,11366,11043,323,0,4782,25100,2,6890,5948,0,5948,5572,1270,4577,360,203,11,0,204,738,10903,9984,8511,1473,1121,32,320,56,55,1,0,0,0,4,331,99,429,366
1296,234289,145580,144897,137435,7462,683,88709,25180,1,112425,95636,288,95348,85723,12378,78473,8554,6390,542,114,2381,14408,135828,120515,108674,11841,9554,1540,747,1216,819,66,311,0,20,265,2139,1446,10247,366
1297,20079,13654,13654,13328,326,0,6425,25200,2,9094,8497,0,8497,5450,718,7241,2755,804,292,0,65,532,13170,10212,9278,934,695,179,60,256,256,0,0,0,0,432,242,178,1850,366
1298,103454,60570,60432,56921,3511,138,42884,25220,1,48390,40208,37,40171,37729,6288,31451,1868,3275,339,66,429,7753,55847,51950,44984,6966,5631,672,663,67,67,0,0,0,0,44,701,419,2666,366
1299,114872,62697,57736,52477,5259,4961,52175,25260,1,43286,36932,34,36898,30016,4079,30791,6507,3458,229,0,800,5554,55733,51072,43432,7640,4282,1459,1899,215,182,0,33,0,0,117,793,701,2835,366
1300,30909,18561,18561,17788,773,0,12348,25300,2,15451,12847,56,12791,11394,1604,10586,1230,905,124,10,512,2092,17479,15828,14317,1511,1064,344,103,4,4,0,0,0,0,0,447,218,982,366
1301,474834,307966,306831,294563,12268,1135,166868,25420,1,236058,205328,800,204528,182978,21909,177310,19889,9066,614,87,5633,25097,289956,243739,222175,21564,16532,2872,2160,2935,2473,288,94,80,0,861,9027,4007,29387,366
1302,35855,19866,19850,18930,920,16,15989,25460,2,17959,14999,122,14877,12806,3302,10552,1904,1032,78,5,379,2581,18448,16416,14744,1672,1238,285,149,24,4,0,20,0,0,0,301,70,1637,366
1303,111261,69466,69360,66610,2750,106,41795,25500,1,48291,39195,56,39139,35758,6425,29347,2823,3419,359,18,2460,6636,65029,56656,49989,6667,4804,777,1086,337,321,9,0,7,0,564,2806,544,4122,366
1304,1000522,656540,655307,619205,36102,1233,343982,25540,1,481718,426964,1025,425939,376544,46803,370972,45946,16791,1718,141,12310,42444,607107,507526,464858,42668,34504,4722,3442,14371,13159,268,549,32,363,1085,13975,5688,64462,366
1305,24583,16183,16183,15792,391,0,8400,25580,2,12662,10810,94,10716,9157,1144,8710,1268,1212,163,5,364,1488,15355,14172,12769,1403,769,157,477,5,5,0,0,0,0,47,314,140,677,366
1306,134775,82554,81590,75797,5793,964,52221,25620,1,64998,52206,184,52022,43822,13652,33333,6132,6768,1751,62,1483,11309,74748,67654,61816,5838,4469,873,496,317,297,4,0,0,16,153,1031,4041,1552,366
1307,23130,16854,16845,16242,603,9,6276,25700,2,11899,10480,0,10480,9764,1201,8961,674,556,34,0,313,1106,16082,14375,13222,1153,742,309,102,0,0,0,0,0,0,8,676,133,890,366
1308,58132,40995,40919,40074,845,76,17137,25720,2,24116,22582,147,22435,20294,1616,18061,1598,3745,432,12,427,1107,39576,31234,27597,3637,2656,546,435,685,655,13,1,0,16,140,535,696,6286,366
1309,66767,43270,43005,41500,1505,265,23497,25740,2,34615,29671,106,29565,25920,2871,23601,3055,3434,411,18,987,3957,41012,34242,29697,4545,3478,613,454,181,181,0,0,0,0,378,1660,414,4137,366
1310,12942,6571,6522,5525,997,49,6371,25760,2,6315,4467,0,4467,4004,1256,2826,398,691,53,0,68,1780,5385,5067,4617,450,415,29,6,0,0,0,0,0,0,4,125,54,135,366
1311,33707,19800,19800,18506,1294,0,13907,25780,2,16063,12849,113,12736,11019,1850,10237,1352,1169,184,26,189,3025,17837,16245,14755,1490,1057,324,109,3,3,0,0,0,0,0,133,221,1235,366
1312,13352,8874,8874,8553,321,0,4478,25820,2,6064,4665,2,4663,3788,1472,2932,798,408,38,2,112,1287,8376,7805,6839,966,518,201,247,91,91,0,0,0,0,0,34,104,342,366
1313,70912,40858,40829,38363,2466,29,30054,25840,2,31097,25821,117,25704,22198,3702,19360,2752,3643,582,11,1164,4112,37530,34299,30311,3988,2824,674,490,241,236,0,0,0,5,122,774,346,1748,366
1314,298948,176915,176726,166522,10204,189,122033,25860,1,143098,117441,172,117269,104939,17045,94471,10622,8429,1048,165,2753,22904,162468,149671,135603,14068,11430,1737,901,380,255,125,0,0,0,129,1241,3081,7966,366
1315,36976,20749,20744,19912,832,5,16227,25880,2,17683,14255,96,14159,12344,2885,9826,1506,1669,187,15,491,2937,19448,16931,15396,1535,1163,272,100,47,47,0,0,0,0,105,790,174,1401,366
1316,162088,96234,95926,89319,6607,308,65854,25900,2,71402,60327,293,60034,53849,7896,48879,5318,4917,505,24,2187,8888,86650,74421,60935,13486,9644,1993,1849,672,666,0,6,0,0,327,1901,1108,8221,366
1317,179082,99002,93171,89085,4086,5831,80080,25940,1,84421,73953,151,73802,68404,6642,64480,4326,7275,308,130,2911,7557,93533,81372,72258,9114,6776,1409,929,711,410,77,0,0,224,313,1639,1277,8221,366
1318,60168,38798,32199,29263,2936,6599,21370,25980,1,27895,24985,42,24943,22128,3770,20326,2330,1833,216,6,511,2399,35081,31684,28157,3527,2900,495,132,118,75,0,11,0,32,84,1092,441,1662,366
1319,53156,32317,32249,29927,2322,68,20839,26020,2,23851,19447,27,19420,18160,3737,14498,954,2318,133,44,709,3695,29347,27829,23783,4046,2273,479,1294,4,4,0,0,0,0,7,371,253,883,366
1320,94033,58471,58399,56326,2073,72,35562,26090,2,44240,38549,122,38427,35193,13234,21335,2494,3984,481,41,659,5032,55380,49869,45500,4369,3802,304,263,165,31,106,3,0,25,169,923,551,3703,366
1321,132040,52683,52652,48596,4056,31,79357,26140,1,65843,57208,269,56939,48377,6343,47644,7647,3983,511,71,1521,7114,47704,41843,37963,3880,3125,535,220,43,31,12,0,0,0,131,364,911,4412,366
1322,18978,13094,13077,12597,480,17,5884,26220,2,8949,7829,13,7816,7278,741,6506,429,1017,70,25,220,900,12307,9077,7671,1406,888,174,344,101,101,0,0,0,0,189,1016,108,1816,366
1323,22248,11869,11869,11208,661,0,10379,26260,2,10636,8066,3,8063,6833,3419,3714,796,1214,209,28,160,2410,11073,10744,9125,1619,1126,199,294,88,88,0,0,0,0,2,62,14,163,366
1324,82198,44192,44192,41466,2726,0,38006,26300,1,41919,34017,63,33954,29470,6868,24261,3990,4358,359,30,1065,6837,40375,37181,32861,4320,3716,406,198,123,123,0,0,0,0,3,617,697,1754,366
1325,32444,18299,18293,17257,1036,6,14145,26340,2,14923,12357,46,12311,10568,1837,9326,1414,1293,232,25,555,2011,16671,13268,11694,1574,1315,141,118,15,10,0,0,0,5,143,1682,256,1307,366
1326,162686,94891,94631,88553,6078,260,67795,26380,1,78372,64098,84,64014,56883,7273,53524,6162,6609,501,44,1666,12608,87024,79774,70462,9312,7156,1347,809,410,394,0,0,0,16,105,1385,2722,2628,366
1327,5383811,3583682,3579248,3360685,218563,4434,1800129,26420,1,2459818,2204708,3033,2201675,2054090,314715,1807213,127814,216612,9261,1866,43234,211876,3296650,2851334,2543113,308221,224412,47843,35966,60836,56637,1123,870,2007,199,8442,39046,50654,286338,366
1328,52544,31193,31182,29332,1850,11,21351,26460,2,25167,21079,121,20958,18037,2094,17473,2569,1889,178,10,550,3538,28650,22873,20983,1890,1418,319,153,690,103,399,184,4,0,103,1129,533,3322,366
1329,37468,19292,19270,18195,1075,22,18176,26500,2,15588,12885,126,12759,9511,1712,10155,2968,1015,137,14,314,2389,17860,15622,13759,1863,1244,315,304,34,31,0,3,0,0,0,973,284,947,366
1330,29644,18933,18909,18413,496,24,10711,26540,2,14928,12323,39,12284,10451,2465,8775,1612,1166,141,10,569,2036,17963,16396,15326,1070,936,81,53,0,0,0,0,0,0,21,412,75,1059,366
1331,292561,153735,153146,144935,8211,589,138826,26580,1,140506,110401,437,109964,93360,14051,89431,13960,9855,1817,125,5794,24311,142458,131453,118859,12594,9512,1390,1692,654,558,65,0,3,28,235,2801,1005,6310,366
1332,389438,245607,244382,233649,10733,1225,143831,26620,1,194292,172264,364,171900,156269,18304,145923,13106,12839,1822,110,5658,16370,231216,206690,193354,13336,9806,2409,1121,491,491,0,0,0,0,181,1654,2393,19807,366
1333,66478,29900,29890,28515,1375,10,36578,26660,2,23780,19863,49,19814,18113,2377,16205,1565,2139,111,0,437,3480,27819,24835,22820,2015,1817,102,96,179,179,0,0,0,0,0,747,337,1721,366
1334,15698,10402,10336,10119,217,66,5296,26700,2,8464,6764,18,6746,5519,1121,5021,1076,717,111,4,283,1417,10031,8865,7946,919,570,109,240,3,0,3,0,0,0,0,420,152,591,366
1335,49717,30760,30722,29436,1286,38,18957,26740,2,25023,20839,39,20800,18313,3733,15839,2203,1727,83,42,1005,3179,28938,26272,24177,2095,1588,312,195,82,36,0,0,0,46,238,535,347,1464,366
1336,29147,19869,19860,19198,662,9,9278,26780,2,14614,12513,68,12445,11214,1879,9519,1142,1411,59,7,396,1705,18842,16884,15793,1091,762,169,160,70,70,0,0,0,0,129,524,144,1091,366
1337,111807,72890,72710,69784,2926,180,38917,26820,1,51977,47288,121,47167,43691,5346,38651,3038,4682,255,24,1269,3420,68618,59798,53124,6674,5017,949,708,1492,1462,0,20,10,0,190,1070,812,5256,366
1338,70320,39184,39115,36495,2620,69,31136,26860,2,32425,25150,173,24977,21328,4371,18440,2933,2449,435,45,1131,6144,35396,30586,27225,3361,2353,379,629,185,183,0,0,2,0,132,2012,292,2189,366
1339,1632018,1098419,1096121,1047716,48405,2298,533599,26900,1,809970,714637,1520,713117,660759,93375,591731,44899,58869,3110,492,17894,77439,1032129,896549,812406,84143,66994,10700,6449,7748,7575,31,0,8,134,2436,14885,8881,101630,366
1340,21021,9530,9527,8447,1080,3,11491,26940,2,8073,5338,26,5312,4538,1989,2530,428,913,175,7,446,2289,8329,7776,6995,781,539,116,126,48,48,0,0,0,0,0,178,51,276,366
1341,142285,99476,99405,95794,3611,71,42809,26980,1,69406,62076,173,61903,57114,5633,54060,4305,4308,282,40,2755,4575,93628,72369,64621,7748,5575,1050,1123,3348,3325,0,3,0,20,1466,6777,1192,8476,366
1342,25284,14101,14092,13355,737,9,11183,27020,2,13470,11187,49,11138,9560,1513,8864,1281,856,179,48,615,1668,13174,11804,10794,1010,669,191,150,26,26,0,0,0,0,17,268,227,832,366
1343,92253,54656,54614,52043,2571,42,37597,27060,1,42889,37635,244,37391,33172,3377,32167,3814,2397,199,15,2777,2477,50761,32997,28293,4704,3814,699,191,3166,3062,60,27,0,17,627,6056,548,7367,366
1344,130290,74654,74445,70009,4436,209,55636,27100,1,61833,53800,186,53614,48872,9832,40323,3937,4323,417,65,1038,6995,69302,62803,57795,5008,4211,386,411,201,201,0,0,0,0,98,1249,540,4411,366
1345,470196,285654,284830,266512,18318,824,184542,27140,1,223113,187935,228,187707,176535,37080,137433,9016,21532,1054,190,5548,29630,261945,243742,217940,25802,19969,3766,2067,890,586,0,304,0,0,127,2437,2114,12635,366
1346,25645,14820,14820,13739,1081,0,10825,27160,2,12361,9788,7,9781,8249,1714,6778,1018,1422,435,41,301,2272,13389,12384,11432,952,697,110,145,34,34,0,0,0,0,0,407,117,447,366
1347,143200,82953,82757,77547,5210,196,60247,27180,1,69630,57799,136,57663,52856,10586,43897,4016,4432,417,50,1154,10677,76625,69537,62667,6870,5552,835,483,309,309,0,0,0,0,53,951,1801,3974,366
1348,28655,21934,21934,21338,596,0,6721,27220,2,13730,12553,39,12514,10814,1177,10445,1553,1179,70,2,480,697,20706,15250,13686,1564,1236,215,113,580,580,0,0,0,0,430,1769,186,2491,366
1349,1264875,806905,788237,749002,39235,18668,457970,27260,1,603305,537887,1082,536805,480732,82127,436694,49714,37939,2705,561,16340,49078,753761,640863,578857,62006,48730,8444,4832,7196,6966,41,85,45,59,3083,9531,14103,78985,366
1350,31624,18043,18005,16929,1076,38,13581,27300,2,15130,12001,104,11897,9811,2015,8383,1693,1967,250,12,488,2641,16781,15003,13926,1077,889,155,33,159,149,0,10,0,0,48,317,167,1087,366
1351,156734,110351,71317,66404,4913,39034,46383,27340,1,69246,62695,103,62592,52545,6762,53985,9233,3978,323,53,1606,4945,103428,86169,73440,12729,9353,2142,1234,384,371,0,0,0,13,162,8067,1811,6835,366
1352,39054,21964,21964,20514,1450,0,17090,27380,2,18173,14611,20,14591,13143,5105,8161,1065,2248,257,0,281,3281,20145,18302,15796,2506,2064,273,169,53,53,0,0,0,0,54,163,72,1501,366
1353,17789,11559,11528,10988,540,31,6230,27420,2,9069,7190,7,7183,5922,558,6445,1205,311,26,2,249,1630,10775,9677,8742,935,574,246,115,7,7,0,0,0,0,2,378,164,547,366
1354,105099,58288,58276,55110,3166,12,46811,27460,2,53050,43693,308,43385,36092,5642,35424,6458,3260,443,29,1578,7779,53906,47667,42554,5113,4293,454,366,140,75,25,25,0,15,286,2308,853,2652,366
1355,129964,84985,84924,81112,3812,61,44979,27500,1,66030,57230,222,57008,50802,7699,45420,5120,4695,530,229,2555,6245,79742,72634,65919,6715,5358,790,567,457,457,0,0,0,0,205,1262,795,4389,366
1356,52190,27469,27434,25516,1918,35,24721,27530,2,24646,19399,15,19384,17708,5351,12142,1389,2947,150,19,489,4758,25144,23585,20962,2623,1854,694,75,25,25,0,0,0,0,12,206,309,1007,366
1357,43868,28832,28822,28117,705,10,15036,27540,2,22401,18411,205,18206,14461,4102,12383,2984,2129,431,44,403,3587,27786,26363,24718,1645,1249,81,315,29,29,0,0,0,0,17,357,134,886,366
1358,12182,4292,4292,3486,806,0,7890,27580,2,5004,2965,5,2960,2504,887,1152,215,1102,241,0,103,1936,3444,3197,2957,240,240,0,0,14,14,0,0,0,0,0,163,0,70,366
1359,57145,36641,36539,34904,1635,102,20504,27600,2,24874,22179,39,22140,20534,3253,17813,1472,2568,68,0,539,2156,34427,30538,27495,3043,2221,466,356,185,182,3,0,0,0,32,137,475,3060,366
1360,121084,74799,74664,71865,2799,135,46285,27620,1,56387,44970,220,44750,40865,6324,35102,3188,4885,354,54,3198,8219,71445,65054,58414,6640,4775,1205,660,338,265,0,73,0,0,81,1161,792,4019,366
1361,24760,13336,13324,12578,746,12,11424,27660,2,11351,8507,0,8507,7510,2155,5586,897,1104,58,0,109,2735,12274,11607,10622,985,662,137,186,40,40,0,0,0,0,14,146,178,289,366
1362,23650,11796,11741,11190,551,55,11854,27700,2,10845,8368,44,8324,6872,2075,5584,1296,877,148,0,498,1979,10843,10129,8914,1215,700,231,284,98,98,0,0,0,0,9,24,105,478,366
1363,172513,97594,97473,92034,5439,121,74919,27740,1,86043,70205,204,70001,62697,9953,57593,6439,3978,301,147,3369,12469,89954,81792,76172,5620,4207,956,457,337,293,0,26,18,0,42,1395,1216,5172,366
1364,111277,61282,61112,57897,3215,170,49995,27780,1,55519,44708,259,44449,37828,6213,36323,6015,2575,310,60,1255,9556,56752,50235,45671,4564,3616,397,551,513,506,0,3,0,4,57,1574,818,3555,366
1365,103585,64251,64154,60626,3528,97,39334,27860,1,50857,41927,92,41835,38738,8548,30807,2730,3620,265,22,2338,6592,59010,55178,49341,5837,4636,739,462,285,285,0,0,0,0,46,824,297,2380,366
1366,141058,87729,87667,83898,3769,62,53329,27900,1,69037,58490,170,58320,53602,15637,37267,3542,6281,831,146,1641,8906,81910,74170,65814,8356,6649,1121,586,147,128,0,0,19,0,164,1296,773,5360,366
1367,26235,17556,17222,16350,872,334,8679,27940,2,12922,11898,11,11887,10971,1424,10213,850,493,37,1,154,870,16242,12846,10717,2129,1756,322,51,582,497,0,0,0,85,122,977,235,1480,366
1368,132243,87195,86537,81592,4945,658,45048,27980,1,53919,47151,192,46959,42822,4060,41597,3551,2853,204,24,1433,5335,79959,68488,57863,10625,7393,1867,1365,1641,1419,62,0,18,142,475,2047,1508,5800,366
1369,210400,140064,139883,130545,9338,181,70336,28020,1,105299,94333,231,94102,85771,11082,79324,7493,5848,463,32,3203,7763,127638,111058,102292,8766,6848,1088,830,1862,1843,19,0,0,0,529,3444,703,10042,366
1370,83648,52579,52528,50725,1803,51,31069,28060,2,40780,35829,246,35583,31273,6141,27439,3779,2953,282,40,915,4036,50053,41674,38310,3364,2402,472,490,103,103,0,0,0,0,360,1269,628,6019,366
1371,86398,53309,53278,50415,2863,31,33089,28100,1,40346,33256,61,33195,30104,4177,26222,2475,4066,391,49,1272,5818,49412,44362,40050,4312,3336,406,570,517,371,54,92,0,0,100,1057,1044,2332,366
1372,1709474,1170137,1164676,1115080,49596,5461,539337,28140,1,858836,765096,1455,763641,705851,93227,640922,50762,50799,3745,674,24464,69276,1100432,950061,869853,80208,62083,11315,6810,8274,7658,107,91,215,203,1610,12368,10970,117149,366
1373,58868,38211,37972,36294,1678,239,20657,28180,2,22668,20461,47,20414,18827,2903,17154,1526,673,30,14,335,1872,34780,30232,25979,4253,2999,561,693,317,314,0,3,0,0,139,868,291,2933,366
1374,44527,31856,31749,30936,813,107,12671,28260,2,21957,19319,66,19253,17220,2232,15212,1733,2317,266,21,649,1989,30613,28131,25315,2816,1903,443,470,55,55,0,0,0,0,99,722,191,1415,366
1375,64242,40940,40906,39451,1455,34,23302,28300,2,29991,26329,194,26135,20943,2305,22439,4797,1839,244,13,636,3026,38722,32791,29722,3069,2377,321,371,67,29,27,10,0,1,176,1184,421,4083,366
1376,36954,23675,23671,22831,840,4,13279,28340,2,17702,14560,123,14437,13322,3447,9226,842,1994,184,10,314,2828,22456,20710,17566,3144,2022,733,389,79,79,0,0,0,0,76,284,356,951,366
1377,21968,12206,12206,11353,853,0,9762,28380,2,11167,9192,13,9179,8374,1514,6691,669,1232,104,15,219,1756,11094,10264,8641,1623,1195,321,107,15,15,0,0,0,0,84,242,61,428,366
1378,224223,141721,141394,134047,7347,327,82502,28420,1,102011,91292,186,91106,83083,10199,75684,6741,9072,623,246,3458,7261,131014,117932,103723,14209,9149,2157,2903,786,785,1,0,0,0,271,1128,1072,9825,366
1379,43563,24185,24185,23298,887,0,19378,28500,2,21842,19530,136,19394,17172,3413,14919,2021,1705,147,19,391,1921,22652,19660,16816,2844,2200,368,276,22,22,0,0,0,0,235,501,252,1982,366
1380,11267,7551,7331,6984,347,220,3716,28540,2,5487,4810,5,4805,4424,564,4156,356,95,11,6,131,546,7001,5855,4679,1176,968,113,95,258,125,0,0,0,133,14,459,194,221,366
1381,71157,45973,44637,42982,1655,1336,25184,28580,2,33643,29092,23,29069,22574,2389,25674,6308,2004,50,14,1474,3077,43663,32853,29423,3430,2975,314,141,128,90,0,21,0,17,2476,2257,2073,3876,366
1382,30669,20089,19988,18776,1212,101,10580,28620,2,15832,14704,13,14691,12875,900,13303,1643,1098,56,0,308,820,18415,15913,14389,1524,1213,144,167,5,5,0,0,0,0,188,374,140,1795,366
1383,356089,225359,197625,182971,14654,27734,130730,28660,1,162405,144107,241,143866,122705,23987,112843,19559,12428,971,128,3597,14701,205399,182882,160230,22652,16607,3769,2276,859,791,18,39,0,11,244,6426,2221,12767,366
1384,255644,137863,137604,128897,8707,259,117781,28700,1,127606,102914,375,102539,89445,13183,85099,11491,6108,907,129,3839,20853,126490,115620,106520,9100,7451,1152,497,178,149,0,0,29,0,104,1634,1577,7377,366
1385,153723,92445,92384,87627,4757,61,61278,28740,1,71194,64111,237,63874,52349,5508,56823,10513,2412,485,141,1211,5872,85432,68861,62499,6362,5362,586,414,2105,1080,453,565,0,7,320,2950,1272,9924,366
1386,24481,14327,13927,13183,744,400,10154,28780,2,11607,9268,8,9260,8823,2633,6147,390,824,0,0,405,1934,13325,11927,10438,1489,1312,64,113,0,0,0,0,0,0,50,537,254,557,366
1387,44299,25012,24925,22605,2320,87,19287,28820,2,22767,17795,140,17655,16159,4228,12062,1175,2445,113,67,912,4060,22136,20845,17974,2871,2244,275,352,173,145,0,0,0,28,66,217,195,640,366
1388,24390,12832,12786,12194,592,46,11558,28860,2,10099,7809,39,7770,7015,1294,5942,646,709,42,0,455,1835,12054,10874,9415,1459,1026,180,253,27,24,0,0,0,3,22,397,117,617,366
1389,55521,29525,28794,26658,2136,731,25996,28900,2,28027,23332,59,23273,19231,3200,17659,2949,3042,773,129,897,3798,26877,24131,22036,2095,1748,259,88,90,68,0,0,0,22,81,478,182,1915,366
1390,714508,432955,432093,412087,20006,862,281553,28940,1,349226,293797,504,293293,241550,41000,240748,48560,18203,1862,203,9316,46113,405843,360776,331115,29661,23869,3526,2266,1874,1625,16,111,9,113,377,5301,2799,34716,366
1391,66379,40050,39820,37572,2248,230,26329,29020,1,34674,29348,96,29252,25349,3779,24003,3129,2572,308,62,1159,4167,36746,33588,29747,3841,3062,600,179,60,11,0,0,49,0,98,466,318,2216,366
1392,53322,33688,33604,32380,1224,84,19634,29060,2,25571,22433,131,22302,19439,1534,20285,2702,1014,46,21,775,2363,31796,28130,24706,3424,2678,557,189,78,57,0,0,0,21,56,754,237,2541,366
1393,114145,75616,75485,73513,1972,131,38529,29100,1,57707,49984,226,49758,44036,5445,42400,5151,3342,230,25,1691,6032,72614,62836,57597,5239,4097,888,254,542,512,0,0,0,30,569,2484,673,5510,366
1394,373629,230483,230087,215427,14660,396,143146,29180,1,184976,157434,165,157269,147152,25671,124835,8974,11827,742,54,2668,24874,212309,192264,178110,14154,10603,2024,1527,900,644,4,0,5,247,514,4109,2219,12303,366
1395,181444,114712,114559,110200,4359,153,66732,29200,1,86338,74741,169,74572,67219,14603,56039,6388,5238,415,160,4829,6768,106468,90431,82016,8415,6584,904,927,2137,2116,0,15,0,6,976,5523,601,6800,366
1396,21093,12192,12159,11387,772,33,8901,29260,2,10536,8708,148,8560,7355,1206,6480,963,1047,170,12,316,1512,11107,9422,8428,994,775,104,115,31,20,11,0,0,0,78,662,159,755,366
1397,82505,48330,48175,46087,2088,155,34175,29300,2,38339,30395,45,30350,24793,4333,23082,3913,3855,872,240,771,7173,45167,42497,38123,4374,3425,693,256,72,58,0,13,1,0,15,399,783,1401,366
1398,168769,101894,101827,96406,5421,67,66875,29340,1,79045,64339,48,64291,57110,13760,47520,6247,5719,529,100,1501,13205,95121,88441,79522,8919,6380,1912,627,226,224,0,0,2,0,60,1899,1061,3434,366
1399,55798,29214,29160,26778,2382,54,26584,29380,2,25728,21450,55,21395,19129,4704,13528,1622,3397,346,183,628,3650,26088,23758,20436,3322,2790,292,240,10,10,0,0,0,0,22,175,475,1648,366
1400,179564,82136,81986,75923,6063,150,97428,29420,1,93179,78561,382,78179,68173,11815,59831,8030,9230,966,135,2180,12438,74608,66960,58185,8775,7026,1037,712,569,552,0,17,0,0,285,807,1894,4093,366
1401,572645,321031,320507,304690,15817,524,251614,29460,1,253178,204174,782,203392,184784,28457,167856,16061,11264,1403,247,16401,32603,300076,269721,242687,27034,20292,3947,2795,956,784,10,121,41,0,973,2660,3989,21777,366
1402,9559,4701,4701,4317,384,0,4858,29500,2,4214,3365,5,3360,3047,1011,2146,239,391,50,0,111,738,4174,3822,3197,625,448,145,32,0,0,0,0,0,0,0,81,53,218,366
1403,434544,288838,288722,278774,9948,116,145706,29540,1,207291,174183,984,173199,155411,19176,148254,16202,8070,724,224,6842,26266,273386,234342,205442,28900,19083,4480,5337,2638,1908,61,669,0,0,1924,9423,3240,21819,366
1404,443939,282438,282053,266392,15661,385,161501,29620,1,218166,190199,591,189608,167780,25185,153054,19070,15659,1452,209,6159,21808,261191,218866,197008,21858,16731,2836,2291,5023,4995,7,0,2,19,1954,7984,2065,25299,366
1405,31924,21482,21455,20530,925,27,10442,29660,2,16016,14390,25,14365,13041,1172,12366,1139,974,121,0,897,729,19912,15730,14089,1641,1062,404,175,218,218,0,0,0,0,873,1821,76,1194,366
1406,189349,116505,116364,109638,6726,141,72844,29700,1,76207,58746,97,58649,47917,7735,48835,10009,4010,305,112,1871,15590,108695,99059,86512,12547,8724,2448,1375,1285,1224,6,55,0,0,89,1643,2160,4459,366
1407,170943,96229,95541,88492,7049,688,74714,29740,1,79933,64419,114,64305,58039,8465,51849,5344,6321,401,73,2906,12608,87875,77947,67119,10828,7193,2157,1478,336,336,0,0,0,0,791,1473,1104,6224,366
1408,27043,12642,12642,11643,999,0,14401,29780,2,13580,8847,117,8730,7541,1825,5316,801,1762,290,15,512,4221,11420,9640,8177,1463,1193,140,130,48,48,0,0,0,0,17,509,89,1117,366
1409,1771486,1131373,1123127,1036081,87046,8246,640113,29820,1,816296,714351,1224,713127,657392,85887,607920,50658,55186,1844,178,24562,77383,1018843,875303,772693,102610,78469,14529,9612,27235,26875,151,59,65,85,2273,13620,25007,75405,366
1410,65454,35558,35517,34178,1339,41,29896,29860,2,30406,18781,295,18486,14236,4367,11773,3140,3265,996,7,768,10857,33633,32212,29456,2756,1901,421,434,74,74,0,0,0,0,0,518,449,380,366
1411,27075,14193,14193,12589,1604,0,12882,29900,2,12214,9118,41,9077,7461,1714,6754,1358,756,167,7,190,2906,12116,11414,9983,1431,1184,148,99,29,10,0,0,0,19,9,158,63,443,366
1412,99245,69953,69732,66684,3048,221,29292,29940,1,49259,44396,122,44274,41181,3757,38542,2816,3429,123,15,2427,2436,65507,53497,48048,5449,4322,623,504,1303,1296,7,0,0,0,751,3102,753,6101,366
1413,34031,19340,19324,17805,1519,16,14691,29980,2,16483,12906,25,12881,11548,3185,8320,961,1725,265,0,443,3134,17531,16142,14687,1455,1231,177,47,20,20,0,0,0,0,0,229,284,856,366
1414,99988,62100,53152,49671,3481,8948,37888,30020,1,46139,40135,62,40073,34926,7585,29312,4330,4570,678,24,1179,4825,57072,48488,42747,5741,4323,864,554,443,443,0,0,0,0,135,1004,745,6257,366
1415,27828,16460,16442,15471,971,18,11368,30060,2,14380,10712,80,10632,9517,2971,6367,837,1616,208,2,1449,2219,15353,14249,12298,1951,1619,161,171,14,14,0,0,0,0,0,304,202,584,366
1416,187418,115177,115037,111428,3609,140,72241,30100,2,87376,74878,704,74174,55200,6479,63848,17117,4696,992,114,3258,9240,109402,91578,81293,10285,8233,1205,847,709,662,27,13,0,7,358,4548,1320,10889,366
1417,113363,71994,71630,68289,3341,364,41369,30140,1,54758,46284,203,46081,41114,6463,38023,4433,2483,249,37,1482,6992,67712,59510,52993,6517,5044,913,560,512,503,0,9,0,0,59,1881,730,5020,366
1418,16581,10107,10107,9519,588,0,6474,30220,2,7935,6265,38,6227,5854,1248,4563,233,1005,82,0,204,1466,9357,8750,7383,1367,883,272,212,10,10,0,0,0,0,8,134,106,349,366
1419,36478,17179,17179,16635,544,0,19299,30260,2,13880,10672,135,10537,8846,1214,8835,1299,858,216,2,563,2645,16340,13570,11817,1753,1380,231,142,28,20,8,0,0,0,334,1211,87,1110,366
1420,26849,16559,16549,15567,982,10,10290,30280,2,12718,10670,36,10634,9651,2090,7583,704,1358,200,21,527,1521,15060,13783,12844,939,670,55,214,10,10,0,0,0,0,0,120,65,1082,366
1421,52002,31045,30863,29616,1247,182,20957,30300,1,26135,22260,214,22046,19727,3430,17162,1728,2202,346,29,512,3363,29191,26101,23884,2217,1659,322,236,129,128,1,0,0,0,81,794,294,1792,366
1422,89351,57725,57688,55003,2685,37,31626,30340,1,45770,39324,134,39190,33565,3063,34994,5229,1666,171,96,1143,5303,53797,46069,39814,6255,4980,801,474,126,126,0,0,0,0,103,1839,354,5306,366
1423,36899,22356,22348,21435,913,8,14543,30380,2,18641,14983,119,14864,13114,2189,11825,1517,951,123,5,292,3366,21248,19448,17014,2434,1546,187,701,41,13,0,28,0,0,0,415,221,1123,366
1424,19723,13558,13549,13105,444,9,6165,30420,2,9558,7924,8,7916,7109,1371,5750,623,965,123,6,283,1351,12976,12118,10053,2065,1102,563,400,66,63,3,0,0,0,0,268,157,367,366
1425,413067,274498,274297,261787,12510,201,138569,30460,1,207996,185118,292,184826,169765,24764,153419,13556,12641,789,161,6262,16616,256414,222103,200466,21637,17596,2595,1446,2851,2790,5,0,0,56,1085,7358,2422,20595,366
1426,15827,11239,11239,10834,405,0,4588,30580,2,7249,6167,11,6156,5789,1690,3870,236,859,125,0,157,925,10599,9780,7840,1940,1025,673,242,31,8,0,0,23,0,0,196,185,407,366
1427,81228,49536,49477,46444,3033,59,31692,30620,1,40671,34752,72,34680,30709,4004,29110,3442,2494,317,94,843,5076,45592,41957,38168,3789,3051,383,355,275,261,14,0,0,0,94,641,799,1826,366
1428,23460,13028,13022,12287,735,6,10432,30660,2,11003,9122,41,9081,8031,1839,6478,742,900,46,0,328,1553,12048,10766,9615,1151,767,150,234,35,35,0,0,0,0,53,422,55,717,366
1429,268936,189967,189364,183278,6086,603,78969,30700,1,134334,121801,324,121477,112172,11077,105919,8255,7500,536,143,3559,8974,180735,157946,141811,16135,12699,2360,1076,1547,1501,16,18,12,0,1367,5716,1196,12963,366
1430,589007,371611,367071,350052,17019,4540,217396,30780,1,296469,251597,599,250998,229964,45097,191070,17577,24486,2419,115,7670,37202,349782,318010,285286,32724,25046,4282,3396,1369,1273,56,19,12,9,512,4022,3816,22053,366
1431,31071,18618,18612,17590,1022,6,12453,30820,2,14620,11734,104,11630,10084,1363,9680,1387,651,86,16,387,2499,17289,15234,13233,2001,1309,344,348,28,27,0,0,1,0,34,714,265,1014,366
1432,106024,73072,73040,71287,1753,32,32952,30860,1,44893,40848,92,40756,36518,3913,32916,3556,4974,509,28,1688,2357,70014,58713,51549,7164,5122,1246,796,1021,982,0,30,9,0,798,2684,584,6214,366
1433,30349,18641,18610,17783,827,31,11708,30900,2,15007,11795,12,11783,10121,1901,8428,1370,1758,182,10,585,2627,17468,16575,14480,2095,1732,277,86,67,67,0,0,0,0,22,253,146,405,366
1434,118100,56479,56422,52616,3806,57,61621,30940,2,54050,41369,69,41300,35492,4713,34080,4877,4058,624,4,1809,10872,51565,47905,42149,5756,4315,997,444,49,49,0,0,0,0,0,868,228,2515,366
1435,223229,130825,130775,124264,6511,50,92404,30980,1,103162,83001,375,82626,76863,21006,55869,4444,11330,630,70,3346,16815,122185,114179,102392,11787,8440,2038,1309,102,102,0,0,0,0,176,1677,889,5162,366
1436,87207,48590,48554,45573,2981,36,38617,31020,1,42776,37452,136,37316,32062,4264,29678,4122,4593,852,15,1045,4279,44591,40460,36484,3976,2712,927,337,131,131,0,0,0,0,228,757,361,2654,366
1437,15546,10653,10599,10269,330,54,4893,31060,2,8029,7478,13,7465,6451,453,6728,876,345,63,33,242,309,10108,8421,7434,987,925,42,20,205,195,0,0,0,10,242,194,61,985,366
1438,10668811,6948959,6941117,6481863,459254,7842,3719852,31080,1,4400403,3960421,6703,3953718,3665049,465480,3349776,245242,373246,19299,2125,94138,345844,6316352,5061091,4476819,584272,436510,87846,59916,257318,211680,25547,13057,5213,1821,38357,143850,105178,710558,366
1439,1024597,669357,668161,635683,32478,1196,355240,31140,1,507249,440356,857,439499,407187,64349,356423,28110,33219,2255,227,10456,56437,623753,542783,491933,50850,40995,6502,3353,9590,9436,0,25,79,50,1124,9023,7015,54218,366
1440,251335,164220,163909,156682,7227,311,87115,31180,1,122742,103683,127,103556,97369,16156,82076,4919,11516,902,49,5208,13851,154372,140470,122109,18361,13623,3095,1643,996,926,0,0,15,55,363,3365,1517,7661,366
1441,23828,13134,13127,12548,579,7,10694,31220,2,12135,9773,48,9725,7787,1542,6894,1497,1304,305,60,445,1917,12348,11215,9768,1447,1173,165,109,6,6,0,0,0,0,2,296,85,744,366
1442,66918,39484,39473,36994,2479,11,27434,31260,2,31151,27258,93,27165,24329,4550,20489,2377,2275,190,76,539,3354,36289,33704,29248,4456,2970,979,507,118,118,0,0,0,0,34,432,487,1514,366
1443,92327,47041,46923,43790,3133,118,45286,31300,2,42241,28169,58,28111,21188,6081,19569,5761,3018,681,159,1063,13009,43198,40840,37068,3772,2565,583,624,132,125,0,0,7,0,16,339,500,1371,366
1444,215530,128927,128677,122802,5875,250,86603,31340,1,102176,84826,384,84442,75955,18250,57509,5666,10319,2198,87,2646,14704,120397,106422,96704,9718,7901,1544,273,970,948,9,13,0,0,33,2970,1817,8185,366
1445,23517,14189,14174,12959,1215,15,9328,31380,2,11247,8757,17,8740,7582,1254,7008,987,761,65,1,536,1954,12734,10985,9769,1216,1012,103,101,112,112,0,0,0,0,131,809,118,579,366
1446,184367,105196,104837,97575,7262,359,79171,31420,1,86540,71062,184,70878,58161,11858,54909,11262,7517,669,91,2049,13429,95916,87512,79954,7558,5863,905,790,746,737,0,9,0,0,92,1782,1032,4752,366
1447,118139,65719,65603,58744,6859,116,52420,31460,1,43578,38063,73,37990,35014,7486,27879,2381,4104,286,42,895,4620,56553,49129,41252,7877,5151,1243,1483,335,285,7,0,0,43,67,880,2281,3861,366
1448,27100,15282,15282,14722,560,0,11818,31500,2,12748,10084,29,10055,9147,1529,7551,706,1205,106,43,513,2151,14512,13348,12045,1303,1131,118,54,1,0,0,1,0,0,7,341,125,690,366
1449,551113,390562,389673,379839,9834,889,160551,31540,1,285193,257003,1101,255902,235529,23620,222055,17985,16709,1070,347,9670,18520,375584,291009,266521,24488,19476,3256,1756,12410,12238,16,108,16,32,6708,18560,3613,43284,366
1450,36232,19623,19594,18184,1410,29,16609,31580,2,18314,14969,34,14935,13335,3103,10589,1386,1775,187,0,452,2893,17882,17164,16130,1034,745,103,186,1,1,0,0,0,0,6,146,122,443,366
1451,18682,9379,9379,8970,409,0,9303,31620,2,7768,5579,5,5574,5055,1916,2911,434,892,42,0,305,1884,8898,8255,7721,534,414,94,26,47,47,0,0,0,0,38,357,56,145,366
1452,39950,20105,20097,18773,1324,8,19845,31660,2,18561,15297,77,15220,12487,2117,12140,2319,1188,298,0,415,2849,18208,15766,13976,1790,1370,186,234,189,187,0,0,0,2,35,738,273,1207,366
1453,26821,13267,13250,12515,735,17,13554,31680,2,12070,8808,35,8773,8141,2612,4832,382,1784,132,31,219,3043,12388,11594,9937,1657,1364,209,84,30,30,0,0,0,0,2,386,83,293,366
1454,345509,243603,243026,233496,9530,577,101906,31700,1,165309,151286,494,150792,134795,12553,135656,14960,3985,443,75,3221,10802,228775,193943,177574,16369,12854,1868,1647,1805,1360,127,160,109,49,477,4183,2015,26352,366
1455,105945,74821,64778,61975,2803,10043,31124,31740,1,48783,43630,116,43514,39592,5076,36886,3567,3034,97,43,1879,3274,70920,59193,51886,7307,5784,753,770,139,139,0,0,0,0,550,5013,672,5353,366
1456,66455,41823,41718,40836,882,105,24632,31820,2,34834,29657,143,29514,24969,4383,22660,3988,2851,461,29,704,4473,40351,35912,33230,2682,1858,408,416,213,192,0,17,0,4,211,1109,284,2622,366
1457,83771,60158,60099,58363,1736,59,23613,31860,1,39363,34499,132,34367,30272,4059,28589,3641,2644,185,45,1403,3461,56307,47444,43213,4231,2921,714,596,669,627,33,1,8,0,236,1791,579,5588,366
1458,100445,57137,57004,54009,2995,133,43308,31900,1,49505,40993,127,40866,35454,5277,33940,4633,3055,378,13,972,7540,52842,48801,43900,4901,3687,545,669,390,370,11,0,0,9,126,601,735,2189,366
1459,49509,28747,28743,27222,1521,4,20762,31930,2,24435,19561,27,19534,14928,3259,14430,3848,2075,572,71,1037,3837,26810,24130,21881,2249,1924,219,106,214,198,0,0,0,16,120,737,63,1546,366
1460,54582,31451,31433,29934,1499,18,23131,31940,2,28070,22758,140,22618,19361,4288,15386,2478,3117,608,26,614,4698,29302,26357,23945,2412,1914,247,251,72,70,0,0,2,0,136,767,283,1687,366
1461,54491,32059,32028,29660,2368,31,22432,31980,2,26299,21546,90,21456,18327,4006,15989,2648,2288,184,13,1178,3575,28928,24373,21891,2482,2033,237,212,60,48,12,0,0,0,103,2147,418,1827,366
1462,36667,20337,20337,19053,1284,0,16330,32000,2,18209,14614,45,14569,12801,2918,9936,1315,1989,355,0,709,2886,18607,17417,15660,1757,1603,133,21,6,6,0,0,0,0,0,232,97,855,366
1463,52998,28186,28149,26509,1640,37,24812,32020,2,24251,20741,80,20661,17951,3689,15525,2029,2122,437,49,507,3003,26074,24194,21706,2488,2016,327,145,136,136,0,0,0,0,0,266,347,1131,366
1464,55523,32523,32415,30517,1898,108,23000,32100,2,26709,22146,35,22111,18922,2759,17973,2844,1612,206,24,1608,2955,29945,26407,23704,2703,1966,559,178,145,145,0,0,0,0,225,1668,148,1352,366
1465,19581,13372,13371,12920,451,1,6209,32140,2,9849,8634,39,8595,7830,1057,6474,602,1158,138,1,301,914,12740,10871,9747,1124,862,120,142,26,23,0,0,0,3,22,575,177,1069,366
1466,18479,10792,10790,10533,257,2,7687,32180,2,7809,6306,19,6287,5169,793,4784,874,1004,134,28,213,1290,10374,9369,8446,923,765,140,18,0,0,0,0,0,0,15,151,144,695,366
1467,30896,20340,20337,19220,1117,3,10556,32260,2,15298,12456,68,12388,10472,2204,9473,1702,1177,83,44,311,2531,18747,17164,14699,2465,2104,191,170,7,7,0,0,0,0,11,411,139,1015,366
1468,27411,14510,14499,13946,553,11,12901,32280,2,13213,9874,80,9794,8338,1656,7139,1219,1072,189,20,250,3089,13750,11971,11105,866,675,167,24,30,24,0,0,6,0,25,404,755,565,366
1469,52396,27585,27398,25808,1590,187,24811,32300,2,26172,19457,65,19392,14947,2992,14906,3816,1849,433,48,814,5901,24974,23169,20519,2650,1925,437,288,109,69,0,0,0,40,7,107,398,1184,366
1470,18622,10905,10900,10634,266,5,7717,32340,2,8358,7112,53,7059,6412,1005,5722,588,510,23,2,160,1086,10497,9633,8783,850,659,87,104,2,2,0,0,0,0,20,296,34,512,366
1471,41212,27335,27322,26392,930,13,13877,32380,2,22733,19126,71,19055,16854,3101,15284,1931,1127,145,0,444,3163,25847,22996,21003,1993,1650,272,71,100,100,0,0,0,0,108,586,297,1760,366
1472,84871,33968,33920,26220,7700,48,50903,32420,1,38208,26794,125,26669,24317,9954,15746,2151,1226,154,0,1134,10280,25661,23878,22192,1686,1269,149,268,286,52,48,0,186,0,80,653,77,687,366
1473,28978,16411,16405,15622,783,6,12567,32460,2,14214,11343,0,11343,9923,3465,7196,1201,1116,150,44,536,2335,15435,14374,13461,913,748,91,74,49,49,0,0,0,0,0,171,241,600,366
1474,13520,7410,7393,7118,275,17,6110,32500,2,6591,5289,10,5279,5012,949,4004,205,476,13,1,136,1166,7104,6601,6211,390,314,63,13,9,9,0,0,0,0,0,100,57,337,366
1475,35002,18825,18751,17440,1311,74,16177,32540,2,17112,13978,32,13946,12550,3968,8462,1120,1609,216,13,268,2866,17107,15421,14155,1266,924,196,146,33,33,0,0,0,0,13,465,157,1018,366
1476,616455,361907,361260,333199,28061,647,254548,32580,1,251916,192595,237,192358,164213,43400,137624,24009,18742,3134,68,8273,51048,325750,286251,256037,30214,21007,6168,3039,812,660,0,73,79,0,476,3235,11363,23613,366
1477,30947,15618,15618,14605,1013,0,15329,32620,2,14838,10499,67,10432,8751,2227,7009,1318,1966,153,0,357,3982,14390,13441,12069,1372,1038,169,165,28,28,0,0,0,0,2,112,468,339,366
1478,32197,18650,18609,17953,656,41,13547,32660,2,15790,12013,26,11987,10561,2136,9550,1194,444,75,22,668,3109,17748,16885,15510,1375,1027,251,97,10,10,0,0,0,0,0,169,58,626,366
1479,24212,15503,15467,15226,241,36,8709,32700,2,12180,10430,32,10398,9522,1743,7966,799,1025,43,0,365,1385,14975,13288,12254,1034,676,254,104,4,4,0,0,0,0,82,713,107,781,366
1480,68975,38888,38799,36383,2416,89,30087,32740,2,33225,27250,229,27021,22494,4234,21393,3901,1736,359,42,549,5426,35560,30852,27591,3261,2372,380,509,157,133,0,8,8,8,141,2067,311,2032,366
1481,180974,104591,104451,98643,5808,140,76383,32780,1,89467,78519,380,78139,70189,9041,63351,6260,7832,869,91,3294,7654,96392,80899,72229,8670,6745,1072,853,835,821,0,0,0,14,916,2483,1233,10026,366
1482,1040292,665297,662476,615715,46761,2821,374995,32820,1,504665,419424,713,418711,389084,77864,321626,25167,39128,2710,197,14039,71202,606875,557023,502899,54124,41383,8127,4614,3152,3030,79,0,14,29,648,5391,5825,34836,366
1483,37217,24968,24960,24008,952,8,12249,32860,2,17277,14852,118,14734,12852,2270,10983,1538,1691,198,39,546,1879,23332,19656,18184,1472,1159,155,158,49,35,0,8,0,6,230,1477,142,1778,366
1484,206258,121901,121686,108194,13492,215,84357,32900,1,81618,72405,71,72334,68456,13635,54071,3049,6736,474,51,1784,7429,103796,91428,81932,9496,5647,2087,1762,613,545,62,6,0,0,415,2413,4154,4773,366
1485,78519,43060,42044,39630,2414,1016,35459,32940,2,37577,29219,121,29098,26312,7429,19460,2306,3766,277,0,822,7536,39963,36942,33033,3909,2414,974,521,6,6,0,0,0,0,28,607,1002,1378,366
1486,20190,11811,11806,11254,552,5,8379,33020,2,9032,7171,54,7117,6312,1089,4905,444,1217,163,123,199,1662,10886,10006,9092,914,730,52,132,3,3,0,0,0,0,6,141,221,509,366
1487,23750,12949,12946,12417,529,3,10801,33060,2,11728,8839,26,8813,7533,2437,5476,998,1234,140,26,370,2519,12147,11482,10414,1068,833,143,92,25,18,0,3,0,4,19,194,103,324,366
1488,5005453,3180616,3176601,2997667,178934,4015,1824837,33100,1,2249934,1935051,2974,1932077,1752393,234744,1649154,159143,157665,7695,1149,80239,234644,2937950,2472951,2206688,266263,196651,41198,28414,76876,62971,7415,4254,1874,362,14260,42833,60582,270448,366
1489,90551,51987,51973,49174,2799,14,38564,33140,1,43256,36822,103,36719,29420,4493,29119,6492,3616,591,57,459,5975,47992,44012,39967,4045,3017,643,385,511,292,14,205,0,0,87,814,250,2318,366
1490,20053,7953,7953,7223,730,0,12100,33180,2,9483,6653,11,6642,5621,819,5356,920,545,75,5,232,2598,6887,6233,5217,1016,814,170,32,5,5,0,0,0,0,9,340,40,260,366
1491,67666,39978,39893,37906,1987,85,27688,33220,1,34090,29669,151,29518,26483,3914,23677,2530,2497,302,10,709,3712,37233,33128,30402,2726,1956,534,236,232,212,0,16,0,4,49,473,233,3118,366
1492,126684,90032,89896,86897,2999,136,36652,33260,1,65374,57248,67,57181,53240,8448,43553,3139,7070,594,0,1430,6696,85917,79562,71044,8518,6022,1754,742,119,119,0,0,0,0,187,1017,611,4421,366
1493,44203,21268,21268,19790,1478,0,22935,33300,2,18817,14484,107,14377,10487,1661,11747,3365,1818,374,84,452,3881,19153,17671,16164,1507,921,418,168,75,75,0,0,0,0,26,117,478,786,366
1494,1249887,827043,826361,793132,33229,682,422844,33340,1,644229,558077,1420,556657,512362,62400,477162,38792,33730,2534,700,14770,71382,782458,661127,605269,55858,44312,6882,4664,19584,19078,78,318,83,27,2916,17837,6366,74628,366
1495,29939,13949,13857,13206,651,92,15990,33380,2,14831,8628,40,8588,7570,2644,5026,730,1317,217,0,362,5841,13061,11893,11314,579,406,123,50,54,54,0,0,0,0,33,54,204,823,366
1496,22246,12960,12960,12068,892,0,9286,33420,2,10383,8864,2,8862,8270,1446,6426,493,1512,70,0,283,1236,11830,10510,9023,1487,847,321,319,53,20,0,0,33,0,29,130,260,848,366
1497,2888575,2065857,2063417,1981568,81849,2440,822718,33460,1,1420611,1296554,4106,1292448,1190340,133390,1117699,90982,78943,4764,1004,32748,91309,1946949,1548033,1403346,144687,111842,18670,14175,70903,61840,2260,2293,4354,156,12397,40790,19947,254879,366
1498,60738,44300,39933,38231,1702,4367,16438,33500,2,31177,27266,93,27173,25085,2075,24604,1883,1708,45,17,1178,2733,41537,37954,33511,4443,3528,367,548,103,98,0,0,5,0,21,781,467,2211,366
1499,98095,68977,68836,65607,3229,141,29118,33540,1,49437,44981,129,44852,40237,5614,36258,3899,4020,475,39,1023,3433,64260,52060,46820,5240,3444,1240,556,1038,1018,0,20,0,0,2093,2630,566,5873,366
1500,18109,12336,12305,12086,219,31,5773,33580,2,9581,8026,27,7999,6597,1274,6428,1305,509,60,2,264,1291,11914,10452,9774,678,260,220,198,46,46,0,0,0,0,19,425,200,772,366
1501,20054,11522,11477,10930,547,45,8532,33620,2,8856,7367,21,7346,6237,1306,5434,878,897,109,57,124,1365,10874,10178,9172,1006,756,112,138,36,36,0,0,0,0,9,48,175,428,366
1502,340929,193524,192616,181492,11124,908,147405,33660,1,163306,133182,3102,130080,120373,29343,92835,7169,14032,1055,50,3431,26693,178835,164622,152506,12116,9324,1662,1130,706,660,0,21,0,25,104,1538,1728,10137,366
1503,417386,256156,255842,234325,21517,314,161230,33700,1,175067,155662,301,155361,146729,22839,120934,6706,18679,1339,132,2999,16406,227453,205588,182088,23500,16943,3941,2616,1597,1422,85,47,25,18,779,2528,2451,14510,366
1504,162488,90373,90216,84506,5710,157,72115,33740,1,75402,56325,387,55938,49517,11933,40037,5403,6347,630,114,2904,16173,83275,76965,69376,7589,5644,991,954,685,677,0,8,0,0,305,1148,730,3442,366
1505,125207,75438,75288,71296,3992,150,49769,33780,1,61523,52414,209,52205,45605,6677,42395,5948,4298,368,63,1729,7380,70057,64097,59577,4520,3518,595,407,179,179,0,0,0,0,67,899,583,4232,366
1506,305838,180397,176488,166522,9966,3909,125441,33860,1,146498,123431,215,123216,109543,17403,100385,12172,8490,779,262,3987,19080,166108,153112,140085,13027,10766,1248,1013,564,562,0,0,0,2,146,2210,1040,9036,366
1507,38527,21719,21707,20603,1104,12,16808,33940,2,19044,15736,45,15691,12703,2986,11083,2447,2043,304,62,365,2943,20359,17200,15033,2167,1454,345,368,21,14,0,0,0,7,74,711,202,2151,366
1508,57614,32632,31893,30269,1624,739,24982,33980,2,30069,27109,45,27064,24409,2797,23652,2439,1765,106,13,712,2248,30274,27292,25232,2060,1640,262,158,85,80,0,0,0,5,122,328,421,2026,366
1509,39112,21221,21163,19607,1556,58,17891,34020,2,18565,14829,22,14807,13647,2668,11466,773,1681,169,0,359,3377,19303,18388,16238,2150,1650,312,188,1,1,0,0,0,0,65,152,202,495,366
1510,118822,72557,72382,67550,4832,175,46265,34060,1,56150,49173,319,48854,43784,5761,41125,4402,2766,395,15,1758,5219,66585,56097,50025,6072,5265,467,340,953,866,72,7,8,0,94,3038,612,5791,366
1511,115504,65218,65181,60913,4268,37,50286,34100,1,54233,43451,226,43225,34730,10100,30003,6837,3490,492,119,1851,8931,59611,55117,49306,5811,4458,771,582,135,73,0,53,0,9,58,546,342,3413,366
1512,32820,21078,21067,19939,1128,11,11742,34140,2,15706,13898,28,13870,12646,1438,11036,930,1565,219,25,668,1140,19283,14898,12746,2152,1658,265,229,144,144,0,0,0,0,275,2175,310,1481,366
1513,71965,45825,45734,43380,2354,91,26140,34180,2,32803,28861,22,28839,26405,4637,22191,1987,2723,376,0,824,3118,42516,37465,31787,5678,4383,577,718,358,356,0,0,0,2,117,813,566,3197,366
1514,35084,20541,20531,19111,1420,10,14543,34220,2,16219,11979,36,11943,10731,3164,8442,1059,733,53,0,227,4013,18739,17537,15668,1869,1292,349,228,242,242,0,0,0,0,0,258,238,464,366
1515,35135,15990,15990,15127,863,0,19145,34260,2,18835,15217,116,15101,12252,2088,11838,2490,1709,137,32,583,3035,14914,13801,11937,1864,1403,223,238,2,2,0,0,0,0,0,271,101,739,366
1516,21705,13706,10844,10099,745,2862,7999,34300,2,10624,9378,27,9351,8251,1455,7155,840,889,210,0,131,1115,12757,11877,10425,1452,985,283,184,82,21,61,0,0,0,6,327,168,297,366
1517,57933,33483,33459,31939,1520,24,24450,34340,2,28603,21358,166,21192,17945,2600,17836,2746,1492,230,101,2513,4732,31277,29742,26267,3475,2559,628,288,34,34,0,0,0,0,42,247,147,1065,366
1518,26857,10738,10738,9041,1697,0,16119,34350,2,12382,10560,9,10551,8088,379,9814,2422,429,19,4,231,1591,8723,8195,7722,473,374,83,16,24,24,0,0,0,0,0,168,0,336,366
1519,55506,33708,33704,31264,2440,4,21798,34380,2,24582,19663,56,19607,16969,3585,13939,1965,2701,395,18,2519,2400,30181,25994,23480,2514,2033,246,235,226,226,0,0,0,0,237,1955,222,1547,366
1520,32835,19799,19799,18636,1163,0,13036,34420,2,15039,11935,0,11935,11194,5696,5031,475,1842,120,0,277,2827,18440,17219,14850,2369,1886,271,212,8,8,0,0,0,0,0,212,365,636,366
1521,36784,19405,19381,18288,1093,24,17379,34460,2,17634,14417,51,14366,13014,3394,10010,1107,1254,179,0,306,2911,17844,16664,14986,1678,1278,265,135,0,0,0,0,0,0,0,174,125,881,366
1522,30027,17381,17375,16197,1178,6,12646,34500,2,14608,12189,36,12153,11134,3190,7523,817,1608,145,10,289,2130,15863,14637,12888,1749,1327,287,135,54,54,0,0,0,0,4,224,225,719,366
1523,49743,30132,29988,29074,914,144,19611,34540,2,22908,19620,74,19546,17390,3683,13890,1748,2325,212,95,354,2934,28477,24590,22033,2557,1859,288,410,65,65,0,0,0,0,69,900,407,2446,366
1524,103689,61562,60432,57503,2929,1130,42127,34580,1,50540,46089,120,45969,42289,6195,37636,3147,2823,268,68,841,3610,57040,49187,43726,5461,4161,528,772,310,195,0,0,53,62,208,1260,494,5581,366
1525,94304,55631,55569,52038,3531,62,38673,34620,1,45602,38121,158,37963,34112,5544,30306,3463,3210,124,95,1729,5752,50864,44590,39928,4662,3614,618,430,713,707,0,0,0,6,247,2140,575,2599,366
1526,31370,18658,18658,17807,851,0,12712,34660,2,14621,11983,33,11950,9479,2453,9030,2294,760,86,38,922,1716,17518,14914,13516,1398,1259,106,33,15,15,0,0,0,0,56,1696,113,724,366
1527,33848,22175,22144,21323,821,31,11673,34700,2,16785,14455,36,14419,12966,2656,10964,1256,988,104,2,402,1928,20877,19388,17765,1623,1243,255,125,72,72,0,0,0,0,20,440,100,857,366
1528,139951,83050,82989,76920,6069,61,56901,34740,1,66122,55360,212,55148,48378,11064,41307,5829,3707,637,88,1627,9135,75378,70527,63388,7139,5594,1050,495,159,159,0,0,0,0,138,848,432,3274,366
1529,52165,27564,27548,25872,1676,16,24601,34780,2,25455,18381,41,18340,14697,3664,12476,2528,2782,679,70,2072,5002,25398,22910,21053,1857,1522,203,132,198,139,34,0,25,0,91,321,420,1458,366
1530,406697,215139,214881,202051,12830,258,191558,34820,1,192421,171082,373,170709,151634,22170,143823,16705,8470,987,173,5549,15790,198618,175822,159215,16607,11246,3396,1965,1123,638,26,6,71,382,378,2115,3300,15880,366
1531,51195,30589,30589,28313,2276,0,20606,34860,2,24179,20135,75,20060,18352,4559,13269,1292,3086,256,0,819,3225,27555,24391,21199,3192,2310,542,340,60,55,0,0,0,5,64,1165,401,1474,366
1532,114351,73823,73750,70147,3603,73,40528,34900,1,48745,44809,92,44717,41359,5242,37031,2789,4327,350,69,958,2978,68679,57721,50966,6755,4529,1381,845,897,503,12,0,4,378,652,2059,1026,6324,366
1533,316475,166505,166372,159416,6956,133,149970,34940,1,153711,136628,341,136287,125152,12759,120878,9839,7280,282,118,5630,11453,155730,133905,116411,17494,11463,3371,2660,1064,1007,48,0,9,0,720,1328,2799,15914,366
1534,1560083,1073228,1071545,1028165,43380,1683,486855,34980,1,749602,671961,754,671207,628775,81544,565922,37537,50199,2527,343,15759,61882,1011034,861872,775181,86691,66167,13016,7508,7998,7123,78,588,134,75,1331,12007,10807,117019,366
1535,39318,17602,17596,15474,2122,6,21716,35020,2,17626,13145,11,13134,11901,3638,7705,696,2571,340,0,515,3966,15085,14188,13290,898,473,364,61,50,50,0,0,0,0,0,232,305,310,366
1536,29876,15123,15111,13096,2015,12,14753,35060,2,13765,9370,4,9366,8219,2399,6066,909,1202,157,47,293,4102,12863,12199,10767,1432,980,248,204,16,16,0,0,0,0,68,253,57,270,366
1537,100208,56822,51019,48090,2929,5803,43386,35100,1,49319,39901,200,39701,36287,3263,34908,3008,2697,181,42,574,8844,53347,48666,42684,5982,3818,1229,935,79,55,0,0,0,24,103,1037,623,2839,366
1538,30532,18110,18045,17222,823,65,12422,35140,2,15137,11672,53,11619,10178,3658,6415,996,2136,316,9,343,3122,16912,15884,14661,1223,749,290,184,0,0,0,0,0,0,53,276,180,519,366
1539,39898,21635,21604,20565,1039,31,18263,35220,2,18442,15123,82,15041,13039,2477,11338,1622,1625,243,4,708,2611,20136,18625,16994,1631,1261,254,116,42,42,0,0,0,0,20,246,104,1099,366
1540,71211,42400,42392,39498,2894,8,28811,35260,2,36111,30201,154,30047,25177,4010,24901,4351,1499,214,40,618,5292,38624,34327,30787,3540,2822,438,280,299,299,0,0,0,0,11,769,208,3010,366
1541,711358,464111,463822,432717,31105,289,247247,35300,1,336400,293314,964,292350,257074,32578,253918,32939,10713,747,195,7942,35144,423971,352254,317765,34489,28531,3727,2231,13178,9658,288,3002,156,74,1814,14590,5272,36863,366
1542,1016566,633295,628452,585794,42658,4843,383271,35380,1,495557,416587,591,415996,379261,60827,341559,32675,40868,1990,117,10657,68313,576440,494170,439118,55052,41865,7771,5416,11632,10068,142,103,1161,158,5475,13751,8709,42703,366
1543,74024,45788,45788,43212,2576,0,28236,35420,2,37661,30433,143,30290,26072,4446,23700,3448,2756,682,36,955,6273,42403,38607,35329,3278,2240,561,477,26,26,0,0,0,0,515,663,508,2084,366
1544,42409,21444,21438,19928,1510,6,20965,35440,2,22093,19605,110,19495,16392,2160,15928,2514,1843,334,123,502,1986,19490,16289,13989,2300,1781,370,149,90,69,0,0,0,21,74,777,209,2051,366
1545,29450,15570,15570,14362,1208,0,13880,35460,2,14339,10477,24,10453,8298,3421,5713,1475,1548,400,0,471,3391,14238,13232,11727,1505,1376,127,2,1,0,0,0,1,0,0,199,242,564,366
1546,20944,13902,13902,13514,388,0,7042,35580,2,10773,9119,57,9062,8164,1362,7043,759,1034,63,0,194,1460,13331,11645,10895,750,470,136,144,58,58,0,0,0,0,27,411,55,1135,366
1547,16184079,10498568,10490702,9810131,680571,7866,5685511,35620,1,7248123,6407760,10992,6396768,5852933,734887,5558594,501821,268954,10451,4426,147677,692686,9564577,5118086,4533658,584428,416763,86059,81606,2656256,645187,1668525,300402,18581,23561,68002,528729,180665,1012839,366
1548,124366,76840,76785,71894,4891,55,47526,35660,1,63403,51258,314,50944,45856,9304,38283,4368,4908,476,25,3414,8731,70443,62434,56636,5798,4665,780,353,413,288,16,87,1,21,157,1777,698,4964,366
1549,36258,20604,20569,18540,2029,35,15654,35700,2,16428,13334,57,13277,11424,2470,9264,1319,2903,273,7,472,2622,18144,16214,14458,1756,1202,280,274,182,182,0,0,0,0,85,244,407,1012,366
1550,37570,26079,26065,25341,724,14,11491,35740,2,19054,16055,150,15905,14117,2965,11473,1414,2008,263,22,639,2360,24957,22387,20298,2089,1383,394,312,96,82,0,0,14,0,104,655,211,1504,366
1551,28549,18704,18704,18071,633,0,9845,35820,2,14960,12936,86,12850,11485,2176,9793,1090,937,150,108,358,1666,17593,16188,15042,1146,957,96,93,98,95,0,2,0,1,122,458,176,551,366
1552,706710,365077,364564,348125,16439,513,341633,35840,1,350177,310936,639,310297,278250,31617,272398,29161,13007,1117,114,13227,26014,341882,292481,260824,31657,23527,4309,3821,1609,1388,82,32,70,37,1710,3252,4143,38687,366
1553,21947,14054,14024,13428,596,30,7893,35860,2,10217,8558,0,8558,7248,1822,5741,1146,1052,97,42,217,1442,12993,12357,10835,1522,1256,115,151,29,29,0,0,0,0,13,129,8,457,366
1554,54192,29812,29727,27997,1730,85,24380,35900,2,27265,22429,120,22309,15708,2359,19306,6275,1178,170,39,474,4362,27631,25577,22847,2730,2191,159,380,37,37,0,0,0,0,0,214,169,1634,366
1555,46104,28489,28469,27235,1234,20,17615,35940,2,23288,19566,142,19424,16945,3263,14609,2067,1937,221,57,747,2975,26776,24827,22757,2070,1555,394,121,87,78,0,0,0,9,82,606,235,939,366
1556,222758,146243,138958,131803,7155,7285,76515,35980,1,109481,98508,199,98309,89410,10243,86072,7998,4838,312,20,1957,9016,135206,115533,104770,10763,8920,1158,685,1798,1332,62,335,18,51,200,3707,1397,12571,366
1557,71951,41446,34398,32307,2091,7048,30505,36020,2,35102,32669,104,32565,29284,2652,28323,2976,2489,232,0,620,1813,38544,31826,27646,4180,3259,465,456,669,302,0,68,0,299,189,1273,519,4068,366
1558,308998,147476,147309,137217,10092,167,161522,36100,1,150880,130964,402,130562,113978,14425,106228,13821,13602,1520,93,2682,17234,134634,120700,106961,13739,11190,1492,1057,431,405,17,0,9,0,335,711,1901,10556,366
1559,80625,46000,45120,41976,3144,880,34625,36140,1,41971,37183,115,37068,32405,4169,32335,4453,1054,60,27,1132,3656,41834,36049,32543,3506,3059,275,172,582,439,9,120,3,11,569,1473,694,2467,366
1560,117245,79273,79223,74351,4872,50,37972,36220,1,59019,50217,0,50217,45460,8196,37539,3698,6364,305,110,1437,7365,73113,68618,59583,9035,5631,2154,1250,194,179,0,9,6,0,46,1149,684,2422,366
1561,501339,348629,345123,335423,9700,3506,152710,36260,1,219399,202954,361,202593,188400,19238,171591,12063,22747,1164,149,5061,11384,333536,285439,255737,29702,22389,4080,3233,4510,2621,64,1717,77,31,1048,4243,2815,35481,366
1562,89538,47478,47410,44424,2986,68,42060,36300,2,41224,34529,162,34367,28938,3969,28595,4793,2316,322,12,1191,5504,43493,37518,33563,3955,2892,523,540,89,83,1,0,2,3,39,2612,597,2638,366
1563,42358,23725,23709,22061,1648,16,18633,36340,2,21033,17716,176,17540,13842,2827,13693,3346,1336,205,22,390,2927,21711,19358,17193,2165,1817,176,172,56,53,0,2,0,1,11,696,142,1448,366
1564,32413,15697,15697,14907,790,0,16716,36380,2,14794,10800,14,10786,9214,1387,8535,1292,1571,140,0,650,3344,14662,13088,10934,2154,1606,223,325,203,203,0,0,0,0,78,260,291,742,366
1565,1103826,724186,716025,684450,31575,8161,379640,36420,1,545765,480742,811,479931,441256,78611,374447,32942,40648,2896,451,11756,53267,681651,611103,549076,62027,47279,8865,5883,2512,2235,60,25,152,40,1762,11078,7804,47392,366
1566,62002,35207,35145,33046,2099,62,26795,36460,2,31333,24526,137,24389,19518,4452,16804,3667,3904,834,44,755,6052,32313,28498,25955,2543,2129,254,160,170,165,5,0,0,0,85,1286,328,1946,366
1567,235707,147205,141930,133783,8147,5275,88502,36500,1,114556,105176,241,104935,93714,8670,93223,9637,5783,802,14,2774,6606,135620,112892,100327,12565,9508,1747,1310,2229,1881,70,188,11,79,607,2497,1940,15455,366
1568,740347,521297,516220,497188,19032,5077,219050,36540,1,372590,332225,884,331341,304574,36137,284045,24110,19453,1244,271,9129,31236,494891,433085,393518,39567,30483,5389,3695,3726,3629,13,20,61,3,638,8206,4679,44557,366
1569,50598,28853,28746,27118,1628,107,21745,36580,2,22448,18721,97,18624,14894,2177,13681,2801,2965,790,20,745,2982,26584,22254,19953,2301,1725,274,302,289,257,9,23,0,0,75,1964,216,1786,366
1570,43155,23649,23617,22365,1252,32,19506,36620,2,19055,15963,83,15880,14385,3255,11022,1191,2001,187,17,634,2458,21874,19419,17469,1950,1566,134,250,30,19,0,0,0,11,71,917,260,1177,366
1571,63544,33608,33417,31261,2156,191,29936,36660,2,30479,20900,140,20760,16578,6112,13101,3434,2059,368,27,1306,8273,30463,27897,25332,2565,2020,310,235,87,50,37,0,0,0,57,596,425,1401,366
1572,67919,36443,36443,32981,3462,0,31476,36700,2,32164,24132,198,23934,22159,7320,14839,1349,3245,305,29,747,7285,31838,29683,27220,2463,1576,531,356,28,18,10,0,0,0,29,380,241,1477,366
1573,2124063,1377541,1375365,1298965,76400,2176,746522,36740,1,915794,831039,1052,829987,760706,89640,717491,63731,50384,2062,354,18910,65845,1275837,1087627,967088,120539,94012,16828,9699,15899,14522,501,748,108,20,4531,13614,23517,130649,366
1574,140054,92565,92464,90082,2382,101,47489,36780,1,71416,63331,343,62988,55622,8674,51298,6615,4324,394,75,1782,6303,88459,78403,71747,6656,5366,889,401,515,509,6,0,0,0,606,1959,524,6452,366
1575,17494,11510,11510,11102,408,0,5984,36820,2,8813,7446,29,7417,6697,1522,5333,503,709,156,29,202,1165,11011,9648,8658,990,812,126,52,7,7,0,0,0,0,40,547,116,653,366
1576,13876,8723,8716,8068,648,7,5153,36830,2,6158,5135,1,5134,4710,1311,3331,223,751,160,20,192,831,7749,6971,5764,1207,1044,57,106,13,13,0,0,0,0,0,179,175,411,366
1577,121068,75980,75940,71550,4390,40,45088,36837,2,60959,52033,221,51812,46171,8474,38230,4526,7036,764,78,1508,7418,69617,64732,58956,5776,4109,970,697,97,97,0,0,0,0,182,1207,465,2934,366
1578,20503,13611,13593,13206,387,18,6892,36840,2,10018,7849,16,7833,6849,1378,5223,622,1520,214,22,377,1792,12886,11560,10574,986,755,167,64,0,0,0,0,0,0,0,215,272,839,366
1579,28069,17181,17181,16316,865,0,10888,36900,2,14120,11250,60,11190,9934,2297,8094,1093,910,87,16,482,2388,15782,14761,13063,1698,1374,202,122,93,93,0,0,0,0,0,337,60,531,366
1580,29111,19762,19759,19000,759,3,9349,36940,2,14911,12868,26,12842,11834,1676,10330,858,954,80,14,341,1702,18588,16669,15580,1089,787,199,103,204,134,0,0,0,70,9,514,171,1021,366
1581,94202,57399,57348,54821,2527,51,36803,36980,1,47711,41026,118,40908,36881,6900,30928,3549,3964,278,92,799,5886,53873,50480,46315,4165,2940,797,428,148,148,0,0,0,0,54,741,411,2039,366
1582,46208,27055,27048,26357,691,7,19153,37060,2,18970,16299,0,16299,15040,2677,12518,732,2053,142,0,914,1757,25828,23248,21370,1878,1496,249,133,394,371,0,0,0,23,95,662,74,1355,366
1583,674985,438224,434377,410141,24236,3847,236761,37100,1,274471,250506,383,250123,233201,20312,222996,14811,17082,1211,185,4748,19217,402256,344533,306123,38410,28211,6415,3784,3379,2436,217,644,18,64,1437,6431,3408,43068,366
1584,39213,21724,19065,17507,1558,2659,17489,37120,2,19470,16065,42,16023,14954,4485,10632,790,1832,175,4,752,2653,19652,17849,15856,1993,1744,122,127,12,12,0,0,0,0,0,716,273,802,366
1585,79116,44028,43987,42075,1912,41,35088,37140,2,39033,33094,89,33005,29427,8503,22704,2859,2906,464,3,1019,4920,41509,38355,35532,2823,2013,475,335,180,156,0,0,0,24,59,516,471,1928,366
1586,42725,18085,18085,16360,1725,0,24640,37220,2,21411,16587,41,16546,14437,2503,11147,1551,4081,417,36,654,4170,16111,13924,12450,1474,1030,229,215,130,99,31,0,0,0,20,474,474,1089,366
1587,58900,27799,27799,25295,2504,0,31101,37260,2,29174,22985,107,22878,19839,5018,15520,2434,2685,367,57,823,5366,24985,22530,19854,2676,1949,403,324,36,33,0,3,0,0,89,356,189,1785,366
1588,48229,20178,20178,19366,812,0,28051,37300,2,16477,12909,71,12838,10400,2843,8212,1779,3096,566,0,395,3173,19022,18003,15950,2053,1323,618,112,81,60,0,5,16,0,0,131,172,635,366
1589,504648,281507,279577,266213,13364,1930,223141,37340,1,242657,218772,510,218262,192725,18897,192940,23100,13110,1035,69,5640,18245,263177,228324,209084,19240,15417,2444,1379,1682,1495,13,39,88,47,1354,2791,3920,25106,366
1590,17212,10117,10117,9634,483,0,7095,37420,2,8191,6515,14,6501,5659,1240,4553,663,1080,97,0,221,1455,9405,8712,7396,1316,1117,148,51,0,0,0,0,0,0,0,147,306,240,366
1591,147582,90315,87077,83046,4031,3238,57267,37460,1,72881,65077,57,65020,59705,10622,52137,4893,3452,187,3,1792,6012,84237,76560,67374,9186,6761,1547,878,493,423,0,0,61,9,272,802,1049,5061,366
1592,35880,21367,21367,19783,1584,0,14513,37500,2,17583,14452,4,14448,13303,2942,10572,995,1208,101,0,707,2424,19304,18218,15997,2221,1689,166,366,40,27,0,0,0,13,0,358,154,534,366
1593,26391,12927,12876,12272,604,51,13464,37540,2,12938,10056,31,10025,8657,1980,7044,939,1135,351,0,228,2654,12031,10978,10233,745,631,107,7,72,17,0,0,55,0,12,44,531,394,366
1594,39274,23624,23613,22828,785,11,15650,37580,2,19930,14573,7,14566,13267,3484,8967,988,2380,180,50,1111,4246,22585,20194,18382,1812,1175,375,262,30,30,0,0,0,0,31,787,427,1116,366
1595,73279,40008,39898,37848,2050,110,33271,37620,1,37301,30806,107,30699,24513,4701,24838,5348,1752,664,6,946,5549,37397,34252,30945,3307,2768,288,251,257,257,0,0,0,0,68,753,232,1835,366
1596,15839,9580,9573,9283,290,7,6259,37660,2,7857,6426,54,6372,5581,916,4448,553,957,164,40,186,1245,9109,8341,7200,1141,987,113,41,8,4,4,0,0,0,40,264,27,429,366
1597,43627,20366,20311,18822,1489,55,23261,37740,2,22306,16620,70,16550,12602,2143,11924,2933,2973,848,37,446,5240,18592,16901,14491,2410,1943,228,239,13,13,0,0,0,0,14,188,113,1363,366
1598,14751,7053,7053,6692,361,0,7698,37770,2,4763,3148,0,3148,2278,868,1997,683,320,147,0,105,1510,6633,5872,5359,513,248,6,259,0,0,0,0,0,0,0,255,155,351,366
1599,11676,7064,7064,6605,459,0,4612,37780,2,4103,2818,0,2818,2678,371,1998,123,745,7,0,25,1260,6413,6256,5089,1167,916,120,131,0,0,0,0,0,0,0,9,79,69,366
1600,26405,17062,17062,16640,422,0,9343,37800,2,13241,11163,77,11086,9977,1920,8076,886,1361,166,15,498,1580,16350,14253,13030,1223,930,150,143,55,55,0,0,0,0,69,724,121,1128,366
1601,407193,245490,230959,217575,13384,14531,161703,37860,1,192028,169134,360,168774,154106,16601,145230,12818,12881,1144,15,4528,18366,225651,189822,168533,21289,16276,3400,1613,1175,1159,0,0,0,16,1243,7202,3625,22584,366
1602,321313,195305,194953,183690,11263,352,126008,37900,1,164793,140249,516,139733,118933,22356,110415,18738,9988,1258,144,4130,20414,180488,162202,149782,12420,9781,1446,1193,1241,1229,0,12,0,0,418,3607,1082,11938,366
1603,29413,16444,16411,15618,793,33,12969,37940,2,13148,10598,28,10570,9296,2174,6813,832,2037,245,9,403,2147,15329,14273,12850,1423,1201,158,64,45,45,0,0,0,0,111,233,164,503,366
1604,5018229,3303348,3293350,3087122,206228,9998,1714881,37980,1,2391340,2128605,3994,2124611,1940563,220697,1868001,169931,89936,4282,1226,52885,209850,3028700,2281671,2065896,215775,168466,27975,19334,238302,127012,52638,51382,6921,349,18118,97511,38316,354782,366
1605,3787001,2415047,2408011,2285618,122393,7036,1371954,38060,1,1777705,1605000,3595,1601405,1448505,188413,1350066,131541,141074,11773,934,38847,133858,2254347,1845700,1613823,231877,176404,32885,22588,32376,28383,934,360,2506,193,12644,32447,38865,292315,366
1606,44740,24242,24242,22699,1543,0,20498,38100,2,20465,16332,33,16299,14562,2743,12036,1433,2376,202,17,871,3262,21943,20174,17170,3004,2414,408,182,0,0,0,0,0,0,0,287,486,996,366
1607,16250,11122,11095,11006,89,27,5128,38180,2,8739,7665,27,7638,6628,799,6571,954,585,10,0,149,925,10956,9794,8600,1194,908,180,106,80,80,0,0,0,0,17,440,30,595,366
1608,72595,34311,34298,31538,2760,13,38284,38220,1,30552,21098,96,21002,19608,6234,12293,1019,3102,273,33,1582,7872,30870,28848,27088,1760,1426,164,170,124,116,0,0,8,0,0,303,236,1359,366
1609,79513,46082,42645,40800,1845,3437,33431,38240,2,40595,35133,91,35042,31126,3115,30001,3356,3650,375,0,877,4585,43235,36977,33818,3159,2267,643,249,76,39,0,37,0,0,31,510,1693,3948,366
1610,31389,19976,19952,19144,808,24,11413,38260,2,15512,12716,24,12692,11610,2027,10227,954,728,61,19,379,2417,18794,17488,16193,1295,995,135,165,0,0,0,0,0,0,147,543,158,458,366
1611,1968666,1241680,1240158,1175632,64526,1522,726986,38300,1,1015962,879382,3115,876267,774146,97601,759282,94060,33207,3305,519,19379,117201,1153267,926790,841627,85163,70468,8702,5993,53949,48363,2220,126,3126,114,2659,34499,11356,124014,366
1612,109996,67287,67250,63656,3594,37,42709,38340,1,55525,47855,211,47644,40629,4919,40575,6351,2614,285,66,1611,6059,61845,51646,46745,4901,3954,566,381,781,630,110,23,18,0,246,3577,371,5224,366
1613,24846,14960,14953,14277,676,7,9886,38380,2,11070,8650,21,8629,7335,2664,5550,1183,844,31,0,338,2082,13874,13238,11757,1481,1039,235,207,20,20,0,0,0,0,2,182,52,380,366
1614,42426,27325,27316,26546,770,9,15101,38420,2,19775,16207,146,16061,12156,1804,12120,3234,2298,394,125,809,2759,26012,21614,20080,1534,1209,155,170,59,59,0,0,0,0,90,1593,445,2211,366
1615,67272,37779,37666,36043,1623,113,29493,38460,2,32379,27404,140,27264,22796,2696,23269,3951,1920,263,10,1191,3784,35223,31410,28119,3291,2598,397,296,137,28,13,0,0,96,76,1383,401,1816,366
1616,35924,22417,22417,21618,799,0,13507,38500,2,16865,12955,200,12755,10482,1759,9289,1829,2098,221,40,475,3435,21205,18970,16544,2426,1925,187,314,70,53,0,0,17,0,484,398,312,971,366
1617,72233,44887,44824,42449,2375,63,27346,38540,1,34759,30164,119,30045,27226,4417,23351,2543,3312,166,21,1214,3381,41686,36020,31920,4100,2813,644,643,406,406,0,0,0,0,235,1210,342,3473,366
1618,44411,22320,22309,21479,830,11,22091,38580,2,21349,16203,20,16183,13917,2890,10674,1637,2854,487,0,571,4575,20940,19479,18363,1116,839,145,132,76,76,0,0,0,0,13,364,71,937,366
1619,34214,19998,19993,18712,1281,5,14216,38620,2,16916,12867,22,12845,10663,2789,8946,1873,1563,169,23,901,3148,18390,17018,14884,2134,1357,559,218,1,1,0,0,0,0,11,307,328,725,366
1620,188729,74117,73953,61944,12009,164,114612,38660,1,80729,58791,287,58504,54669,22466,33606,3397,7402,308,47,1442,20496,60718,56563,52621,3942,2766,801,375,179,107,0,0,72,0,207,1451,642,1676,366
1621,29221,16925,16923,16163,760,2,12296,38700,2,14431,11940,58,11882,10663,1857,8455,972,1829,186,5,289,2202,15892,14059,12744,1315,933,195,187,6,4,0,0,0,2,149,407,428,843,366
1622,42384,22657,22621,21192,1429,36,19727,38740,2,19978,15545,52,15493,13680,3610,10092,1249,2088,501,25,453,3980,20954,19370,16590,2780,2073,459,248,87,87,0,0,0,0,33,233,158,1073,366
1623,14970,9298,8946,8283,663,352,5672,38780,2,6895,5619,10,5609,4763,897,4267,711,476,69,2,126,1150,8587,7772,6722,1050,868,58,124,17,17,0,0,0,0,17,382,155,244,366
1624,65227,31952,31538,29591,1947,414,33275,38820,2,33636,30201,191,30010,25140,3752,24314,4218,2650,413,14,486,2949,29344,24174,21409,2765,2010,394,361,284,253,23,0,0,8,89,1443,453,2901,366
1625,458176,310676,309526,298505,11021,1150,147500,38860,1,229779,206802,891,205911,182491,17847,182876,22103,7852,546,120,6192,16785,293436,238247,215255,22992,19144,2197,1651,2346,1790,124,207,0,225,1470,11997,2757,36619,366
1626,2023166,1352925,1351387,1282241,69146,1538,670241,38900,1,972105,894446,2342,892104,828594,87559,776224,55983,46494,3372,591,22899,54760,1257719,938249,833198,105051,81964,13722,9365,62329,44905,4828,2134,10249,213,21683,39052,15076,181330,366
1627,16114,10085,10085,9671,414,0,6029,38920,2,7748,6162,0,6162,5617,1207,3980,394,1273,100,43,221,1365,9493,9119,8079,1040,706,310,24,34,34,0,0,0,0,0,146,0,194,366
1628,402819,219000,218513,206895,11618,487,183819,38940,1,188294,168840,314,168526,153938,17834,145812,13128,13362,681,64,4440,15014,203615,180125,162199,17926,14215,2134,1577,548,477,15,47,9,0,845,2640,2633,16824,366
1629,60109,27944,27934,25741,2193,10,32165,39020,2,28152,22778,127,22651,18750,2511,18250,3091,2152,603,16,729,4645,25146,23449,21731,1718,1477,119,122,13,13,0,0,0,0,66,385,167,1066,366
1630,118215,68040,67875,63941,3934,165,50175,39060,2,56763,46638,277,46361,40135,5990,38010,5601,3007,300,17,1044,9081,62641,56917,50859,6058,4751,753,554,310,264,8,18,0,20,68,1956,660,2730,366
1631,555578,352668,348686,330126,18560,3982,202910,39100,1,244615,216828,533,216295,192512,19277,193356,22068,9397,431,190,5174,22613,327091,265076,239265,25811,19929,3076,2806,15481,6188,1691,7293,253,56,459,11329,4981,29765,366
1632,200779,98044,97967,92638,5329,77,102735,39150,1,103934,91638,548,91090,78910,11476,70836,9337,13285,1843,106,1892,10404,90468,76856,68067,8789,6563,1463,763,241,233,0,0,0,8,281,3167,1312,8611,366
1633,15568,8843,8837,8238,599,6,6725,39220,2,7762,6324,8,6316,5590,552,5108,648,628,43,10,430,1008,8021,7320,6558,762,374,162,226,50,43,0,7,0,0,19,185,48,399,366
1634,19920,10893,10893,10465,428,0,9027,39260,2,9951,8536,28,8508,7627,996,5711,632,2055,203,5,208,1207,10267,9142,8291,851,678,158,15,0,0,0,0,0,0,27,122,47,929,366
1635,1377141,899301,894739,841911,52828,4562,477840,39300,1,654585,572159,1258,570901,516167,65515,495155,51605,19821,1017,312,14802,67624,824719,710342,641491,68851,52596,9871,6384,17261,9867,1083,6134,64,113,2042,22426,8429,64219,366
1636,464440,326770,326088,314521,11567,682,137670,39340,1,182887,164639,274,164365,156090,10901,145633,6737,15364,797,103,12536,5712,309354,248749,216914,31835,24352,4280,3203,6069,3158,401,2146,364,0,2079,10151,2608,39698,366
1637,134056,75551,75138,70089,5049,413,58505,39380,1,66442,55038,227,54811,48283,7860,44295,5913,4866,328,56,1520,9884,69303,63928,56583,7345,5307,1197,841,371,321,7,37,0,6,213,1098,487,3206,366
1638,41634,24887,24783,22934,1849,104,16747,39420,2,18010,15305,62,15243,13600,1356,12886,1343,1475,157,13,1519,1186,21972,15218,13167,2051,1411,249,391,859,857,0,2,0,0,374,3439,252,1830,366
1639,165503,70271,70241,66463,3778,30,95232,39460,1,82755,73270,181,73089,64865,9561,60846,7204,5077,182,42,1444,8041,64817,54269,49520,4749,3927,468,354,173,97,15,0,0,61,397,732,1458,7788,366
1640,60749,38988,38945,37184,1761,43,21761,39500,2,30516,25018,139,24879,20520,3678,19284,3461,2425,427,123,728,4770,36638,33000,29956,3044,2472,447,125,171,152,0,0,0,19,72,930,292,2173,366
1641,157065,100907,100824,96852,3972,83,56158,39540,1,79040,69976,200,69776,63202,8708,58061,5784,5336,352,90,1804,7260,94929,84761,78164,6597,5142,985,470,1069,934,0,111,0,24,144,882,1929,6144,366
1642,1096930,755616,754407,721102,33305,1209,341314,39580,1,523738,480218,664,479554,448808,39794,424903,26852,32175,1658,529,9925,33595,709796,569357,517179,52178,39790,7687,4701,5088,4886,57,88,31,26,942,7785,7164,119460,366
1643,109844,73014,71060,68878,2182,1954,36830,39660,1,55160,48206,114,48092,42771,5153,40800,4813,3096,349,31,1630,5324,69602,61378,55347,6031,4549,705,777,362,319,0,0,0,43,314,1892,646,5010,366
1644,16031,8783,8783,8086,697,0,7248,39700,2,5372,3667,32,3635,3137,1491,1937,421,372,77,0,377,1328,8045,7265,6714,551,419,120,12,0,0,0,0,0,0,0,234,45,501,366
1645,342555,221989,221719,209098,12621,270,120566,39740,1,160065,136792,635,136157,120809,17660,114489,14035,6213,512,130,2627,20646,204581,174732,158112,16620,12899,2251,1470,2889,2689,124,39,0,37,410,6514,4154,15882,366
1646,51437,28362,28316,26019,2297,46,23075,39780,2,24551,20377,168,20209,17146,4192,11655,2014,4797,686,65,753,3421,25121,22891,20593,2298,1444,684,170,63,54,0,9,0,0,53,408,133,1573,366
1647,146583,80885,80819,75545,5274,66,65698,39820,1,71314,62300,201,62099,53358,7531,46927,6608,10367,1350,152,1990,7024,73769,65057,58415,6642,4725,1344,573,328,248,29,21,0,30,542,1710,705,5427,366
1648,38181,25257,25257,24320,937,0,12924,39860,2,19580,17264,96,17168,15522,2679,13035,1367,1933,211,16,383,1933,23904,21149,19449,1700,1268,274,158,317,317,0,0,0,0,51,526,111,1750,366
1649,391110,259377,258583,245648,12935,794,131733,39900,1,190489,168207,327,167880,150094,16706,144924,15957,16528,871,109,5675,16607,241918,205856,176856,29000,21747,4101,3152,4954,4931,0,0,6,17,1179,4919,4920,20090,366
1650,49454,32467,32467,30414,2053,0,16987,39940,2,15577,12916,54,12862,11700,1695,9347,889,2357,238,0,1857,804,29833,25227,20739,4488,3865,420,203,179,179,0,0,0,0,91,1432,137,2767,366
1651,53422,31779,31758,30292,1466,21,21643,39980,2,26837,21847,79,21768,19395,4125,15746,1936,2398,177,69,1273,3717,29733,26557,23673,2884,2035,432,417,109,104,0,0,0,5,19,942,584,1522,366
1652,1052861,701061,695447,661779,33668,5614,351800,40060,1,506634,442184,763,441421,405460,54928,368132,31589,27961,2761,334,12499,51951,654556,549100,498732,50368,39552,6816,4000,8655,7620,183,683,133,36,2693,9196,7200,77712,366
1653,86649,52544,52435,49193,3242,109,34105,40080,2,41009,34406,191,34215,30912,4715,27403,2651,3249,314,9,1200,5403,47625,42425,37475,4950,4061,588,301,57,57,0,0,0,0,41,2088,316,2698,366
1654,46421,27018,27018,23748,3270,0,19403,40100,2,18599,12066,40,12026,6785,1606,9561,4986,1148,245,0,127,6406,22795,19793,16674,3119,2565,382,172,25,25,0,0,0,0,0,1036,284,1657,366
1655,3539259,2155025,2136671,1979862,156809,18354,1384234,40140,1,1392249,1256197,1941,1254256,1127438,147697,1049830,110129,127027,7766,1250,36361,99691,1946306,1716182,1500870,215312,152890,36147,26275,20304,12724,1098,5900,460,122,3971,26166,25461,154222,366
1656,30455,18825,18816,17111,1705,9,11630,40180,2,14490,12030,69,11961,6716,1408,8796,4405,1580,753,56,319,2141,16164,13496,12001,1495,1210,236,49,86,61,20,0,0,5,305,671,268,1338,366
1657,257370,156361,155667,149294,6373,694,101009,40220,1,128874,107329,356,106973,96238,14375,87502,9308,6818,724,177,2643,18902,146988,127264,117747,9517,7073,1212,1232,1953,1845,52,15,41,0,225,3040,1558,12948,366
1658,55029,27113,27101,24864,2237,12,27916,40260,2,27446,16938,86,16852,14227,2925,12635,2123,1846,227,48,1959,8549,23922,22178,19528,2650,1898,386,366,15,15,0,0,0,0,0,231,432,1066,366
1659,41617,26340,26337,24613,1724,3,15277,40300,2,20771,17470,194,17276,15496,2584,12873,1416,2656,292,15,394,2907,24103,22140,20011,2129,1722,320,87,105,35,7,0,11,52,0,270,297,1291,366
1660,175536,123734,123643,119619,4024,91,51802,40340,1,89794,79303,310,78993,71980,8480,66193,6169,6042,547,49,3334,7157,117519,96571,83699,12872,9927,1841,1104,4034,4002,0,0,0,32,606,4122,1139,11047,366
1661,890957,559475,559051,530740,28311,424,331482,40380,1,445082,388282,1269,387013,343453,41152,335947,39707,17855,1623,377,11067,45733,519339,442476,401622,40854,33620,4137,3097,8662,8190,283,81,10,98,2192,14681,5005,46323,366
1662,267983,170828,170702,157190,13512,126,97155,40420,1,134137,115451,235,115216,103966,15931,93770,9690,9249,745,192,3950,14736,154034,139872,124843,15029,11652,1974,1403,1267,1095,7,79,45,41,350,1818,1471,9256,366
1663,34322,19791,19549,17812,1737,242,14531,40460,2,16292,12603,52,12551,10960,2356,9413,1451,1337,77,0,194,3495,17684,16741,15262,1479,1017,311,151,53,53,0,0,0,0,0,316,85,489,366
1664,20318,9958,9958,9146,812,0,10360,40530,2,10452,9226,5,9221,8249,2021,6079,524,1295,266,50,188,1038,8924,7622,6890,732,577,137,18,44,44,0,0,0,0,68,84,143,963,366
1665,32679,22387,22387,20884,1503,0,10292,40540,2,15529,13860,130,13730,12509,1343,11204,1021,2266,116,35,464,1205,20579,18703,15801,2902,2017,560,325,496,490,0,0,0,6,156,566,140,518,366
1666,116330,68152,68063,62770,5293,89,48178,40580,1,56736,44409,192,44217,39947,6934,35470,3779,3519,341,8,880,11447,61420,55828,50819,5009,3888,731,390,407,387,0,0,20,0,6,642,1059,3478,366
1667,36300,19699,19673,18693,980,26,16601,40620,2,17878,15560,14,15546,13569,2591,11908,1553,1503,158,38,411,1907,18381,16687,14637,2050,1499,388,163,14,14,0,0,0,0,31,662,93,894,366
1668,77995,44992,44901,42819,2082,91,33003,40660,1,35859,30157,26,30131,27562,4898,23919,2231,2894,123,22,914,4788,41837,37493,33203,4290,2741,993,556,72,61,0,0,0,11,83,1691,530,1968,366
1669,91863,46643,46528,43792,2736,115,45220,40700,2,45663,38558,153,38405,33312,5064,30143,3922,4292,791,31,937,6168,42177,37360,32247,5113,4135,672,306,107,107,0,0,0,0,91,997,297,3325,366
1670,49944,28471,28398,26853,1545,73,21473,40740,2,23244,17170,52,17118,14695,3931,11489,1934,2459,257,66,1213,4861,26217,24507,21945,2562,1475,704,383,137,133,4,0,0,0,93,338,377,765,366
1671,17007,8429,8422,7890,532,7,8578,40760,2,8723,6860,73,6787,6009,1163,4834,485,1047,141,9,665,1198,7690,6391,5778,613,379,162,72,15,15,0,0,0,0,0,76,149,1059,366
1672,66746,38127,38052,36023,2029,75,28619,40780,2,30845,24686,43,24643,20644,4043,19187,3540,1962,322,0,898,5261,35534,32646,29018,3628,3105,274,249,114,114,0,0,0,0,27,538,401,1808,366
1673,39971,22111,22057,21214,843,54,17860,40820,2,17729,15267,0,15267,14089,3854,10057,1043,1839,109,5,200,2262,20961,19198,17573,1625,1154,121,350,0,0,0,0,0,0,28,455,117,1163,366
1674,51334,31286,31262,29906,1356,24,20048,40860,2,24998,20747,118,20629,13694,1612,18173,6433,1125,202,58,1008,3243,29424,25954,23854,2100,1588,165,347,193,174,4,15,0,0,13,915,183,2166,366
1675,1896671,1180864,1177598,1107535,70063,3266,715807,40900,1,858756,788099,1755,786344,730232,82288,670087,48088,79274,3864,577,15852,54805,1083106,875628,780777,94851,69898,14932,10021,20400,13577,1226,1842,3589,166,12416,17595,14808,142259,366
1676,29205,14300,14300,13452,848,0,14905,40940,2,11577,9425,0,9425,8209,1700,6246,913,1843,263,15,169,1983,13178,12294,10677,1617,1074,168,375,32,32,0,0,0,0,0,165,124,563,366
1677,154360,87632,87535,81655,5880,97,66728,40980,1,77995,66019,193,65826,56556,10355,52165,8276,4912,505,13,1788,10188,80075,72371,64858,7513,6063,979,471,355,326,0,0,15,14,263,1577,641,4868,366
1678,156322,111839,111490,106309,5181,349,44483,41060,1,76449,66778,328,66450,60232,8749,53076,5518,4733,239,130,2565,7106,104271,90453,82416,8037,5877,1039,1121,1292,1150,12,103,15,12,351,4228,811,7136,366
1679,136420,77272,77213,74760,2453,59,59148,41100,1,61377,54722,151,54571,44533,6132,43454,7753,7740,1699,244,1509,5146,73845,62757,55646,7111,5280,1124,707,204,190,14,0,0,0,285,961,984,8654,366
1680,98699,58787,58460,55871,2589,327,39912,41140,1,46680,37724,84,37640,34085,7718,27206,2927,3732,295,38,1015,7941,55052,50512,45489,5023,3832,858,333,255,208,40,0,0,7,35,937,642,2671,366
1681,2261660,1482055,1476056,1409113,66943,5999,779605,41180,1,1136574,1003517,2357,1001160,910146,119599,831023,76857,95131,7416,1106,22139,110918,1389121,1193184,1099633,93551,73602,11925,8024,23651,19122,2473,796,1161,99,2578,21567,12447,135694,366
1682,42416,27066,23329,22260,1069,3737,15350,41220,2,20032,17731,14,17717,15673,1495,15758,1862,1365,52,15,844,1457,25709,21919,20129,1790,1588,147,55,59,59,0,0,0,0,144,1261,245,2081,366
1683,25745,16289,16279,15265,1014,10,9456,41260,2,13499,10990,149,10841,9009,1199,9065,1582,984,153,2,429,2080,15047,13939,12500,1439,1181,235,23,108,88,0,0,0,20,38,428,149,385,366
1684,84047,48714,48686,46283,2403,28,35333,41400,2,41313,34351,135,34216,30177,6090,23946,2901,4652,815,96,1296,5666,45663,41977,38038,3939,3009,647,283,94,94,0,0,0,0,313,865,550,1864,366
1685,338329,207745,207241,195555,11686,504,130584,41420,1,152874,136949,481,136468,124520,17352,111435,10235,11104,964,111,3792,12133,192416,162397,142999,19398,14951,2426,2021,2617,2554,0,29,22,12,1543,5011,2021,18827,366
1686,47731,31801,31702,30551,1151,99,15930,41460,2,24404,20793,81,20712,18645,3314,16184,1800,1733,175,40,451,3160,29754,27059,24226,2833,2241,463,129,122,90,32,0,0,0,90,610,458,1415,366
1687,336262,205939,200826,189807,11019,5113,130323,41500,1,129977,117899,215,117684,108247,22852,88099,8252,11787,670,81,2218,9860,191033,154938,135262,19676,14582,2806,2288,1956,1821,26,39,18,52,864,4600,14999,13676,366
1688,344121,197662,197101,184621,12480,561,146459,41540,1,166513,143240,389,142851,129469,22574,113333,11639,9361,865,89,3503,19770,182016,160970,145717,15253,10933,2404,1916,891,740,115,36,0,0,662,2996,2110,14387,366
1689,944699,679917,678900,652612,26288,1017,264782,41620,1,420931,388362,916,387446,358495,40286,331709,25238,32490,1528,136,12917,19652,643442,522713,456755,65958,49957,8893,7108,17930,9747,1249,2361,4455,118,3877,12089,6111,80722,366
1690,95465,62708,59794,57557,2237,2914,32757,41660,1,45888,37650,130,37520,34150,5460,29879,2895,3497,283,24,2025,6213,59070,51676,45551,6125,4336,1082,707,132,59,48,0,0,25,176,2424,973,3689,366
1691,1964764,1276988,1252884,1186180,66704,24104,687776,41700,1,910534,795936,845,795091,727392,112992,646212,58476,77730,4922,581,26320,88278,1187332,1025170,897556,127614,91049,22217,14348,16429,15947,62,195,27,198,2243,18668,16760,108062,366
1692,2660938,1766356,1683318,1572927,110391,83038,894582,41740,1,1139899,1061689,1725,1059964,986575,100491,927991,65499,79981,3544,498,18236,59974,1618547,1294287,1159023,135264,101765,19723,13776,39313,31634,919,2190,4123,447,8669,47500,27143,201635,366
1693,38454,19959,19959,19222,737,0,18495,41760,2,18823,15812,168,15644,13015,3239,8619,1559,3952,891,35,401,2610,18758,15931,14375,1556,1213,328,15,199,177,0,22,0,0,381,505,161,1581,366
1694,61870,38375,38355,36205,2150,20,23495,41780,2,31984,26283,175,26108,21875,2889,21806,3774,2382,244,21,1979,3722,35462,33129,30119,3010,2531,235,244,246,211,0,0,18,17,7,322,548,1210,366
1695,49249,30279,29995,28437,1558,284,18970,41820,2,23782,18066,17,18049,16356,1314,16311,1357,1564,51,19,2615,3101,28050,26262,22812,3450,3170,149,131,115,115,0,0,0,0,0,182,396,1095,366
1696,3899613,2637147,2634099,2496808,137291,3048,1262466,41860,1,1716654,1591514,2272,1589242,1500772,130114,1421828,77797,92108,4219,1123,27880,97260,2399468,1487806,1281246,206560,149983,35798,20779,330768,146179,136457,29738,11703,6691,37273,103233,49756,390632,366
1697,107165,39953,39930,33735,6195,23,67212,41900,1,42830,21280,2133,19147,14420,4929,12778,4447,1036,200,0,939,20611,33100,30241,28627,1614,1271,226,117,232,79,70,0,83,0,0,1042,152,1433,366
1698,1607647,1089297,1088055,1038719,49336,1242,518350,41940,1,665991,627361,855,626506,595894,46845,563902,27264,38841,1450,248,9718,28912,1008967,771940,676648,95292,71716,14226,9350,33646,18434,2549,9767,2808,88,13935,21518,13720,154208,366
1699,1772644,841210,838988,719051,119937,2222,931434,41980,1,762709,544114,3535,540579,498455,199527,302742,37097,56089,3055,248,10224,208371,700554,624984,570130,54854,43891,7723,3240,12150,5412,2137,40,4353,208,895,17799,13609,31117,366
1700,238701,138960,137198,130139,7059,1762,99741,42020,1,106790,97098,219,96879,87316,9625,79783,8056,10857,1001,81,2346,7346,128905,104294,91678,12616,9224,1824,1568,1056,1038,0,8,0,10,1855,6249,1361,14090,366
1701,226386,145889,145818,136507,9311,71,80497,42100,1,96476,88509,156,88353,81185,8538,75544,5944,7463,534,74,1937,6030,132141,99113,87514,11599,8464,2163,972,2497,2393,84,20,0,0,3083,5865,3153,18430,366
1702,129914,75023,74838,70904,3934,185,54891,42140,1,65856,55505,161,55344,47603,6452,43361,4978,7587,1862,109,1454,8897,70217,58827,52434,6393,4443,1427,523,475,418,20,37,0,0,340,1313,599,8663,366
1703,17110,8362,8311,7614,697,51,8748,42180,2,7258,5582,39,5543,3298,1727,3515,2083,294,156,6,16,1660,6957,6568,6303,265,182,22,61,0,0,0,0,0,0,62,123,0,204,366
1704,358507,227061,224912,211109,13803,2149,131446,42200,1,147446,134325,434,133891,124162,14949,113444,8595,9445,624,123,3586,9535,207493,165674,139999,25675,17761,4804,3110,4828,4638,26,140,0,24,5492,8308,2328,20863,366
1705,407504,265533,264810,251382,13428,723,141971,42220,1,188841,175057,607,174450,159915,16493,149132,12306,15883,887,187,3441,10343,245200,202982,178575,24407,18508,3693,2206,3646,2919,147,475,45,60,1592,5652,3570,27758,366
1706,31143,17419,17317,15593,1724,102,13724,42300,2,13757,11526,39,11487,8728,1473,8839,2341,1254,338,24,231,2000,15427,13518,11690,1828,1474,282,72,59,57,0,0,0,2,148,565,229,908,366
1707,319005,208987,203287,189644,13643,5700,110018,42340,1,152512,134237,268,133969,122295,17728,111623,10196,9596,626,160,3470,14805,191879,169469,153043,16426,12954,2106,1366,2554,2533,10,0,11,0,1157,3717,3174,11808,366
1708,48593,27513,27492,26058,1434,21,21080,42380,2,24287,20278,214,20064,15801,2245,16324,3698,1873,305,19,536,3473,25559,22495,20515,1980,1516,297,167,47,47,0,0,0,0,43,1071,222,1681,366
1709,29538,18736,18716,18074,642,20,10802,42420,2,15526,12612,42,12570,10046,1781,9821,2211,1386,193,29,576,2338,17685,16111,14348,1763,1331,268,164,11,11,0,0,0,0,46,345,122,1050,366
1710,42775,21034,21034,19836,1198,0,21741,42460,2,20276,15944,55,15889,13902,2553,12642,1797,1052,100,7,664,3668,19451,18137,16587,1550,1064,330,156,20,14,0,6,0,0,21,247,288,738,366
1711,19320,11085,11085,10571,514,0,8235,42500,2,9526,7579,37,7542,6446,1632,5111,837,972,179,0,156,1791,10435,9486,8362,1124,926,99,99,0,0,0,0,0,0,137,167,29,616,366
1712,466165,282547,282275,266821,15454,272,183618,42540,1,229373,192667,1224,191443,169913,27715,156570,19357,12127,792,117,4604,32102,262114,231043,204490,26553,20435,2779,3339,2250,2133,94,6,0,17,412,7556,2459,18394,366
1713,61264,33771,33722,31909,1813,49,27493,42620,2,28599,23614,33,23581,22202,7360,14438,1169,2140,125,32,706,4279,31543,29383,26553,2830,1945,746,139,81,81,0,0,0,0,60,695,256,1068,366
1714,3209944,2207150,2182331,2080874,101457,24819,1002794,42660,1,1541247,1436840,2611,1434229,1342521,121203,1281651,82958,63606,3184,732,29023,75384,2056375,1471002,1283615,187387,144009,24261,19117,161679,137545,6554,9122,6967,1491,17618,73680,25418,306978,366
1715,135938,67141,66610,62626,3984,531,68797,42680,1,63377,54274,122,54152,45948,4759,47567,7387,3856,317,21,1717,7386,61383,53549,48674,4875,3870,707,298,212,141,30,20,0,21,403,417,841,5961,366
1716,85701,37025,37025,34303,2722,0,48676,42700,1,43977,35774,129,35645,29848,5840,27156,4671,3949,576,105,1109,7094,33498,29680,25832,3848,3215,416,217,352,318,25,9,0,0,89,810,477,2090,366
1717,33328,20615,20458,19573,885,157,12713,42740,2,16608,13736,54,13682,12241,2202,9607,1001,2463,251,33,359,2513,19245,17514,15761,1753,1347,157,249,29,29,0,0,0,0,54,341,268,1039,366
1718,32563,19956,19928,19458,470,28,12607,42780,2,14373,11682,79,11603,10123,1924,8922,1260,721,103,53,145,2546,19241,16535,14630,1905,1392,272,241,64,45,0,0,19,0,241,1003,135,1263,366
1719,30789,16203,16203,14823,1380,0,14586,42820,2,14385,10523,46,10477,9403,2930,6343,831,1273,179,29,243,3619,14537,13635,12743,892,706,128,58,110,102,0,8,0,0,0,183,107,502,366
1720,64270,34481,34460,32370,2090,21,29789,42860,2,32413,25752,105,25647,23341,5835,17397,1588,3340,549,0,1267,5394,31849,29117,25579,3538,2461,662,415,111,111,0,0,0,0,0,265,226,2130,366
1721,27797,15863,15863,15271,592,0,11934,42900,2,13603,11387,46,11341,9816,1667,9195,1355,662,65,24,478,1738,14935,13013,11600,1413,1063,162,188,79,70,9,0,0,0,52,417,360,1014,366
1722,80102,48062,47997,45876,2121,65,32040,42940,2,36817,29725,84,29641,25557,4833,22694,3508,2566,332,45,1781,5311,44914,40539,34679,5860,4322,1131,407,242,196,8,15,23,0,303,665,156,3009,366
1723,36076,22366,22366,21443,923,0,13710,42980,2,17159,13696,68,13628,11404,2307,10176,1869,1461,259,0,399,3064,21220,19579,17504,2075,1534,397,144,20,20,0,0,0,0,28,585,281,727,366
1724,36318,22129,22099,21241,858,30,14189,43020,2,17983,14710,145,14565,12855,2849,10347,1224,1599,209,28,323,2950,20904,18080,16898,1182,918,104,160,38,38,0,0,0,0,73,628,356,1729,366
1725,57394,32253,32204,30398,1806,49,25141,43060,2,26237,22151,60,22091,20517,5606,14511,1228,2607,201,70,603,3483,30024,27573,25382,2191,1724,241,226,20,14,0,0,0,6,57,574,326,1474,366
1726,94593,62532,62497,60572,1925,35,32061,43100,1,48751,43211,115,43096,38131,5077,35463,4079,3598,517,34,1164,4376,59801,53275,48778,4497,3475,690,332,205,201,0,4,0,0,445,1320,506,4050,366
1727,79621,45904,45817,42543,3274,87,33717,43140,2,36665,26698,40,26658,23410,3818,21227,2773,2547,267,23,2066,7901,41613,38619,34762,3857,3007,548,302,1,1,0,0,0,0,0,966,354,1673,366
1728,38478,23758,23758,22526,1232,0,14720,43180,2,17904,14758,11,14747,13566,3432,9766,823,2048,176,12,603,2543,22072,20584,17434,3150,2526,359,265,17,0,0,0,17,0,0,105,410,956,366
1729,53774,27784,27643,25890,1753,141,25990,43220,2,25085,22468,76,22392,19242,2581,17897,2624,2049,372,7,348,2269,25183,22222,19250,2972,2344,383,245,229,172,0,0,0,57,10,380,321,2021,366
1730,24783,15612,15587,15193,394,25,9171,43260,2,13003,11027,19,11008,9228,864,9200,1412,1212,241,15,257,1719,15016,13326,11987,1339,872,326,141,0,0,0,0,0,0,46,376,63,1205,366
1731,105441,66059,66015,63415,2600,44,39382,43300,1,51021,42046,103,41943,38553,8518,29050,2514,5593,540,81,2596,6379,62444,55748,48893,6855,5529,648,678,231,176,0,0,55,0,83,956,403,5023,366
1732,81207,37940,37916,33938,3978,24,43267,43320,2,36567,24919,427,24492,19251,4031,18257,4361,2800,657,41,712,10936,33257,28492,25105,3387,2835,394,158,402,397,0,0,5,0,143,1230,401,2589,366
1733,310243,179416,174249,160838,13411,5167,130827,43340,1,152328,114210,207,114003,97869,20969,85812,13888,13130,1223,105,10078,28040,163630,150242,136085,14157,10998,2257,902,1981,1962,0,0,0,19,216,1609,2433,7149,366
1734,37706,25603,25575,24235,1340,28,12103,43380,2,18429,16101,46,16055,14255,1912,12700,1509,1410,200,32,247,2081,23770,22143,19741,2402,2073,162,167,35,33,2,0,0,0,161,188,110,1133,366
1735,101053,51356,47668,44293,3375,3688,49697,43420,1,49239,41787,166,41621,37337,4706,32899,3066,5713,838,46,925,6527,47114,40652,36403,4249,2489,758,1002,223,223,0,0,0,0,237,1293,1200,3509,366
1736,29806,17958,17915,17189,726,43,11848,43460,2,15001,12252,0,12252,10899,2197,9226,1074,1112,182,23,519,2230,16930,16037,13898,2139,1588,273,278,4,4,0,0,0,0,0,193,112,584,366
1737,23388,10412,10388,9386,1002,24,12976,43500,2,11144,9003,8,8995,7623,1620,6321,1023,1192,265,26,237,1904,9332,7925,6786,1139,540,414,185,58,58,0,0,0,0,39,333,30,947,366
1738,112927,78154,77909,74874,3035,245,34773,43580,1,56119,46571,132,46439,40650,7086,37180,5042,5676,331,7,1989,7559,73772,67540,60486,7054,5364,1052,638,674,659,0,0,0,15,57,1497,375,3629,366
1739,208600,155067,154664,151120,3544,403,53533,43620,1,108360,98071,146,97925,89145,9965,84615,8193,6233,244,26,2852,7437,148562,132613,121351,11262,8392,1609,1261,724,724,0,0,0,0,372,2890,901,11062,366
1740,13306,6866,6866,6666,200,0,6440,43660,2,5973,4714,0,4714,4279,739,3309,220,1047,212,0,159,1100,6601,6287,5499,788,594,59,135,0,0,0,0,0,0,0,82,67,165,366
1741,51759,28094,28087,26507,1580,7,23665,43700,2,25255,19780,100,19680,17023,2769,15601,2205,2093,234,9,990,4485,25759,24474,22410,2064,1720,249,95,90,67,0,0,0,23,5,293,141,756,366
1742,62347,34789,34776,32901,1875,13,27558,43740,2,28857,22417,123,22294,18617,3821,16843,3270,1633,294,15,654,5786,32055,28777,26529,2248,1604,347,297,26,10,4,1,0,11,26,715,334,2177,366
1743,46827,23439,23437,21541,1896,2,23388,43760,2,23103,19786,180,19606,16924,2189,13906,2006,3785,522,0,580,2737,20686,17807,16142,1665,1285,247,133,88,88,0,0,0,0,40,621,234,1896,366
1744,256977,163564,163435,155418,8017,129,93413,43780,1,127034,107403,455,106948,95253,14972,86593,10071,9627,836,114,4010,15621,152349,133020,120480,12540,10007,1429,1104,1368,1130,108,57,63,10,724,5268,1447,10522,366
1745,256313,159134,158931,150940,7991,203,97179,43900,1,122044,102882,205,102677,92169,13801,84099,9248,9292,639,74,2121,17041,148084,136356,122164,14192,11089,1968,1135,331,225,12,55,0,39,35,1520,1425,8417,366
1746,21885,14198,14162,13797,365,36,7687,43940,2,11109,9599,37,9562,8401,841,7970,1016,1122,120,0,270,1240,13587,12192,11001,1191,1077,88,26,72,72,0,0,0,0,36,517,76,694,366
1747,13037,8540,8540,8141,399,0,4497,43980,2,7137,6070,3,6067,5251,915,4917,666,317,62,4,310,757,7926,6819,6166,653,380,204,69,53,53,0,0,0,0,24,308,32,690,366
1748,14550,9519,9512,9279,233,7,5031,44020,2,8096,7014,20,6994,6342,1016,5538,558,755,68,1,267,815,9130,8087,7376,711,661,46,4,24,24,0,0,0,0,46,147,78,748,366
1749,463644,282093,278884,263115,15769,3209,181551,44060,1,227862,203471,804,202667,182394,22706,166126,16241,17421,2456,423,5013,19378,259845,216788,193670,23118,18305,2869,1944,5432,5423,0,3,0,6,1059,7024,2628,26914,366
1750,167802,104853,104559,98969,5590,294,62949,44100,1,89744,74141,172,73969,65962,11758,58377,6822,7313,509,62,5077,10526,97955,86160,79912,6248,4979,733,536,929,865,64,0,0,0,438,1354,1244,7830,366
1751,579915,354985,354358,332367,21991,627,224930,44140,1,275004,236485,821,235664,202193,32961,197421,30370,7648,1004,131,8551,29968,325715,271643,248764,22879,17858,2956,2065,6839,6628,127,84,0,0,1396,12855,3097,29885,366
1752,377242,233131,232778,223733,9045,353,144111,44180,1,193843,158937,394,158543,146037,31485,113648,9879,18823,1618,298,10358,24548,219447,197110,177988,19122,15520,2153,1449,1459,1414,0,45,0,0,571,4366,1807,14134,366
1753,108859,65316,65179,60555,4624,137,43543,44220,1,55124,48538,133,48405,43427,6899,39483,4319,3272,347,42,873,5713,59480,53525,47833,5692,4397,786,509,324,324,0,0,0,0,80,1495,255,3801,366
1754,50980,28410,28401,26269,2132,9,22570,44260,2,24952,19636,72,19564,18332,4649,13127,1130,2459,46,0,1913,3403,24801,22421,20621,1800,1506,215,79,70,70,0,0,0,0,49,327,379,1555,366
1755,137688,78836,78734,75359,3375,102,58852,44300,1,57834,48586,220,48366,43722,4838,41688,4141,2704,222,107,4071,5177,73547,55800,49717,6083,4775,755,553,3555,3544,0,0,11,0,1181,5340,533,7138,366
1756,65327,38559,38496,35007,3489,63,26768,44340,2,28917,24077,44,24033,21816,2837,19965,2030,1742,63,0,1233,3607,34007,30082,26961,3121,2187,761,173,236,236,0,0,0,0,294,721,610,2064,366
1757,102583,62197,62034,59699,2335,163,40386,44420,1,50424,41113,193,40920,36045,8227,29369,4187,3073,415,122,1362,7949,58934,53967,49007,4960,3985,665,310,234,228,1,0,0,5,80,965,389,3299,366
1758,21110,14447,14388,14031,357,59,6663,44460,2,10094,9252,12,9240,8303,1111,7506,762,817,129,4,167,675,13889,10734,9660,1074,700,264,110,277,253,24,0,0,0,530,513,67,1768,366
1759,34297,21032,21005,19837,1168,27,13265,44500,2,14926,12984,19,12965,11770,2185,8963,876,2644,228,25,445,1497,19506,17458,15323,2135,1717,345,73,1,1,0,0,0,0,223,518,235,1071,366
1760,17728,11330,11319,10931,388,11,6398,44540,2,7928,6878,79,6799,5888,1136,5064,754,811,76,67,181,869,10679,9418,8144,1274,685,427,162,274,274,0,0,0,0,20,156,28,783,366
1761,45071,27845,27845,26706,1139,0,17226,44580,2,23194,19270,56,19214,17252,3018,14542,1563,2172,214,46,627,3297,26182,24179,21804,2375,1893,389,93,107,107,0,0,0,0,170,826,110,790,366
1762,58436,39145,39117,37801,1316,28,19291,44620,2,29041,25949,61,25888,23138,3283,21552,2499,1464,141,12,530,2562,36881,30968,28109,2859,2379,325,155,197,191,4,2,0,0,264,1579,311,3562,366
1763,67551,38984,38838,37153,1685,146,28567,44660,2,31197,26107,71,26036,23631,5224,18359,1480,3533,556,47,1928,3162,36521,31438,27956,3482,3074,228,180,248,231,0,0,0,17,360,1886,358,2231,366
1764,585568,353544,353205,327491,25714,339,232024,44700,1,234662,206756,546,206210,193267,28743,167430,11016,18955,1048,215,5324,22582,314888,282385,245614,36771,25925,5991,4855,4424,1795,696,1708,186,39,1168,3430,2755,20726,366
1765,16038,10991,10991,10345,646,0,5047,44740,2,7506,6446,29,6417,5906,1462,4400,396,759,73,12,135,925,10138,8683,6949,1734,1276,320,138,29,16,0,0,13,0,31,612,51,732,366
1766,47597,29705,29700,28214,1486,5,17892,44780,2,23670,19643,69,19574,17295,4029,14307,1996,1323,170,27,525,3502,27475,24587,20315,4272,3162,499,611,101,76,25,0,0,0,336,743,348,1360,366
1767,28628,17981,17912,17103,809,69,10647,44860,2,13746,11808,38,11770,10623,3892,6594,929,1646,137,17,320,1618,16847,15700,14048,1652,1152,387,113,150,148,0,2,0,0,0,162,145,690,366
1768,19953,9628,9613,9301,312,15,10325,44900,2,9189,6797,2,6795,5372,1897,4438,1243,530,154,10,280,2112,9026,8638,7722,916,694,85,137,3,3,0,0,0,0,10,101,70,204,366
1769,109337,62843,59150,53941,5209,3693,46494,44940,1,52374,41758,76,41682,37173,6324,33991,3904,2702,228,15,1132,9484,56546,52857,48034,4823,3648,662,513,130,130,0,0,0,0,132,938,605,1884,366
1770,75849,43556,43556,41521,2035,0,32293,44980,2,37369,29950,279,29671,26117,4949,23123,3190,1591,142,43,503,6916,40699,36531,32623,3908,3193,370,345,96,96,0,0,0,0,43,1145,448,2436,366
1771,28019,9323,9279,8639,640,44,18696,45000,2,8910,7538,61,7477,5508,2059,4747,1800,803,135,16,132,1240,8513,7768,6740,1028,840,61,127,25,25,0,0,0,0,19,186,44,471,366
1772,11335,6641,6641,6113,528,0,4694,45020,2,5548,4197,8,4189,3676,819,2803,455,729,36,11,141,1210,5982,5581,4497,1084,588,178,318,0,0,0,0,0,0,0,96,129,176,366
1773,537994,331624,330703,310916,19787,921,206370,45060,1,261881,224650,785,223865,195180,24144,193407,26400,8974,1156,199,9785,27446,305869,259926,236426,23500,19930,2169,1401,5969,5832,106,7,24,0,844,11346,4237,23547,366
1774,37860,21380,21342,19959,1383,38,16480,45140,2,17486,13628,63,13565,12448,4227,8012,624,1829,311,9,469,3389,19620,17497,14964,2533,1654,572,307,17,17,0,0,0,0,85,707,265,1049,366
1775,66763,35232,35116,32329,2787,116,31531,45180,2,31778,25750,38,25712,23029,5743,17474,2149,3138,350,29,470,5558,31461,29286,26172,3114,1738,766,610,57,57,0,0,0,0,129,343,624,1022,366
1776,317411,198690,198314,186866,11448,376,118721,45220,1,150106,130688,291,130397,115297,14818,111375,13457,7888,719,179,4050,15368,182769,157044,142785,14259,11542,1788,929,2539,2473,0,0,0,66,867,3558,1705,17056,366
1777,2592675,1571751,1562416,1482081,80335,9335,1020924,45300,1,1258667,1117253,1786,1115467,1011931,126141,964357,95499,45710,3185,843,35074,106340,1465092,1217121,1096293,120828,92535,17265,11028,15015,14527,173,98,143,74,7918,18812,23926,182300,366
1778,29016,14927,14920,13440,1480,7,14089,45340,2,12840,10384,186,10198,7673,1041,7829,2117,1635,250,27,337,2119,13257,10771,9450,1321,1142,72,107,235,235,0,0,0,0,107,368,198,1578,366
1779,27661,15364,15355,14519,836,9,12297,45380,2,13567,10995,62,10933,8642,2001,8241,2138,1137,92,0,403,2169,14380,13386,12204,1182,860,253,69,7,7,0,0,0,0,34,225,70,658,366
1780,150537,87622,87290,81823,5467,332,62915,45460,1,72614,60577,151,60426,53683,9672,46137,5589,6291,615,267,1622,10415,80575,73580,65452,8128,6218,797,1113,477,428,45,4,0,0,275,2738,682,2823,366
1781,117086,63842,63802,60317,3485,40,53244,45500,1,54976,41859,87,41772,35528,9193,30565,4957,7453,362,18,2066,11051,59647,56517,51562,4955,3426,563,966,194,188,0,0,6,0,39,508,582,1807,366
1782,21282,12894,12871,11994,877,23,8388,45520,2,10345,8676,23,8653,7390,1019,6822,1034,1164,113,7,419,1250,11638,10187,9215,972,709,79,184,11,11,0,0,0,0,52,447,169,772,366
1783,119197,28546,28456,26882,1574,90,90651,45540,1,61441,53964,286,53678,46853,6155,45144,5746,5163,316,90,1313,6164,26098,21057,18992,2065,1387,617,61,6,6,0,0,0,0,306,468,1400,2861,366
1784,21927,11318,11318,10960,358,0,10609,45580,2,10364,7865,0,7865,7118,1072,6579,606,620,16,0,414,2085,10880,10466,9791,675,554,61,60,8,8,0,0,0,0,0,178,101,127,366
1785,35849,22562,22476,21226,1250,86,13287,45620,2,17817,14886,43,14843,13427,2213,11868,1253,896,85,0,449,2482,20845,19683,16732,2951,2157,600,194,33,33,0,0,0,0,57,140,47,885,366
1786,44662,28064,28064,26957,1107,0,16598,45660,2,21862,18387,77,18310,15750,2521,14306,2320,1891,150,29,497,2978,26250,23548,21391,2157,1716,257,184,76,64,12,0,0,0,66,1298,368,894,366
1787,31992,18249,18216,17721,495,33,13743,45700,2,15287,10862,32,10830,8894,3557,6804,1675,756,156,29,248,4177,17588,16403,14570,1833,1103,193,537,55,55,0,0,0,0,68,288,224,550,366
1788,21557,12153,12153,11497,656,0,9404,45740,2,10037,7976,12,7964,7459,1759,5764,419,775,45,0,265,1796,11395,10254,9270,984,916,45,23,0,0,0,0,0,0,14,372,55,700,366
1789,518504,331695,331195,310071,21124,500,186809,45780,1,267061,232212,607,231605,209704,28991,192404,19626,17298,1232,284,7321,27528,301061,271669,248904,22765,17926,2466,2373,2869,2669,0,10,26,164,740,6467,2736,16580,366
1790,184895,116659,116206,111664,4542,453,68236,45820,1,95342,77099,219,76880,64615,11747,58870,10424,8254,1276,182,4466,13777,110244,98619,88564,10055,7185,1771,1099,870,870,0,0,0,0,119,1662,988,7986,366
1791,156028,102665,102553,96442,6111,112,53363,45860,2,74857,67580,225,67355,57108,5018,60852,9699,2974,99,25,1144,6133,94762,82020,75527,6493,4970,672,851,918,185,323,352,58,0,151,2312,865,8496,366
1792,126276,76339,76178,72732,3446,161,49937,45900,2,61437,54438,172,54266,48513,7536,43104,4869,4054,527,50,1253,5746,71934,61957,54965,6992,5303,1294,395,586,529,0,39,0,18,621,1239,580,6951,366
1793,312266,199037,198889,186426,12463,148,113229,45940,1,137114,118936,150,118786,108973,11693,105020,8973,4658,413,36,3558,14620,181448,137701,118415,19286,13556,3342,2388,10796,3204,404,6990,198,0,564,6993,2198,23196,366
1794,27482,14248,14223,13592,631,25,13234,45980,2,11508,8539,21,8518,7805,2106,5948,617,1241,66,11,515,2454,13128,12224,11016,1208,909,207,92,48,48,0,0,0,0,29,202,183,442,366
1795,86758,48924,48786,46744,2042,138,37834,46020,2,40877,36494,148,36346,32235,3606,28949,3024,6123,493,56,637,3746,45924,35297,32277,3020,2469,263,288,25,25,0,0,0,0,236,850,669,8847,366
1796,843701,495538,488353,457733,30620,7185,348163,46060,1,417483,372970,1073,371897,339023,49902,303954,28664,29295,2132,424,9220,35293,454998,378200,334022,44178,31959,7795,4424,7811,7553,18,0,230,10,5407,9377,7386,46817,366
1797,85378,49879,49783,47793,1990,96,35499,46100,2,41359,30229,96,30133,27087,6896,21166,2599,2921,325,29,2584,8546,46268,42050,38040,4010,3083,455,472,23,3,0,20,0,0,145,1032,65,2953,366
1798,788049,502593,501603,474062,27541,990,285456,46140,1,388098,337818,688,337130,314123,55400,263202,18743,31051,2403,311,7306,42974,465989,418752,376171,42581,33323,5510,3748,1532,1437,4,64,0,27,677,5882,6248,32898,366
1799,127736,76976,76688,73418,3270,288,50760,46180,2,60865,46219,71,46148,42371,13306,29003,3114,6530,422,25,3442,11204,72483,69223,63542,5681,4479,628,574,73,73,0,0,0,0,44,242,650,2251,366
1800,215336,127418,127221,120188,7033,197,87918,46220,1,96765,79877,166,79711,75021,14719,59701,3730,9142,758,97,2930,13958,117495,108775,96672,12103,9851,1701,551,908,891,9,6,0,2,207,1070,689,5846,366
1801,84713,54768,54604,52558,2046,164,29945,46300,1,40371,34944,129,34815,30556,5779,25399,3303,4777,667,79,1035,4392,51637,46998,42231,4767,3544,806,417,103,103,0,0,0,0,39,712,384,3401,366
1802,180700,112784,112602,107096,5506,182,67916,46340,1,81377,70369,132,70237,61372,24407,40424,6215,8061,1777,139,1448,9560,105641,95560,86875,8685,5913,1702,1070,544,544,0,0,0,0,333,859,1902,6443,366
1803,74342,42629,42578,38972,3606,51,31713,46380,2,34183,28731,141,28590,24302,3257,20714,3008,5267,1070,69,1012,4440,37623,31080,27478,3602,2449,566,587,84,84,0,0,0,0,94,2378,341,3646,366
1804,22024,12169,12125,11049,1076,44,9855,46420,2,11150,8593,16,8577,7330,2610,5082,1061,1040,152,24,213,2344,10699,10195,9003,1192,883,210,99,16,16,0,0,0,0,8,120,149,211,366
1805,24727,13808,13763,13083,680,45,10919,46460,2,12526,9906,54,9852,8931,2012,7045,731,1096,127,0,208,2412,12853,12109,11041,1068,729,223,116,0,0,0,0,0,0,13,272,188,271,366
1806,31291,19552,19552,18422,1130,0,11739,46500,2,15506,13430,69,13361,11768,1703,10573,1439,1295,80,12,391,1685,17763,16327,14392,1935,1808,96,31,1,1,0,0,0,0,33,400,78,924,366
1807,821265,543130,496987,473065,23922,46143,278135,46520,1,330393,297428,626,296802,274128,31700,260535,20997,12699,468,114,7633,25332,506185,397893,330835,67058,48071,11582,7405,31987,31906,29,16,7,29,4735,26405,12866,32299,366
1808,237737,138639,138156,131440,6716,483,99098,46540,1,115307,98866,371,98495,85125,12972,82148,12105,4550,486,98,2889,13552,128407,112171,101685,10486,8456,1299,731,1484,1372,68,16,12,16,125,4415,842,9370,366
1809,19002,10956,10956,10403,553,0,8046,46620,2,8324,6087,9,6078,5085,1101,4452,866,737,52,0,353,1884,10168,9501,8156,1345,1005,144,196,0,0,0,0,0,0,0,106,223,338,366
1810,115794,67642,64041,60465,3576,3601,48152,46660,1,53372,37142,100,37042,31091,6291,28570,4809,4264,376,16,5410,10820,63080,57845,52324,5521,4128,969,424,138,112,0,9,17,0,216,1622,891,2368,366
1811,362423,229735,225581,212151,13430,4154,132688,46700,1,153632,142735,262,142473,133570,16143,120898,7700,12951,549,38,2671,8226,210032,182295,157169,25126,17305,4095,3726,5493,2155,779,770,16,1773,597,2409,2303,16935,366
1812,22983,14675,14675,13961,714,0,8308,46780,2,11553,9625,49,9576,8546,1035,7270,816,1403,167,8,176,1752,13741,12736,11691,1045,740,172,133,13,13,0,0,0,0,8,312,233,439,366
1813,12321,8608,8578,8023,555,30,3713,46820,2,5322,4768,0,4768,4254,471,3968,463,351,28,0,157,397,7425,5803,5132,671,452,121,98,29,5,0,24,0,0,154,926,4,509,366
1814,25262,15023,15023,14081,942,0,10239,46860,2,11227,9769,83,9686,9035,1337,7708,501,934,141,0,278,1180,13794,12431,10549,1882,1181,249,452,83,83,0,0,0,0,69,363,134,714,366
1815,10341,6335,6312,5764,548,23,4006,46900,2,4586,3345,0,3345,3091,681,2384,223,396,5,0,309,932,5726,5425,4391,1034,785,161,88,3,3,0,0,0,0,4,110,41,143,366
1816,35440,20593,20466,19116,1350,127,14847,46980,2,17091,13418,40,13378,12499,2865,9138,643,2603,67,50,883,2790,19013,18121,16959,1162,788,111,263,105,105,0,0,0,0,20,132,246,389,366
1817,75905,47028,47021,44877,2144,7,28877,47020,1,36890,27258,46,27212,22983,4114,20711,3575,3358,379,78,3162,6470,44186,39865,34991,4874,3520,910,444,410,410,0,0,0,0,142,822,243,2704,366
1818,27778,14662,14640,13639,1001,22,13116,47080,2,12636,9789,11,9778,8528,2430,6267,922,1600,121,25,298,2549,13421,12568,10927,1641,1153,389,99,49,49,0,0,0,0,50,410,57,287,366
1819,29325,18044,18044,17419,625,0,11281,47180,2,15111,12700,30,12670,11491,2402,9471,1049,919,61,9,239,2172,17168,16000,14970,1030,799,138,93,46,46,0,0,0,0,130,512,168,312,366
1820,121610,68172,68105,62590,5515,67,53438,47220,1,51873,44222,156,44066,36194,5585,37322,7278,2338,159,3,1079,6572,61067,56221,48295,7926,5663,1284,979,821,730,12,24,22,33,209,697,619,2500,366
1821,17127,11334,11323,10509,814,11,5793,47240,2,6801,5909,10,5899,5334,417,5277,432,336,126,0,418,474,10001,7369,6616,753,586,140,27,150,19,6,0,7,118,75,330,115,1962,366
1822,1436437,964747,876996,830250,46746,87751,471690,47260,1,691979,611392,1067,610325,567275,79149,514479,39118,33771,1572,289,20137,60450,901367,777608,706155,71453,55843,9971,5639,12475,11437,258,271,266,243,2628,27702,13608,67346,366
1823,342199,209013,208562,187269,21293,451,133186,47300,1,139631,116542,128,116414,100686,22082,84489,13581,15493,1539,83,3762,19327,181690,167329,142930,24399,16195,4413,3791,871,844,10,17,0,0,351,2609,1640,8890,366
1824,25349,15027,15003,14412,591,24,10322,47340,2,12538,10505,116,10389,8978,2022,7071,1095,1598,239,8,401,1632,14227,12931,12005,926,581,156,189,44,44,0,0,0,0,24,421,163,644,366
1825,214914,130386,130174,123849,6325,212,84528,47380,1,99613,83274,152,83122,73967,15690,61766,7702,7648,843,42,2998,13341,121987,110869,99837,11032,8283,1285,1464,632,591,41,0,0,0,143,2346,1073,6924,366
1826,18399,11967,11958,11567,391,9,6432,47420,2,9348,7704,31,7673,6867,939,6305,738,706,53,5,319,1325,11318,10046,9190,856,646,136,74,64,40,0,0,0,24,35,401,93,679,366
1827,50462,28722,28663,26861,1802,59,21740,47460,1,22842,20118,24,20094,17986,2304,16178,1764,2010,204,80,761,1963,26274,21229,18864,2365,1700,324,341,192,192,0,0,0,0,275,1719,286,2573,366
1828,36410,24505,24492,23682,810,13,11905,47540,2,18872,16354,56,16298,14855,1749,13465,1327,1101,90,0,287,2231,23381,21470,20021,1449,1188,190,71,72,62,0,0,10,0,110,526,192,1011,366
1829,147224,95139,90561,85241,5320,4578,52085,47580,1,69836,61697,52,61645,56587,7582,51412,4407,6063,328,18,776,7363,87828,81023,72593,8430,6161,1732,537,221,104,0,0,74,43,206,792,1076,4510,366
1830,32131,18622,18618,17642,976,4,13509,47620,2,16070,12949,77,12872,10385,2051,9853,2100,1173,254,19,628,2493,17263,15554,13653,1901,1668,156,77,113,92,21,0,0,0,32,661,235,668,366
1831,43313,28932,25598,24417,1181,3334,14381,47660,2,20537,18319,40,18279,17231,3009,13124,781,2294,187,20,419,1799,27034,24254,21693,2561,1588,707,266,12,12,0,0,0,0,58,906,249,1555,366
1832,63484,42068,42057,40548,1509,11,21416,47700,2,31012,26474,57,26417,22614,4228,20211,3121,2593,371,50,702,3836,39070,35082,30450,4632,3689,486,457,100,94,0,6,0,0,195,966,238,2489,366
1833,24514,15243,15219,14830,389,24,9271,47780,2,11621,8940,60,8880,8200,1988,6267,545,692,58,0,272,2409,14614,13175,10312,2863,1209,422,1232,21,21,0,0,0,0,172,535,175,536,366
1834,36946,19965,19955,18612,1343,10,16981,47820,2,18579,14505,1,14504,11650,1540,11918,2438,1118,217,48,305,3769,18363,16856,15701,1155,723,409,23,40,23,0,0,0,17,14,187,241,1025,366
1835,5032948,3597601,3552014,3375099,176915,45587,1435347,47900,1,2332981,2165862,2911,2162951,2016205,176215,1936757,133509,109370,5339,1181,40585,126534,3357080,2323525,2039223,284302,202989,48298,33015,339597,122335,194622,20565,1838,237,24782,96610,55237,517329,366
1836,22860,13302,13292,12583,709,10,9558,47920,2,11471,9630,32,9598,8661,1953,6788,600,1479,149,10,317,1524,12304,11709,10724,985,769,201,15,80,80,0,0,0,0,0,61,27,427,366
1837,135328,90516,90440,86164,4276,76,44812,47940,1,68127,58275,166,58109,52566,9020,46964,5071,3327,204,28,2154,7698,84550,73955,67051,6904,5274,901,729,288,286,0,0,0,2,306,3133,531,6337,366
1838,26846,18677,18636,18325,311,41,8169,47980,2,14043,11764,40,11724,9115,1869,9332,2409,790,116,44,365,1914,18094,16429,15093,1336,906,268,162,0,0,0,0,0,0,103,299,117,1146,366
1839,69453,48151,48086,46323,1763,65,21302,48020,2,33861,29571,146,29425,26435,4011,22870,2540,2905,214,50,931,3359,45724,40546,37092,3454,2810,431,213,115,81,0,6,0,28,104,1671,400,2888,366
1840,91862,57856,46627,43850,2777,11229,34006,48060,1,45517,40373,107,40266,36306,5148,33226,3480,2770,245,91,1041,4103,53880,46332,42034,4298,3265,831,202,296,283,6,0,0,7,50,2538,1029,3635,366
1841,19602,9701,9689,9048,641,12,9901,48100,2,8032,5546,39,5507,4819,1161,3684,379,757,258,0,358,2128,8871,8290,6921,1369,1100,92,177,143,143,0,0,0,0,26,100,55,257,366
1842,133784,89091,89012,85943,3069,79,44693,48140,1,68273,59031,486,58545,51322,8572,44092,5669,6400,1105,84,1373,7869,84410,74093,67279,6814,5087,1239,488,207,204,0,3,0,0,185,1649,832,7444,366
1843,43411,21878,21835,21000,835,43,21533,48180,2,19998,13813,18,13795,9270,2008,10329,3857,1885,552,18,1895,4290,20756,19984,18039,1945,1522,264,159,40,25,15,0,0,0,9,210,182,331,366
1844,22136,15126,15090,14679,411,36,7010,48220,2,10882,9702,0,9702,9256,1856,6936,352,1302,33,18,120,1060,14438,13635,12152,1483,920,288,275,5,0,0,0,5,0,13,313,44,428,366
1845,97716,54442,54344,50701,3643,98,43274,48260,1,49427,40760,164,40596,33553,5383,32836,6293,3065,500,27,925,7742,49817,44398,41262,3136,2476,357,303,238,171,39,8,20,0,3,1744,453,2981,366
1846,94823,59159,59004,56650,2354,155,35664,48300,1,44752,38263,45,38218,34573,3915,31771,2935,3709,420,74,1485,5004,55944,47910,44310,3600,2863,535,202,530,530,0,0,0,0,329,1691,1602,3882,366
1847,31224,16537,16537,15680,857,0,14687,48460,2,15543,12325,90,12235,9978,3306,7384,1785,1763,326,16,383,2835,15246,14400,12492,1908,1597,220,91,27,27,0,0,0,0,0,173,159,487,366
1848,14993,7815,7815,7069,746,0,7178,48500,2,7489,5922,7,5915,5608,2260,3335,232,497,41,10,57,1510,6950,6282,5905,377,231,21,125,0,0,0,0,0,0,65,13,38,552,366
1849,116799,63998,63968,60671,3297,30,52801,48540,1,54646,43684,148,43536,34681,5870,35171,7797,3113,772,58,1390,9572,59597,55151,50969,4182,3464,518,200,262,238,21,0,3,0,84,1312,257,2531,366
1850,86806,58082,58068,55922,2146,14,28724,48580,2,42018,36257,163,36094,32001,3937,29601,3296,3380,318,127,1886,3875,54693,47780,43504,4276,3102,696,478,197,103,21,51,0,22,195,1895,357,4269,366
1851,497975,327896,324720,307608,17112,3176,170079,48620,1,247709,217061,583,216478,198134,28547,176180,15659,18399,1460,257,5595,25053,305658,277831,251273,26558,19070,4818,2670,1432,1277,65,5,25,60,972,4593,3818,17012,366
1852,118294,74094,68384,65385,2999,5710,44200,48660,1,55663,46298,96,46202,41500,7023,35469,3783,5746,573,4,1621,7744,69828,59630,52504,7126,5197,1234,695,152,131,0,0,10,11,166,4985,1019,3876,366
1853,93454,55074,55028,52147,2881,46,38380,48700,1,45504,38409,329,38080,32288,5162,30704,4973,2963,480,12,1367,5728,51441,45865,41435,4430,3450,363,617,554,554,0,0,0,0,224,1645,315,2838,366
1854,27880,21012,20974,20333,641,38,6868,48780,2,15286,12465,63,12402,11531,1884,10318,724,669,32,0,1560,1261,19972,18666,17103,1563,1243,127,193,51,28,0,13,10,0,3,498,231,523,366
1855,33941,23293,23293,22507,786,0,10648,48820,2,16926,14419,69,14350,12581,2311,10458,1519,1926,170,17,532,1975,22078,19500,17539,1961,1219,311,431,275,273,2,0,0,0,98,424,195,1586,366
1856,236671,149451,148397,140397,8000,1054,87220,48900,1,120505,106979,203,106776,96140,10967,92945,9856,5912,406,34,3452,10074,138461,118314,107252,11062,8456,1289,1317,536,457,17,62,0,0,488,1925,795,16403,366
1857,33356,20962,20953,19696,1257,9,12394,48940,2,16548,14375,146,14229,12963,3100,10002,991,1560,182,21,300,1873,19268,17379,16037,1342,965,227,150,44,24,0,0,0,20,40,495,247,1063,366
1858,62717,37197,37119,34091,3028,78,25520,48980,2,31980,25017,30,24987,21679,3396,20999,3081,1238,137,5,901,6062,33661,31433,28187,3246,2340,531,375,56,46,1,9,0,0,12,468,534,1158,366
1859,113980,71065,70655,67679,2976,410,42915,49020,1,51653,43141,201,42940,37608,6596,32741,4526,4355,536,64,1337,7175,66816,59418,53281,6137,5161,481,495,298,253,7,38,0,0,93,1281,451,5275,366
1860,27394,16089,16089,15158,931,0,11305,49060,2,13017,10718,61,10657,9461,1667,8134,1023,1071,87,3,159,2140,14863,13722,12057,1665,1281,246,138,24,16,0,8,0,0,51,315,237,514,366
1861,13169,8665,8665,8265,400,0,4504,49080,2,6804,5823,0,5823,5389,1738,3243,321,766,87,0,163,818,8130,6109,4946,1163,656,110,397,771,771,0,0,0,0,0,294,202,754,366
1862,41791,28861,28824,28043,781,37,12930,49100,2,20109,18103,69,18034,15228,1517,15732,2479,1141,131,10,523,1483,27397,22753,21120,1633,1270,279,84,398,394,0,0,4,0,299,1636,228,2083,366
1863,542046,327054,325995,308913,17082,1059,214992,49180,1,267562,226931,637,226294,193406,31348,187328,29240,14380,1208,821,6370,34261,304046,271982,245252,26730,20880,3529,2321,1814,1759,0,7,0,48,452,4055,2742,23001,366
1864,59641,37239,37227,35628,1599,12,22402,49220,2,31790,27370,181,27189,22998,3716,22328,3828,1398,127,29,695,3725,35047,31657,28406,3251,2483,561,207,41,25,0,16,0,0,134,749,320,2146,366
1865,19244,11455,11446,10834,612,9,7789,49260,2,9420,7788,15,7773,6951,1821,5120,564,1376,133,98,137,1495,10695,9997,8711,1286,821,305,160,0,0,0,0,0,0,4,128,190,376,366
1866,91424,57178,57160,55121,2039,18,34246,49300,2,43964,36300,203,36097,32378,5068,29772,3373,1870,153,23,745,6919,53823,46821,40971,5850,3819,762,1269,101,66,0,0,0,35,853,1998,1001,3049,366
1867,795328,526532,525636,495927,29709,896,268796,49340,1,371996,332433,790,331643,302036,32308,292434,27215,12197,751,187,7230,32333,484567,406135,369363,36772,28430,4455,3887,7575,3239,765,3507,64,0,1046,12517,7968,49326,366
1868,16691,11036,11034,10721,313,2,5655,49380,2,7606,6278,61,6217,5157,856,4751,918,891,110,1,478,850,10444,9069,7430,1639,1275,190,174,117,117,0,0,0,0,7,534,147,570,366
1869,187352,116042,115832,107567,8265,210,71310,49420,1,84636,73156,315,72841,66711,12983,54308,5083,7999,538,114,2039,9441,104842,96882,84643,12239,9429,1356,1454,191,183,0,0,0,8,325,1383,1024,5037,366
1870,18854,12512,12481,12253,228,31,6342,49460,2,9657,8149,28,8121,7137,957,6629,918,560,46,12,359,1149,12025,10992,10055,937,681,217,39,23,23,0,0,0,0,15,267,117,611,366
1871,73071,28193,28193,22364,5829,0,44878,49500,1,30485,20119,2469,17650,14900,5945,10056,2491,569,101,9,691,9675,21972,20424,19808,616,520,87,9,49,35,0,0,14,0,9,395,428,667,366
1872,366232,241111,240770,229554,11216,341,125121,49620,1,176428,153855,610,153245,136467,20419,127159,14906,9130,656,84,3638,18935,225132,200905,183207,17698,14646,2167,885,1598,1452,32,71,22,21,423,3452,2027,16727,366
1873,446915,254970,254546,238203,16343,424,191945,49660,1,228080,187763,744,187019,158765,27407,152562,25663,12011,1192,249,6807,33510,232979,210261,193521,16740,12621,1937,2182,2068,1988,17,21,42,0,243,3981,3533,12893,366
1874,136422,80713,77792,72225,5567,2921,55709,49700,1,59591,52082,116,51966,48062,10542,37532,2801,5999,743,36,1105,6404,73345,66314,57802,8512,5474,1671,1367,546,528,1,17,0,0,148,1027,818,4492,366
1875,157081,86182,82181,75261,6920,4001,70899,49740,1,72716,60161,176,59985,53934,9711,46366,4867,6754,568,58,2116,10439,77423,70489,61111,9378,6191,1934,1253,990,988,0,0,2,0,270,1196,760,3718,366
1876,68693,41053,41022,39191,1831,31,27640,49780,2,33970,28653,67,28586,22075,4250,22723,5819,1865,473,72,714,4603,38462,35764,32419,3345,2343,394,608,99,92,7,0,0,0,17,1270,126,1186,366
1877,9685,5326,5326,4883,443,0,4359,49820,2,4390,2634,0,2634,1356,243,2220,1192,412,86,0,21,1735,4713,4391,3758,633,345,68,220,0,0,0,0,0,0,0,113,22,187,366
1878,33642,23522,23489,22673,816,33,10120,10100,2,17577,15100,32,15068,13695,1977,12205,1234,1079,96,26,519,1958,22377,19725,18036,1689,1289,276,124,42,42,0,0,0,0,63,911,285,1351,731
1879,62265,31365,31293,29300,1993,72,30900,10140,2,29542,25898,62,25836,23278,3623,21019,2313,1518,158,8,770,2874,28624,24319,22051,2268,1908,234,126,309,309,0,0,0,0,243,1119,233,2401,731
1880,139671,85989,81023,78778,2245,4966,53682,10180,1,65075,57334,72,57262,54196,9821,44178,2558,4988,299,42,1240,6501,82753,74070,64907,9163,6639,1392,1132,289,262,0,0,0,27,394,1416,766,5818,731
1881,29831,17911,17892,17121,771,19,11920,10220,2,14801,11705,15,11690,10739,1571,8835,472,2849,263,5,288,2808,17006,15441,14104,1337,951,282,104,30,30,0,0,0,0,35,741,217,542,731
1882,81200,46700,46638,44046,2592,62,34500,10300,2,38626,33298,97,33201,30682,5328,24965,2175,2953,191,35,1009,4319,42860,38180,35237,2943,2203,394,346,64,53,0,0,0,11,47,1104,319,3146,731
1883,264222,104642,104541,89852,14689,101,159580,10380,1,111556,73874,5558,68316,60828,22970,37860,6521,7068,549,50,5171,32511,86871,78843,72403,6440,4160,1600,680,327,114,32,27,59,95,275,2703,610,4113,731
1884,576598,374210,373654,353723,19931,556,202388,10420,1,292223,260250,577,259673,232281,25207,227848,25318,14867,757,154,7833,24140,345726,295938,270801,25137,19989,2983,2165,3132,2994,16,0,86,36,374,5236,2918,38128,731
1885,54618,29547,25526,23086,2440,4021,25071,10460,2,23832,20477,150,20327,18626,3005,15632,1353,1992,200,8,565,2790,26803,24456,21706,2750,2100,454,196,104,96,0,0,8,0,21,772,175,1275,731
1886,116090,67295,66700,61306,5394,595,48795,10500,1,57043,45697,21,45676,42241,9551,32424,2628,5710,519,35,1548,9798,60460,55121,48758,6363,4857,992,514,492,492,0,0,0,0,84,838,786,3139,731
1887,103066,61706,61653,57828,3825,53,41360,10540,1,49944,44668,119,44549,40394,5689,35474,3489,3648,374,105,1311,3965,56684,49178,43738,5440,4287,752,401,146,132,2,12,0,0,209,1149,941,5061,731
1888,750427,482858,481135,457202,23933,1723,267569,10580,1,372919,332599,1021,331578,297976,31085,293624,31223,12665,1030,231,11407,28913,448347,363821,329401,34420,28015,4132,2273,13066,12244,246,356,99,121,932,14191,4015,52322,731
1889,50742,30075,30043,28739,1304,32,20667,10620,2,23773,20496,23,20473,18925,3240,16230,1221,1652,253,0,706,2571,28124,25872,22944,2928,2084,447,397,15,15,0,0,0,0,0,329,100,1808,731
1890,24800,15376,15364,14695,669,12,9424,10660,2,12890,10755,66,10689,9556,1807,8117,960,1007,109,30,298,1837,14440,12790,11714,1076,844,181,51,24,24,0,0,0,0,82,416,146,982,731
1891,75849,43136,43030,41389,1641,106,32713,10700,2,35930,31400,37,31363,29477,5811,24333,1604,2104,168,67,709,3821,40866,38133,34202,3931,2729,727,475,91,91,0,0,0,0,10,140,160,2332,731
1892,743447,453513,449143,423568,25575,4370,289934,10740,1,367877,317142,1175,315967,284952,40894,259218,24413,31271,1955,329,10905,39830,421395,355807,316551,39256,29495,5951,3810,4424,3804,0,483,45,92,2466,6970,4870,46858,731
1893,42738,21540,21460,19468,1992,80,21198,10760,2,20437,16270,0,16270,13904,3714,10922,1923,2085,287,65,777,3390,19239,18045,15932,2113,1638,260,215,30,30,0,0,0,0,17,184,134,829,731
1894,119581,67577,67028,63366,3662,549,52004,10780,1,55263,46250,66,46184,43288,9208,32182,2378,6463,318,51,1080,7933,62299,54976,50730,4246,3211,630,405,1243,1243,0,0,0,0,61,1498,2236,2285,731
1895,31544,20309,20277,19658,619,32,11235,10820,2,17252,14812,99,14713,12470,1701,11948,2106,1559,81,9,590,1850,19442,16849,15570,1279,975,225,79,29,29,0,0,0,0,123,404,120,1917,731
1896,37227,19829,19829,18668,1161,0,17398,10860,2,15806,10768,0,10768,8500,1518,8074,1812,2112,188,0,295,4743,18380,16456,14533,1923,1421,313,189,2,2,0,0,0,0,0,298,258,1366,731
1897,706347,451815,451496,426776,24720,319,254532,10900,1,333576,294022,916,293106,269977,32449,252868,21245,17139,767,106,7202,32352,418499,353368,321438,31930,25109,4517,2304,5677,5067,204,319,26,61,670,9556,5774,43454,731
1898,34614,18019,18016,17131,885,3,16595,10940,2,14705,12232,37,12195,10355,2139,8423,1517,1732,232,14,557,1916,16782,14747,13522,1225,826,187,212,91,91,0,0,0,0,117,571,105,1151,731
1899,24201,13206,13140,12174,966,66,10995,10980,2,12721,10499,34,10465,8737,1867,7787,1454,980,183,18,476,1746,11893,10322,9601,721,604,117,0,104,104,0,0,0,0,119,211,309,828,731
1900,101006,60094,60014,57506,2508,80,40912,11020,1,50587,42266,158,42108,36639,5291,35289,5001,2781,231,44,1062,7259,56376,50709,46228,4481,3480,609,392,415,406,0,9,0,0,90,1691,380,3091,731
1901,19159,12404,11251,10775,476,1153,6755,11060,2,9835,8682,121,8561,7983,1581,6137,484,1144,55,2,166,987,11658,10872,9744,1128,873,161,94,5,5,0,0,0,0,38,152,197,394,731
1902,208993,131984,131722,127599,4123,262,77009,11100,1,101424,88860,85,88775,80153,12880,71464,7657,8113,641,29,2125,10439,126334,115273,102389,12884,9627,1718,1539,327,327,0,0,0,0,254,1822,1564,7094,731
1903,26879,14943,14934,14028,906,9,11936,11140,2,12217,9373,57,9316,8383,2431,5881,650,1458,243,25,296,2548,13700,12278,10869,1409,913,374,122,0,0,0,0,0,0,2,221,212,987,731
1904,106532,70907,70774,67445,3329,133,35625,11180,1,49305,39481,230,39251,36385,4448,33073,2500,2687,185,12,6804,3020,65430,52068,47226,4842,4006,581,255,2554,2554,0,0,0,0,639,3512,359,6298,731
1905,39346,23485,23465,22079,1386,20,15861,11220,2,18918,15210,116,15094,12631,1452,13069,2284,832,66,26,765,2943,21665,18528,16322,2206,1815,246,145,55,45,10,0,0,0,108,748,573,1653,731
1906,311909,210081,199328,188135,11193,10753,101828,11260,1,146424,136165,256,135909,127673,21221,111521,7610,6290,185,86,2261,7998,194537,163267,140084,23183,17756,2982,2445,2335,2187,0,0,0,148,1352,4483,5780,17320,731
1907,13367,9523,9523,9264,259,0,3844,11380,2,6603,5993,5,5988,5556,1052,4385,352,744,57,0,162,448,9009,8552,7205,1347,756,136,455,9,9,0,0,0,0,0,29,186,233,731
1908,28299,17832,17828,16567,1261,4,10467,11420,2,13794,11572,44,11528,10474,2146,7717,769,2106,230,9,510,1712,16098,14802,13456,1346,952,274,120,46,46,0,0,0,0,61,485,124,580,731
1909,311081,198161,197953,188675,9278,208,112920,11460,1,148704,138501,114,138387,130921,11769,121694,6781,7665,363,24,4152,6051,184417,129000,116854,12146,10168,1336,642,7199,7109,72,11,0,7,2048,12011,1406,32753,731
1910,94627,53521,53147,49455,3692,374,41106,11500,1,44693,37295,47,37248,32181,7404,27331,4172,3923,634,11,905,6493,48898,46250,41672,4578,3548,623,407,286,225,0,0,61,0,0,592,200,1570,731
1911,193631,135307,135209,131266,3943,98,58324,11540,1,97358,88716,280,88436,80722,11377,72794,6695,6458,591,68,1639,7003,129630,112819,104445,8374,6176,1590,608,507,487,0,0,0,20,489,2565,1092,12158,731
1912,28791,13721,13721,12390,1331,0,15070,11580,2,12340,9394,44,9350,8349,2352,6090,757,1095,178,0,675,2271,12092,10575,8465,2110,1248,537,325,162,162,0,0,0,0,121,307,158,769,731
1913,45303,26936,26928,25749,1179,8,18367,11620,2,22424,17733,40,17693,14015,3846,11080,1899,2842,671,165,787,3904,25250,23526,20344,3182,2649,448,85,81,81,0,0,0,0,27,369,401,846,731
1914,155576,64890,64786,57386,7400,104,90686,11640,1,64952,46915,245,46670,43933,16190,28103,2372,3272,258,0,956,17081,55664,51868,50392,1476,1135,171,170,166,125,0,0,29,12,17,445,258,2910,731
1915,17770,10299,10290,9869,421,9,7471,11660,2,7955,6184,4,6180,5768,1029,4708,297,653,43,0,283,1488,9777,8408,7201,1207,727,344,136,50,50,0,0,0,0,0,685,108,526,731
1916,394658,232662,232333,224162,8171,329,161996,11700,1,187343,159735,398,159337,144593,21191,129746,12603,12588,1166,172,4238,23370,220222,186017,168646,17371,13305,2422,1644,1178,1087,20,0,0,71,289,3923,2668,26147,731
1917,42302,25676,25663,24707,956,13,16626,11740,2,20478,17390,48,17342,15720,3172,13245,1467,1118,68,14,631,2457,24322,21540,19710,1830,1398,273,159,65,48,17,0,0,0,131,736,462,1388,731
1918,78803,45608,45596,42136,3460,12,33195,11780,2,38549,32669,194,32475,27723,4746,25989,4199,2489,247,10,1144,4736,40922,37600,33463,4137,2981,644,512,105,105,0,0,0,0,45,687,963,1522,731
1919,34385,19858,19501,18558,943,357,14527,11820,2,17246,15537,64,15473,14311,1881,12627,984,1525,100,43,362,1347,18276,14480,12731,1749,1455,179,115,156,156,0,0,0,0,86,1452,251,1851,731
1920,12997,8187,8187,7822,365,0,4810,11860,2,5840,4778,3,4775,4230,918,3270,374,900,115,3,143,919,7614,6713,5952,761,521,183,57,0,0,0,0,0,0,0,368,35,498,731
1921,53349,30031,29924,28218,1706,107,23318,11900,2,22582,18775,32,18743,16172,3802,13510,2132,2016,333,0,1495,2312,27395,20649,18795,1854,1593,187,74,290,265,0,0,0,25,345,3377,207,2527,731
1922,43819,24122,24074,22798,1276,48,19697,11940,2,21230,17969,41,17928,16462,4526,10878,1090,2992,364,5,228,3033,22261,20903,19123,1780,1290,424,66,0,0,0,0,0,0,0,204,72,1082,731
1923,67024,35626,35626,33667,1959,0,31398,11980,2,31973,26249,45,26204,23035,6212,17410,2552,4100,384,48,644,5080,33007,29553,26043,3510,2779,367,364,139,48,0,0,91,0,0,424,309,2582,731
1924,178050,110183,109887,104540,5347,296,67867,12020,1,83822,74628,62,74566,69854,7760,63182,3975,7073,338,41,2453,6741,102619,85063,76668,8395,6444,1287,664,1578,1578,0,0,0,0,693,3364,1036,10885,731
1925,4816427,3242437,3236369,3073253,163116,6068,1573990,12060,1,2243738,2052887,1976,2050911,1928949,197947,1779727,104439,165254,8432,1447,47333,143518,3004626,2369846,2112236,257610,186428,43942,27240,62737,40290,18103,2513,1364,467,4013,34454,50608,482968,731
1926,224036,141862,141332,129611,11721,530,82174,12100,1,106640,95316,313,95003,84720,10908,82149,9540,4348,257,54,2409,8915,126468,105653,93741,11912,9076,1669,1167,5102,4561,92,145,286,18,609,4073,1934,9097,731
1927,29357,14277,14277,12964,1313,0,15080,12120,2,13022,9300,11,9289,8278,4409,3631,628,1483,326,23,157,3565,12733,12469,11650,819,565,149,105,38,38,0,0,0,0,3,80,38,105,731
1928,34070,22346,22316,21356,960,30,11724,12140,2,16983,14097,33,14064,12688,2997,9454,1158,1879,130,16,581,2305,21137,19752,17870,1882,1524,191,167,20,20,0,0,0,0,52,238,278,797,731
1929,63062,36329,36289,34744,1545,40,26733,12180,2,30910,26430,75,26355,23515,3542,20848,2422,2158,214,50,806,3674,34081,29868,27355,2513,2240,120,153,214,211,3,0,0,0,28,1258,547,2166,731
1930,143029,85288,84605,81409,3196,683,57741,12220,1,65166,56129,71,56058,52641,5737,47293,3007,5913,190,59,3015,6022,80729,71426,65033,6393,5083,977,333,510,494,0,0,0,16,89,2280,628,5796,731
1931,488440,297480,286843,268345,18498,10637,190960,12260,1,221531,189173,322,188851,174778,29323,148088,11788,16936,1511,157,6628,25730,273841,242650,220944,21706,16388,3219,2099,2101,1985,0,22,24,70,335,3412,5469,19874,731
1932,103232,63030,62905,60329,2576,125,40202,12300,2,53452,47074,158,46916,41422,4299,41343,5026,1885,162,14,1042,5336,59235,49742,44922,4820,3817,361,642,60,40,0,0,0,20,39,1708,593,7093,731
1933,31076,20141,20137,19494,643,4,10935,12380,2,15653,13655,49,13606,12380,2044,10576,964,1420,177,7,510,1488,19181,17027,14789,2238,1145,600,493,210,210,0,0,0,0,33,637,151,1123,731
1934,1842671,1312194,1309448,1253191,56257,2746,530477,12420,1,905689,839792,887,838905,788038,81841,729519,45432,56607,2568,346,21019,44878,1235739,919872,820507,99365,75689,14406,9270,16182,14643,481,687,192,179,6168,22067,16228,255222,731
1935,22565,11953,11803,11043,760,150,10612,12460,2,10295,6879,4,6875,6213,2434,3652,432,984,198,0,661,2755,10902,10190,8963,1227,1050,104,73,30,30,0,0,0,0,58,138,259,227,731
1936,674370,394325,391833,358961,32872,2492,280045,12540,1,277499,244474,334,244140,225141,46270,185781,16276,22702,1742,83,5646,27379,351806,320120,278306,41814,28739,7223,5852,2179,2081,2,51,21,24,647,3116,3751,21993,731
1937,2289955,1522970,1505648,1432417,73231,17322,766985,12580,1,1098268,985855,2096,983759,907098,111953,849835,70321,44021,2508,551,30870,81543,1423931,1112096,1011232,100864,79942,11906,9016,61628,42506,8610,8647,1546,319,2973,30994,20447,195793,731
1938,129147,77448,77205,73912,3293,243,51699,12620,1,63687,55165,229,54936,46655,5004,47057,7639,3508,269,89,2202,6320,72207,61109,55613,5496,4395,713,388,290,247,15,28,0,0,343,2477,1209,6779,731
1939,52620,35246,35209,34221,988,37,17374,12660,2,27313,23915,176,23739,21197,3091,18984,2107,2150,310,30,742,2656,33750,29454,26535,2919,2025,587,307,63,60,0,0,0,3,111,1047,483,2592,731
1940,37129,23201,23149,22467,682,52,13928,12680,2,18457,16430,34,16396,14533,2806,12332,1465,1540,333,25,490,1537,22182,20585,18844,1741,1264,162,315,10,10,0,0,0,0,0,224,339,1024,731
1941,200688,119897,119225,113900,5325,672,80791,12700,1,99969,92977,183,92794,83451,7660,83663,8769,3340,267,0,2026,4966,111344,91060,83123,7937,5761,1474,702,1373,640,250,90,41,352,763,2319,1291,14538,731
1942,50234,32505,32378,31418,960,127,17729,12740,2,25166,22650,109,22541,18422,3307,17977,3663,1577,199,95,594,1922,30906,24212,22067,2145,1747,235,163,249,242,7,0,0,0,75,1267,183,4920,731
1943,41503,23976,23950,23038,912,26,17527,12780,2,20404,17214,38,17176,15960,2685,12151,872,2878,197,28,552,2638,22900,20869,18117,2752,2211,430,111,63,63,0,0,0,0,67,407,296,1198,731
1944,47597,30338,30326,28893,1433,12,17259,12860,2,24416,21481,106,21375,18816,2735,17882,2373,1031,121,14,471,2464,28247,25132,23098,2034,1710,225,99,34,20,1,7,0,6,158,1007,417,1499,731
1945,44179,23669,23604,22305,1299,65,20510,12900,2,21318,14544,104,14440,12386,3206,9689,1625,1959,235,23,2206,4568,22110,20388,17994,2394,1813,397,184,14,14,0,0,0,0,85,399,281,943,731
1946,691953,432347,431549,403444,28105,798,259606,12940,1,321734,282373,463,281910,261375,39364,231079,18561,20692,872,47,9644,29717,396232,360172,326627,33545,24479,4785,4281,2859,2701,50,0,0,108,1124,6235,2609,23233,731
1947,107217,64051,63885,59548,4337,166,43166,12980,1,53050,46249,78,46171,42759,9470,33394,2853,3870,386,98,703,6098,58169,51696,47020,4676,3883,522,271,466,458,0,0,0,8,212,1316,728,3751,731
1948,85924,50772,50747,48294,2453,25,35152,13020,1,44999,39516,78,39438,35804,6793,30865,3231,2272,237,26,858,4625,47237,42408,39493,2915,2292,291,332,164,164,0,0,0,0,435,746,277,3207,731
1949,27944,15986,15905,14845,1060,81,11958,13060,2,14073,10607,34,10573,8921,2864,6299,987,2159,484,62,251,3215,14742,13932,12414,1518,1157,293,68,57,57,0,0,0,0,86,101,132,434,731
1950,17382,11016,11004,10781,223,12,6366,13100,2,9154,7804,68,7736,6694,1111,5787,803,1208,119,47,274,1076,10513,9497,8754,743,505,158,80,0,0,0,0,0,0,0,228,53,735,731
1951,309431,176674,176144,166684,9460,530,132757,13140,1,145312,126726,215,126511,118058,26953,93608,7191,10155,704,70,2361,16225,164240,155929,143135,12794,9779,1409,1606,453,453,0,0,0,0,284,1282,1531,4761,731
1952,73786,49121,49081,47053,2028,40,24665,13180,2,35615,31264,89,31175,28584,5051,23161,2052,3174,393,63,799,3552,46378,41294,37541,3753,3042,441,270,25,20,0,0,0,5,75,1574,394,3016,731
1953,93567,44345,44164,40967,3197,181,49222,13220,1,45333,34130,57,34073,28366,5834,26595,5239,2560,102,48,3017,8186,40156,36809,32917,3892,3094,345,453,21,14,7,0,0,0,5,792,463,2066,731
1954,36835,22147,22141,21419,722,6,14688,13260,2,18873,15686,15,15671,13683,3394,10745,1571,1544,341,31,223,2964,21016,19496,17436,2060,1696,146,218,11,11,0,0,0,0,5,456,120,928,731
1955,25506,11091,11091,10381,710,0,14415,13300,2,8563,6473,1,6472,6124,1085,4366,152,1619,112,0,161,1929,9981,9180,8326,854,672,143,39,1,1,0,0,0,0,0,150,193,457,731
1956,37079,22547,22530,21746,784,17,14532,13340,2,19168,16920,61,16859,15176,3000,12853,1523,1024,122,11,588,1660,20974,18808,16958,1850,1608,171,71,53,53,0,0,0,0,11,472,254,1376,731
1957,188257,117553,117163,111457,5706,390,70704,13380,1,91171,83469,102,83367,77135,9452,70482,5715,4740,291,55,1925,5777,109391,87675,78718,8957,7359,903,695,2135,2089,6,4,0,36,2180,3854,1140,12407,731
1958,36003,22674,22633,21422,1211,41,13329,13420,2,17870,15538,9,15529,13590,1608,13403,1745,772,50,31,596,1736,21007,18115,15858,2257,1689,370,198,292,277,0,0,0,15,43,738,181,1638,731
1959,164935,104219,104044,98636,5408,175,60716,13460,1,81481,75022,177,74845,67173,7194,63341,6502,5932,760,124,1874,4585,96606,73830,65936,7894,6186,1111,597,299,282,0,17,0,0,1868,2162,1161,17286,731
1960,22015,9689,9677,8922,755,12,12326,13500,2,9463,6015,5,6010,4519,1476,3105,614,1806,773,22,410,3038,8693,8185,7594,591,519,41,31,30,30,0,0,0,0,40,69,86,283,731
1961,31181,18561,18439,17673,766,122,12620,13540,2,14566,11817,157,11660,9386,1019,10024,2080,781,65,47,1207,1542,17461,13931,12683,1248,865,160,223,38,36,0,2,0,0,54,699,234,2505,731
1962,27177,15073,15056,14431,625,17,12104,13620,2,13620,11618,41,11577,9097,1060,9425,2029,1156,320,39,437,1565,14066,12171,10714,1457,1225,69,163,41,29,12,0,0,0,18,234,506,1096,731
1963,33231,17795,17789,16808,981,6,15436,13660,2,16103,12699,75,12624,11037,2353,8482,1212,2091,262,26,732,2672,16342,14285,12924,1361,1087,123,151,76,76,0,0,0,0,20,866,211,884,731
1964,27787,15086,15050,14271,779,36,12701,13700,2,12010,10174,0,10174,9378,2282,7081,712,917,56,28,302,1534,14167,13570,11995,1575,1130,383,62,0,0,0,0,0,0,13,143,99,342,731
1965,33193,15558,15546,14156,1390,12,17635,13720,2,15644,11473,74,11399,9331,1760,9266,1802,624,144,0,1777,2394,13677,12093,10883,1210,867,257,86,123,123,0,0,0,0,0,485,62,914,731
1966,148120,97099,97015,93606,3409,84,51021,13740,1,76348,67734,191,67543,60810,8893,54180,5663,6103,684,113,1694,6920,92249,80993,71372,9621,7080,1563,978,984,980,0,4,0,0,533,2063,940,6736,731
1967,204920,117929,117884,110024,7860,45,86991,13780,1,101651,88857,217,88640,77116,9337,76611,10573,4989,413,76,2259,10535,107194,91375,82459,8916,7281,766,869,2668,2539,129,0,0,0,442,3881,1311,7517,731
1968,891474,546303,545200,518512,26688,1103,345171,13820,1,429181,377018,588,376430,344693,56643,301407,27134,36715,2109,244,9669,42494,511286,452076,411419,40657,32057,4905,3695,2094,1995,83,9,7,0,475,5881,4312,46448,731
1969,105848,72009,71787,69953,1834,222,33839,13900,1,53760,47464,104,47360,43011,4957,41415,3994,2474,85,46,1739,4557,69445,62649,56349,6300,4389,1158,753,102,96,0,0,0,6,125,1227,521,4821,731
1970,35708,23072,23045,21636,1409,27,12636,13940,2,15627,13621,70,13551,12349,2370,9175,1027,2318,94,34,266,1740,21253,19237,16845,2392,1696,419,277,402,402,0,0,0,0,0,237,90,1287,731
1971,143008,80033,79782,76910,2872,251,62975,13980,1,62836,54277,135,54142,47798,7431,42369,5109,6729,784,124,1557,7002,75245,63228,57920,5308,4085,811,412,1691,1638,4,0,0,49,560,2960,1003,5803,731
1972,138934,88770,88701,85832,2869,69,50164,14010,1,68491,59451,79,59372,50059,7297,49618,8325,3893,616,84,3760,5280,84210,68011,61389,6622,4850,1015,757,625,581,16,16,0,12,351,3499,549,11175,731
1973,137971,85560,85478,80578,4900,82,52411,14020,1,65932,58059,77,57982,53666,6083,48960,3796,4219,325,24,3096,4777,78109,60999,53521,7478,5527,1258,693,1669,1651,18,0,0,0,851,4330,651,9609,731
1974,69927,40780,40675,38951,1724,105,29147,14100,1,33511,28507,155,28352,26165,4728,22068,1751,2141,162,20,663,4341,38595,33036,30334,2702,2241,260,201,106,106,0,0,0,0,27,1689,192,3545,731
1975,87374,41718,41681,39727,1954,37,45656,14140,2,42506,34754,116,34638,30329,5657,27086,3807,4004,290,5,969,6783,39097,36007,33209,2798,2251,271,276,77,77,0,0,0,0,2,897,352,1762,731
1976,22136,14720,14708,14351,357,12,7416,14160,2,11155,9235,31,9204,8346,1879,6490,630,994,58,36,281,1639,14158,13092,12075,1017,844,112,61,70,38,10,0,0,22,38,143,142,673,731
1977,31158,18835,18813,16965,1848,22,12323,14180,2,15005,12187,9,12178,10848,2607,8422,965,1847,348,8,734,2084,16253,15614,13519,2095,1429,466,200,23,18,5,0,0,0,0,88,160,368,731
1978,36266,18733,18729,16763,1966,4,17533,14220,2,17162,12049,25,12024,11457,3860,6411,371,2334,144,5,543,4570,16324,14615,12716,1899,1561,121,217,108,108,0,0,0,0,4,243,887,467,731
1979,607358,395123,393794,380843,12951,1329,212235,14260,1,285188,264319,740,263579,246345,27753,220803,14510,28046,1485,173,6701,14168,375987,308107,278423,29684,22205,5027,2452,1287,990,81,87,21,108,3991,7603,5238,49761,731
1980,29328,15809,15809,15060,749,0,13519,14300,2,12699,10192,29,10163,9294,1933,6273,625,2525,163,31,450,2057,14759,12662,11342,1320,927,293,100,3,3,0,0,0,0,0,239,227,1628,731
1981,48773,29147,29122,26404,2718,25,19626,14380,2,21194,18902,19,18883,17209,1822,16280,1464,1148,182,17,655,1637,25360,21301,19121,2180,1935,222,23,408,408,0,0,0,0,86,1179,131,2255,731
1982,16044,9670,9670,9257,413,0,6374,14420,2,6711,5642,11,5631,5147,1071,3941,419,988,65,0,156,913,8999,8497,7494,1003,627,202,174,83,67,0,16,0,0,31,129,32,227,731
1983,4070038,2807073,2803129,2662408,140721,3944,1262965,14460,1,1913599,1760421,2105,1758316,1626024,153532,1581801,125510,54322,2096,716,36330,116848,2607487,1739133,1570932,168201,128826,23351,16024,253803,75701,130840,40492,4002,2768,24421,125593,40769,423768,731
1984,276576,186545,186274,178057,8217,271,90031,14500,1,133390,125671,174,125497,118188,9793,111816,6351,6897,352,176,2663,5056,175188,111308,100826,10482,7692,1786,1004,6292,6160,0,0,118,14,5923,7283,1571,42811,731
1985,144089,91565,91511,86786,4725,54,52524,14540,1,69622,61060,171,60889,57054,9871,47339,3312,4699,213,38,1520,7042,83733,75727,66140,9587,7054,1715,818,66,66,0,0,0,0,103,2340,1068,4429,731
1986,99296,70561,70488,69031,1457,73,28735,14580,2,47874,43848,85,43763,40802,5231,35223,2370,4293,379,13,1683,2343,67336,51424,45929,5495,4159,540,796,326,320,0,0,0,6,1460,3704,643,9779,731
1987,33555,18574,18554,17575,979,20,14981,14620,2,15931,13512,105,13407,11294,1748,10836,1810,931,175,39,349,2070,17283,15457,13831,1626,1311,172,143,81,65,0,0,0,16,26,798,152,769,731
1988,79101,46468,46410,43887,2523,58,32633,14660,2,40623,35097,187,34910,30176,5401,27021,3843,3236,631,34,982,4544,43248,37112,32926,4186,3226,529,431,193,166,0,3,2,22,129,1040,596,4178,731
1989,46171,26892,26877,25499,1378,15,19279,14700,2,21595,18569,61,18508,16934,3602,13349,1293,1526,168,47,793,2233,24653,21825,18578,3247,2560,586,101,42,42,0,0,0,0,40,446,219,2081,731
1990,26567,20157,20157,19419,738,0,6410,14720,2,11750,11076,0,11076,10606,1103,9617,363,435,100,0,208,466,18644,13155,11876,1279,957,322,0,870,870,0,0,0,0,275,702,39,3603,731
1991,226552,139740,125603,119752,5851,14137,86812,14740,1,106031,100137,199,99938,92428,8072,88733,6933,5343,169,13,1807,4087,131017,97632,86609,11023,8332,1360,1331,8385,2354,33,19,25,5954,682,6983,2189,15146,731
1992,29247,17119,17092,16633,459,27,12128,14780,2,14482,11801,0,11801,10043,3174,6524,1318,2315,341,92,383,2298,16369,14062,12506,1556,1165,264,127,0,0,0,0,0,0,38,626,472,1171,731
1993,28521,14785,14785,14196,589,0,13736,14820,2,14353,12368,25,12343,10740,1392,10381,1468,641,77,9,431,1554,13645,11801,10596,1205,1063,60,82,33,33,0,0,0,0,94,285,61,1371,731
1994,773236,520626,520194,487845,32349,432,252610,14860,1,352307,324449,560,323889,293450,30675,288039,28654,11742,510,360,6259,21599,477787,350810,311768,39042,28552,6219,4271,34455,7425,2223,24213,389,205,604,12757,6675,72486,731
1995,27886,14351,14351,13738,613,0,13535,15020,2,13070,10550,30,10520,9700,3278,6091,594,1585,68,0,257,2263,13497,12670,11878,792,646,132,14,30,6,0,0,0,24,0,196,191,410,731
1996,20426,9527,9521,8833,688,6,10899,15060,2,11148,9791,65,9726,8588,1108,7802,924,809,212,2,192,1165,8625,6863,6271,592,474,97,21,36,4,12,0,0,20,17,215,80,1414,731
1997,28437,20030,19953,19168,785,77,8407,15100,2,13366,11925,13,11912,9798,1630,9781,1971,710,62,34,377,1064,18827,16068,14473,1595,1091,385,119,72,72,0,0,0,0,121,600,109,1857,731
1998,14396,7944,7944,7268,676,0,6452,15140,2,7200,5401,0,5401,4997,1448,3278,263,817,112,10,100,1699,7153,6508,5863,645,612,14,19,0,0,0,0,0,0,0,112,280,253,731
1999,312892,178995,178758,168550,10208,237,133897,15180,1,132538,97757,67,97690,84337,32361,60269,11899,8574,937,177,9976,24805,166691,149155,133031,16124,11488,3298,1338,870,857,0,13,0,0,211,2577,1821,12057,731
2000,31226,18025,17983,17303,680,42,13201,15220,2,14977,12868,1,12867,10778,3114,7618,1545,2488,486,28,378,1731,16839,15727,13924,1803,1502,197,104,26,26,0,0,0,0,66,191,128,701,731
2001,92590,51590,51455,49298,2157,135,41000,15260,1,45426,37107,35,37072,32874,4718,30683,3817,2718,271,42,2223,6096,48313,43510,38896,4614,3443,830,341,107,93,0,0,0,14,144,453,786,3313,731
2002,33761,20342,20322,19199,1123,20,13419,15340,2,18168,15662,113,15549,13761,2405,11834,1412,1633,207,47,458,2048,18790,17274,15992,1282,1054,155,73,35,35,0,0,0,0,6,211,394,870,731
2003,958088,597704,596854,566425,30429,850,360384,15380,1,497529,436368,1046,435322,390341,53079,371312,41021,21890,1646,434,12350,48811,553820,465030,424775,40255,31538,5041,3676,14649,13292,1020,25,190,122,1549,14249,6516,51827,731
2004,34232,22262,22262,21565,697,0,11970,15420,2,15654,13469,25,13444,11852,2504,9007,984,2364,486,2,359,1826,21103,19234,17258,1976,1697,201,78,35,35,0,0,0,0,26,314,384,1110,731
2005,36669,22346,22346,21541,805,0,14323,15460,2,19996,16739,80,16659,15244,2767,12805,1200,1624,115,17,458,2799,21111,19292,17589,1703,1365,158,180,65,49,0,13,0,3,14,572,284,884,731
2006,138209,86730,86621,82298,4323,109,51479,15500,1,67370,58016,49,57967,52918,6542,49458,4671,3940,264,2,1490,7864,80839,72463,66055,6408,4986,670,752,122,122,0,0,0,0,11,890,554,6799,731
2007,189622,130204,129512,124627,4885,692,59418,15540,1,91578,81768,238,81530,72161,6061,72798,8380,4410,415,128,3945,5865,122424,94053,83533,10520,8653,1133,734,1835,1679,156,0,0,0,1993,6546,740,17257,731
2008,28818,17308,17239,16448,791,69,11510,15580,2,15080,12771,229,12542,11219,2678,8633,1117,1582,171,6,590,1719,16296,14422,12794,1628,1129,259,240,129,129,0,0,0,0,1,416,283,1045,731
2009,38956,22088,22057,20622,1435,31,16868,15620,2,18983,16099,56,16043,14604,4375,9884,1158,2045,192,14,362,2522,20273,18302,15880,2422,1732,492,198,98,76,0,0,0,22,161,551,178,983,731
2010,45439,27240,27230,26411,819,10,18199,15660,2,20555,15932,14,15918,14660,3197,11595,1044,1674,154,10,1534,3089,26088,23871,21187,2684,1331,975,378,15,15,0,0,0,0,87,254,158,1703,731
2011,89977,61521,59479,57306,2173,2042,28456,15680,1,41211,37206,58,37148,33629,2638,32627,3067,2579,220,74,573,3432,58080,47694,44685,3009,2202,648,159,657,624,8,25,0,0,130,1077,567,7955,731
2012,26687,15877,15871,15001,870,6,10810,15700,2,13216,11349,21,11328,10098,2778,7659,1017,1067,138,44,210,1657,14681,13336,11806,1530,1248,214,68,52,28,8,16,0,0,44,159,89,1001,731
2013,30980,17558,17524,16725,799,34,13422,15740,2,16165,13411,113,13298,11927,2846,9429,1069,1311,191,10,365,2389,16560,15530,13901,1629,966,428,235,8,8,0,0,0,0,7,233,271,511,731
2014,22146,10899,10894,10140,754,5,11247,15780,2,9957,8056,2,8054,7193,1743,5587,672,990,163,0,253,1648,9988,9518,8839,679,495,137,47,0,0,0,0,0,0,11,147,144,168,731
2015,29770,17356,17259,16207,1052,97,12414,15820,2,14242,11867,28,11839,10216,1970,9262,1255,1101,42,9,383,1992,15756,13662,12287,1375,1191,77,107,79,79,0,0,0,0,0,343,200,1472,731
2016,42093,17787,17702,16855,847,85,24306,15860,2,17677,14604,61,14543,12841,1582,11510,1225,1834,285,85,331,2742,16657,14030,12442,1588,1205,211,172,8,8,0,0,0,0,137,476,134,1872,731
2017,325192,200332,200155,191555,8600,177,124860,15940,1,166045,140087,294,139793,125332,17742,116481,12767,10480,1114,84,7175,18783,188579,164145,151384,12761,9470,1748,1543,1682,1613,0,20,0,49,188,2904,2689,16971,731
2018,656226,348312,348021,332507,15514,291,307914,15980,1,311348,280843,451,280392,263028,35039,237188,14790,19624,849,135,9187,21318,326302,275586,244149,31437,22667,4652,4118,1635,1447,15,51,0,122,2120,3521,6202,37238,731
2019,78968,49671,49631,47858,1773,40,29297,16020,1,37096,31813,71,31742,29729,6748,22074,1505,3508,292,26,688,4595,46897,42393,38126,4267,3220,696,351,172,172,0,0,0,0,26,699,504,3103,731
2020,109698,62030,61864,58277,3587,166,47668,16060,1,55760,47046,187,46859,44204,12532,30144,2056,5088,369,62,1793,6921,56581,49760,44656,5104,3816,904,384,479,458,0,3,8,10,294,1566,559,3923,731
2021,46978,28691,28583,27391,1192,108,18287,16100,2,22703,18561,54,18507,16582,3929,13463,1743,2137,109,13,805,3337,27002,24814,22195,2619,1710,406,503,141,141,0,0,0,0,43,246,239,1519,731
2022,16466,10965,10965,10755,210,0,5501,16140,2,8696,7419,47,7372,6822,1220,5656,434,791,78,6,125,1152,10600,9553,8750,803,600,151,52,36,36,0,0,0,0,3,296,77,635,731
2023,47931,28736,28674,27340,1334,62,19195,16180,1,23355,20628,178,20450,18185,2338,17328,2125,1459,106,9,779,1948,26695,23580,20274,3306,2674,439,193,459,459,0,0,0,0,51,395,376,1834,731
2024,62646,42277,42136,40661,1475,141,20369,16220,1,32895,29464,32,29432,26295,2856,24927,2794,2020,163,77,813,2618,40190,35815,32517,3298,2087,704,507,243,243,0,0,0,0,112,573,288,3159,731
2025,43811,28228,28173,27249,924,55,15583,16260,2,18596,16352,109,16243,13909,1908,12475,1720,2756,476,2,686,1558,26664,23039,20218,2821,2263,282,276,25,25,0,0,0,0,71,600,279,2650,731
2026,220828,150022,149961,144513,5448,61,70806,16300,1,112467,101439,382,101057,89580,12969,85096,10647,5819,446,27,2766,8262,141912,121054,110879,10175,7198,1894,1083,536,526,0,0,10,0,378,2753,1071,16120,731
2027,33335,19255,19176,18253,923,79,14080,16340,2,15517,13031,19,13012,12015,2526,9500,800,1409,121,0,225,2261,17896,16441,14743,1698,1255,141,302,76,76,0,0,0,0,16,209,331,823,731
2028,32607,22295,22272,21826,446,23,10312,16380,2,16022,14230,71,14159,12808,1506,11978,1198,1209,105,9,214,1578,21473,20284,18698,1586,1165,253,168,46,46,0,0,0,0,23,334,105,681,731
2029,25111,13177,13169,12526,643,8,11934,16420,2,11847,9757,62,9695,9080,2087,6728,482,1168,76,0,189,1901,12094,11458,10461,997,789,160,48,2,2,0,0,0,0,0,117,234,283,731
2030,29747,17934,17907,16449,1458,27,11813,16460,2,15236,12865,76,12789,11570,2607,8742,996,1701,177,13,336,2035,16031,14915,13270,1645,1371,162,112,30,30,0,0,0,0,45,184,87,770,731
2031,67101,36909,36813,34489,2324,96,30192,16500,2,31511,27212,142,27070,22810,3929,19834,3351,3576,587,42,919,3380,33406,29030,25182,3848,2785,450,613,196,172,0,11,0,13,41,1250,376,2513,731
2032,125692,78598,78537,75850,2687,61,47094,16540,1,62576,54306,201,54105,47905,5721,46235,5418,3728,402,0,1170,7100,74492,65047,58457,6590,4996,571,1023,165,164,0,0,0,1,109,2032,1171,5968,731
2033,185385,114930,114854,109387,5467,76,70455,16580,1,89250,77312,202,77110,71878,10437,63432,4652,5764,218,82,5948,5990,107224,81176,72446,8730,7058,1098,574,4065,4040,6,4,15,0,1648,7495,865,11975,731
2034,211576,110168,109537,103230,6307,631,101408,16620,1,107033,89837,349,89488,74348,11009,73353,12820,6950,1744,163,2935,14261,102388,89842,81942,7900,6414,965,521,1593,1567,0,0,0,26,103,3007,685,7158,731
2035,47935,30830,30772,28924,1848,58,17105,16660,2,24527,20874,66,20808,18672,3654,15660,1948,1702,142,8,1011,2642,28127,24594,21966,2628,2218,349,61,30,1,0,29,0,0,291,1354,182,1676,731
2036,649265,425995,414274,397404,16870,11721,223270,16700,1,318484,271786,506,271280,253863,32688,228436,14718,23462,1672,72,17756,28942,401565,341186,311040,30146,22496,4780,2870,2900,2502,30,187,16,165,2257,7543,4619,43060,731
2037,2122094,1428123,1425115,1357939,67176,3008,693971,16740,1,1026048,931412,1284,930128,844191,97215,804288,75489,57729,4158,2670,17706,76930,1330894,1066573,955847,110726,83205,15995,11526,15304,10261,1421,360,3136,126,1363,16844,15965,214845,731
2038,184520,114229,113745,109632,4113,484,70291,16820,1,87531,77970,221,77749,71694,14113,59757,5037,5466,547,142,2403,7158,107724,80062,70956,9106,7826,957,323,2525,2353,68,46,0,58,926,4765,1246,18200,731
2039,460085,284976,284700,271916,12784,276,175109,16860,1,224448,195947,227,195720,181141,24094,167805,13488,7266,434,114,5292,23209,266330,230972,207493,23479,18271,3206,2002,1403,1324,2,19,17,41,360,3948,2414,27233,731
2040,79901,53463,50632,48854,1778,2831,26438,16940,1,41407,37401,115,37286,32665,3602,31367,4281,3453,167,54,989,3017,50613,45635,41063,4572,3762,492,318,65,62,0,0,3,0,181,532,397,3803,731
2041,7686475,5138866,5125125,4807708,317417,13741,2547609,16980,1,3654700,3278344,5345,3272999,3035941,368033,2801685,207119,226150,11087,4266,87076,289280,4721217,3443445,3082065,361380,268738,54629,38013,423426,164244,149964,104416,4340,462,27588,127001,68892,630865,731
2042,175591,102844,102722,95378,7344,122,72747,17020,1,83319,74907,114,74793,68107,9356,58789,5144,8806,1038,106,1777,6635,91975,76390,67647,8743,6751,1104,888,622,569,0,37,6,10,1205,2841,1118,9799,731
2043,62723,33753,33726,31793,1933,27,28970,17060,2,29565,25158,51,25107,22862,3503,20589,2091,1154,72,12,893,3514,30977,29092,25245,3847,2688,873,286,141,141,0,0,0,0,0,389,153,1202,731
2044,1792522,1176516,1175322,1123997,51325,1194,616006,17140,1,892073,803279,2345,800934,738379,83418,695126,56527,44486,2768,493,17567,71227,1104490,933865,848474,85391,67400,11695,6296,14973,14695,144,14,55,65,1402,20497,10519,123234,731
2045,73702,40944,40853,38408,2445,91,32758,17220,2,34935,28562,69,28493,22432,4315,22613,5432,2146,424,21,788,5585,37729,33869,31438,2431,1987,367,77,77,74,0,3,0,0,129,996,319,2339,731
2046,16214,8497,8488,7572,916,9,7717,17260,2,8387,6200,0,6200,4964,3373,2321,210,653,287,1,76,2111,7411,6616,5768,848,555,256,37,49,49,0,0,0,0,0,196,0,550,731
2047,245753,157412,138533,130000,8533,18879,88341,17300,1,116911,102844,156,102688,95850,15106,82135,5737,8973,695,49,3640,10427,145460,130747,117881,12866,9782,1655,1429,730,710,20,0,0,0,326,3786,1847,8024,731
2048,54938,28401,28356,25408,2948,45,26537,17340,2,26487,22212,99,22113,18534,3488,15969,2788,3532,584,90,720,3555,24313,19560,16783,2777,2211,328,238,226,223,3,0,0,0,40,707,235,3545,731
2049,23986,11920,11894,11008,886,26,12066,17380,2,11704,8736,2,8734,7823,2006,6057,500,1090,159,16,499,2469,10635,10077,8947,1130,792,146,192,0,0,0,0,0,0,0,162,116,280,731
2050,102669,61970,61900,58385,3515,70,40699,17420,1,48441,41426,126,41300,38351,6626,32306,2637,3451,169,74,876,6139,56774,52471,46265,6206,4743,1108,355,9,9,0,0,0,0,108,663,354,3169,731
2051,1699693,1081194,1080175,1016659,63516,1019,618499,17460,1,883673,766023,2095,763928,686851,84905,653732,69019,49452,3755,522,23591,94059,997902,830652,758038,72614,55792,9291,7531,22125,19871,1273,269,661,51,2504,21611,10980,110030,731
2052,30989,19321,19321,18209,1112,0,11668,17500,2,13289,10711,0,10711,9817,2201,7467,724,1606,49,0,303,2275,17935,15276,12400,2876,1303,1159,414,436,436,0,0,0,0,79,643,518,983,731
2053,37318,22699,22607,21617,990,92,14619,17540,2,19174,16106,105,16001,14712,2274,12860,1016,1209,120,8,461,2607,21251,19090,17620,1470,1329,92,49,88,88,0,0,0,0,41,421,388,1223,731
2054,36942,23475,20019,18437,1582,3456,13467,17580,2,18535,16176,17,16159,14807,3239,12341,1097,951,159,14,229,2130,21564,20206,17839,2367,1771,444,152,40,40,0,0,0,0,194,415,134,575,731
2055,29180,11855,11800,10921,879,55,17325,17620,2,12835,9193,48,9145,3994,2043,6321,4568,828,538,0,308,3334,10383,9610,9368,242,195,47,0,10,0,0,0,10,0,0,343,10,410,731
2056,21694,8348,8348,7846,502,0,13346,17640,2,9721,7081,93,6988,3050,1715,5017,3767,356,149,8,101,2539,7368,6775,6559,216,159,16,41,0,0,0,0,0,0,77,64,10,442,731
2057,138605,84138,84098,81476,2622,40,54467,17660,1,67002,60232,123,60109,54685,7914,47202,4439,6144,593,129,2121,4649,80056,68109,61697,6412,5168,597,647,439,439,0,0,0,0,368,1158,641,9341,731
2058,24990,14408,14373,13703,670,35,10582,17700,2,12682,10481,11,10470,9298,2260,6900,850,1861,246,7,298,1903,13540,12513,11075,1438,1150,139,149,41,41,0,0,0,0,0,401,122,463,731
2059,35615,20229,20229,19239,990,0,15386,17740,2,16769,13968,55,13913,12673,2225,10363,1068,1607,116,15,465,2336,18889,17266,15054,2212,1581,399,232,40,32,0,8,0,0,60,344,242,937,731
2060,220708,135520,135182,128786,6396,338,85188,17780,1,100184,83798,100,83698,78109,11774,65799,4535,10043,606,54,8314,8072,126690,108752,96191,12561,8711,2219,1631,1472,1464,0,8,0,0,1370,2744,1487,10865,731
2061,598172,407691,374764,353793,20971,32927,190481,17820,1,287411,269468,673,268795,247039,23690,233339,18987,21683,1583,134,4412,13531,380229,309441,274641,34800,25854,5821,3125,1550,1380,86,0,84,0,1500,12803,3996,50939,731
2062,173204,113125,112908,108392,4516,217,60079,17860,1,83744,74364,282,74082,69302,6019,64449,4208,6151,408,11,3728,5652,106776,92253,82403,9850,8083,1134,633,805,762,0,33,10,0,743,4215,713,8047,731
2063,670846,428816,416920,393129,23791,11896,242030,17900,1,328749,288898,406,288492,268503,34414,242506,17034,26384,1877,269,6072,33779,397823,340950,308460,32490,25067,4701,2722,2516,2230,62,48,156,20,360,14664,6639,32694,731
2064,256545,152289,139017,129471,9546,13272,104256,17980,1,124701,103207,268,102939,93951,16922,79469,7640,9212,567,55,3865,17629,139638,122320,110052,12268,8836,1806,1626,1162,1122,0,28,0,12,321,3499,2841,9495,731
2065,65146,42485,42338,40798,1540,147,22661,18020,1,32773,29502,30,29472,27000,4097,23396,1974,2447,268,36,647,2624,40397,34972,31025,3947,2842,821,284,171,171,0,0,0,0,113,476,313,4352,731
2066,46255,26714,25412,23827,1585,1302,19541,18060,2,22651,19218,1,19217,18531,5417,13018,563,1404,67,19,233,3200,24604,22759,21290,1469,1040,255,174,0,0,0,0,0,0,38,304,269,1234,731
2067,26221,18163,18153,17805,348,10,8058,18100,2,13292,11507,42,11465,10088,1360,9128,1221,1193,106,3,332,1453,17594,15665,14133,1532,1146,89,297,10,6,0,0,0,4,37,620,335,927,731
2068,1694984,1148231,1146310,1098127,48183,1921,546753,18140,1,843638,774320,1112,773208,719523,77748,671882,48703,43038,2560,351,14403,54915,1078399,875954,801585,74369,57930,10463,5976,13675,13390,185,0,76,24,2493,21262,10785,154230,731
2069,129022,83689,83459,80423,3036,230,45333,18180,2,59851,54235,214,54021,47736,3869,49150,5833,2022,225,0,1317,4299,78773,66065,59958,6107,4571,1017,519,274,251,23,0,0,0,225,2150,554,9505,731
2070,19064,10870,10870,10377,493,0,8194,18220,2,9672,7971,2,7969,7252,1614,5696,620,711,39,19,228,1473,10093,9494,8476,1018,636,312,70,11,11,0,0,0,0,0,151,107,330,731
2071,94055,55797,55603,53057,2546,194,38258,18260,2,46122,37328,58,37270,31646,3634,32785,5130,1942,218,66,1469,7325,52346,48095,42870,5225,3944,937,344,16,13,0,0,3,0,0,630,245,3360,731
2072,54521,27698,27555,25960,1595,143,26823,18300,2,28075,24527,131,24396,21760,3586,19021,2137,2225,339,22,485,3063,25253,21719,18989,2730,2228,261,241,5,5,0,0,0,0,127,683,868,1851,731
2073,16062,9397,9397,8630,767,0,6665,18380,2,7951,5424,14,5410,5094,731,4227,294,569,17,0,192,2335,8315,7546,6681,865,766,24,75,0,0,0,0,0,0,69,20,137,543,731
2074,27882,15378,15349,14372,977,29,12504,18420,2,13975,10284,55,10229,9268,2466,7146,860,908,39,15,782,2909,14245,13651,12530,1121,851,119,151,10,10,0,0,0,0,0,187,156,241,731
2075,37580,21643,21621,21126,495,22,15937,18460,2,15606,13134,0,13134,12017,2076,10575,920,1524,87,3,277,2195,20660,18584,16059,2525,1662,423,440,0,0,0,0,0,0,0,160,346,1570,731
2076,75864,44996,44987,42149,2838,9,30868,18500,2,39165,33371,152,33219,28821,4192,26903,3809,2699,386,46,764,5030,41256,36207,32768,3439,2394,508,537,166,140,23,0,0,3,200,1461,346,2876,731
2077,330848,202503,200193,189222,10971,2310,128345,18580,1,154042,131132,46,131086,124694,17788,108034,5349,10174,654,52,3376,19534,188768,173303,155984,17319,12905,2548,1866,1967,1837,4,8,70,48,192,2499,2060,8747,731
2078,40870,24260,24210,22860,1350,50,16610,18620,2,18058,14685,42,14643,12170,3565,8620,1587,3417,588,55,193,3180,22195,20465,18030,2435,1950,339,146,6,0,0,0,6,0,0,280,114,1330,731
2079,39204,24641,24605,23285,1320,36,14563,18660,2,18514,15580,56,15524,13320,1701,13274,2015,791,139,20,949,1985,22643,19486,16920,2566,1914,369,283,221,205,16,0,0,0,176,1051,291,1418,731
2080,82621,50013,49981,46601,3380,32,32608,18700,1,37853,35085,80,35005,32143,2780,30700,2648,2310,127,0,1310,1458,45707,31636,28322,3314,2627,403,284,893,865,0,28,0,0,2416,3417,672,6673,731
2081,28934,16525,16515,15505,1010,10,12409,18740,2,14739,11590,50,11540,9997,2048,8250,1266,1538,230,1,290,2859,15264,13085,11059,2026,1325,308,393,16,16,0,0,0,0,283,283,678,919,731
2082,10233,6504,6459,6110,349,45,3729,18780,2,5187,4434,42,4392,3470,685,3004,682,805,230,0,96,657,6062,5597,4469,1128,926,126,76,35,35,0,0,0,0,15,120,36,259,731
2083,30438,19454,19430,18659,771,24,10984,18820,2,15404,13496,54,13442,12657,2457,9830,607,1285,107,19,297,1611,17939,16132,14085,2047,1701,207,139,88,51,0,0,0,37,21,557,53,1088,731
2084,22214,10574,10574,9912,662,0,11640,18860,2,9530,8559,23,8536,7176,1043,6834,1167,866,122,32,257,714,9607,8263,6926,1337,815,342,180,62,62,0,0,0,0,0,504,116,662,731
2085,232677,146350,134101,128945,5156,12249,86327,18880,1,114825,103776,232,103544,94941,10496,89197,7792,6746,361,6,3072,7977,138347,119731,105028,14703,11099,2196,1408,550,468,15,11,0,56,867,2204,1571,13424,731
2086,52487,24052,24041,22676,1365,11,28435,18900,2,26931,22788,114,22674,20219,3035,17936,2016,2361,246,14,812,3331,22039,19670,17585,2085,1613,264,208,53,14,39,0,0,0,26,410,382,1498,731
2087,70954,41231,41229,39440,1789,2,29723,18980,2,33649,28492,52,28440,25619,6566,19148,2272,3628,180,26,492,4665,38671,37180,32947,4233,3028,737,468,20,20,0,0,0,0,0,413,39,1019,731
2088,47574,26622,26566,24889,1677,56,20952,19000,2,23421,17744,73,17671,16158,3185,11941,1035,2845,355,81,1300,4377,23778,21254,19413,1841,1353,300,188,45,45,0,0,0,0,0,718,383,1378,731
2089,79888,40968,40927,38282,2645,41,38920,19060,1,37994,31908,56,31852,28139,4698,25700,3377,1989,208,18,812,5274,37668,33453,30378,3075,2360,299,416,264,260,4,0,0,0,51,1062,208,2630,731
2090,5955096,4118369,4112288,3922203,190085,6081,1836727,19100,1,2759356,2523070,2724,2520346,2390560,316666,2092246,109249,239910,11410,1424,56686,179600,3857340,3192985,2831685,361300,265824,57659,37817,35775,23508,3730,4034,4163,340,5347,47842,48666,526725,731
2091,111357,69464,69445,65301,4144,19,41893,19140,1,50656,43059,85,42974,35459,11515,29896,7170,2604,150,10,1078,6519,64786,61283,54865,6418,5000,686,732,22,5,0,0,17,0,12,405,520,2544,731
2092,58702,32619,32572,30399,2173,47,26083,19180,1,29904,24918,120,24798,22824,6623,16406,1600,2699,174,19,653,4333,29995,26595,24585,2010,1746,149,115,220,220,0,0,0,0,28,544,204,2404,731
2093,44332,24160,24114,22582,1532,46,20172,19220,2,21341,17512,83,17429,16185,3642,11465,924,3060,210,19,329,3500,21724,19326,17445,1881,1501,297,83,92,92,0,0,0,0,0,519,94,1693,731
2094,85116,44973,44892,42400,2492,81,40143,19260,2,43242,32198,122,32076,29164,11394,17824,2243,3131,480,25,1513,9531,41333,37631,34265,3366,2351,442,573,493,491,2,0,0,0,24,585,649,1951,731
2095,189569,111766,111079,107254,3825,687,77803,19300,1,90802,80935,193,80742,75941,15257,60567,3627,10273,566,0,1740,8127,105865,93438,86118,7320,5831,1164,325,98,70,0,0,0,28,170,1279,1246,9634,731
2096,306371,194824,194307,184939,9368,517,111547,19340,1,159072,139359,289,139070,129859,20421,112595,7895,10251,659,125,3838,15875,181349,161401,148851,12550,9246,1977,1327,1504,1440,10,48,0,6,316,4145,1552,12431,731
2097,26860,14179,14179,13057,1122,0,12681,19420,2,12744,11129,12,11117,10397,2594,7502,642,1222,67,0,127,1488,12560,11673,10373,1300,987,204,109,20,20,0,0,0,0,0,194,77,596,731
2098,655207,412747,407874,386337,21537,4873,242460,19430,1,339070,302550,466,302084,277171,36143,255332,22040,19478,1318,181,6684,29836,382331,331246,301566,29680,23427,3675,2578,5245,5169,66,10,0,0,851,8345,2726,33918,731
2099,125125,71802,71758,68928,2830,44,53323,19460,1,60833,48172,93,48079,40790,10015,34601,6265,5000,814,31,2422,10239,67988,63669,58603,5066,4156,601,309,71,60,0,11,0,0,29,574,630,3015,731
2100,82836,48434,48413,44928,3485,21,34402,19500,1,43362,35966,71,35895,31412,7763,26372,4095,2638,136,0,1137,6259,44302,39911,36640,3271,2690,462,119,451,433,15,0,3,0,62,824,335,2719,731
2101,25695,15896,15894,15384,510,2,9799,19540,2,12349,9375,38,9337,8400,1684,6701,688,974,159,43,263,2711,15265,13863,11531,2332,815,256,1261,123,123,0,0,0,0,45,303,83,848,731
2102,30629,19772,19772,18813,959,0,10857,19580,2,15262,13126,52,13074,11510,1146,10952,1352,1269,86,22,330,1806,18548,17228,15770,1458,1123,89,246,7,7,0,0,0,0,9,388,170,746,731
2103,35878,22205,20473,19782,691,1732,13673,19620,2,16643,11897,21,11876,10974,1837,9379,784,1566,68,24,665,4081,21131,19521,17057,2464,1603,531,330,88,27,0,61,0,0,109,385,412,616,731
2104,572997,306071,305339,292851,12488,732,266926,19660,1,280222,243045,412,242633,216142,43511,180037,22357,17537,1305,1798,10525,26652,288804,243142,218108,25034,19412,4184,1438,1663,1383,32,202,0,46,1372,3072,4628,34927,731
2105,19336,8941,8917,8296,621,24,10395,19700,2,8951,6854,19,6835,6490,2593,3762,217,663,85,0,106,1991,8172,7396,6000,1396,730,120,546,15,15,0,0,0,0,8,156,61,536,731
2106,2395879,1717713,1712642,1639639,73003,5071,678166,19740,1,1180016,1099595,1791,1097804,1026073,93256,967983,61804,77705,4660,625,25264,55157,1615508,1208040,1087452,120588,91384,17180,12024,46320,28680,3842,2522,11021,255,12093,33688,17968,297399,731
2107,28370,16144,15810,14535,1275,334,12226,19760,2,13587,11983,32,11951,11065,3395,6512,617,2761,210,2,138,1466,14499,13673,12242,1431,1046,289,96,15,15,0,0,0,0,21,118,195,477,731
2108,556108,394943,393610,377319,16291,1333,161165,19780,1,283928,254556,810,253746,237318,32078,208134,13735,22951,1622,251,8783,20589,371155,311191,282717,28474,21104,4573,2797,2261,2133,76,0,26,26,762,5874,4014,47053,731
2109,3536561,2215137,2213484,2067369,146115,1653,1321424,19820,1,1742543,1558110,2768,1555342,1424279,197362,1306313,116162,95582,7351,1086,36659,147774,2020434,1705750,1548405,157345,118987,21491,16867,23353,22393,309,121,168,362,4012,26504,23246,237569,731
2110,25698,17682,17682,17179,503,0,8016,19860,2,13520,11705,36,11669,10491,1621,9688,1099,920,30,2,422,1393,16946,15237,13681,1556,1054,118,384,128,128,0,0,0,0,7,284,154,1136,731
2111,28296,15854,15854,15303,551,0,12442,19940,2,13669,11448,46,11402,10571,1667,8580,603,1626,183,0,328,1893,15132,13963,12747,1216,821,329,66,103,101,0,0,0,2,25,164,135,742,731
2112,25230,17739,17739,17165,574,0,7491,19980,2,11676,10147,74,10073,9299,2070,7205,618,1002,113,0,143,1386,16893,16202,13737,2465,1325,972,168,0,0,0,0,0,0,26,141,168,356,731
2113,120865,67479,67171,63919,3252,308,53386,20020,1,58620,47466,168,47298,43044,10800,33644,3532,4961,342,5,1565,9589,63145,59523,54528,4995,3809,839,347,45,42,3,0,0,0,60,406,560,2551,731
2114,40036,22364,22277,21315,962,87,17672,20060,2,17957,14229,30,14199,12705,2290,10881,1184,2310,119,14,609,3119,21112,19358,17904,1454,1120,238,96,18,18,0,0,0,0,0,326,978,432,731
2115,145431,89645,87031,81794,5237,2614,55786,20100,1,68705,61391,138,61253,55967,9370,49260,4627,4290,363,35,997,6317,82419,73276,65885,7391,4944,1178,1269,644,594,0,38,12,0,235,2035,959,5270,731
2116,51431,26621,26621,24918,1703,0,24810,20140,2,23398,17692,41,17651,14208,4049,12367,2821,1924,284,72,435,5271,24375,23183,20864,2319,1687,196,436,16,16,0,0,0,0,20,139,217,800,731
2117,66993,37141,37095,34861,2234,46,29852,20180,2,31741,25576,189,25387,21900,3871,19893,3012,1939,308,31,819,5346,34235,30615,27267,3348,2686,393,269,62,62,0,0,0,0,55,843,424,2236,731
2118,79456,53568,53550,51346,2204,18,25888,20220,1,39985,35390,176,35214,32415,3851,27961,2395,4701,195,22,1220,3375,50680,43755,40535,3220,2443,496,281,399,378,21,0,0,0,100,1197,335,4894,731
2119,242567,147495,146874,140396,6478,621,95072,20260,1,123473,106402,559,105843,97025,17101,79932,7078,11606,971,115,3345,13726,138253,118279,106950,11329,8298,1639,1392,1795,1753,29,0,7,6,759,5120,1220,11080,731
2120,15281,9958,9958,9713,245,0,5323,20300,2,6989,5908,38,5870,5185,1471,3861,634,612,0,0,191,890,9653,8974,8141,833,625,111,97,23,1,0,0,0,22,27,358,145,126,731
2121,34428,18533,18515,17605,910,18,15895,20340,2,17032,14000,12,13988,12215,3524,8823,1404,1718,309,5,477,2555,17283,16108,14183,1925,1460,278,187,0,0,0,0,0,0,56,217,193,709,731
2122,46877,30220,30198,29235,963,22,16657,20420,2,22691,19373,34,19339,16923,2921,14260,1998,2548,213,44,1022,2296,28762,21912,19473,2439,1755,375,309,187,173,0,14,0,0,692,1176,270,4525,731
2123,36911,21549,21525,20502,1023,24,15362,20460,2,17941,13933,7,13926,12534,4005,8257,936,2350,334,20,982,3026,19983,18257,16287,1970,1350,419,201,0,0,0,0,0,0,66,381,179,1100,731
2124,534513,339322,338719,325069,13650,603,195191,20500,1,259778,234584,260,234324,216885,24527,201303,15143,16527,824,204,7241,17953,317815,241160,217432,23728,17235,3881,2612,7438,7314,29,10,57,28,1905,7528,4543,55241,731
2125,28929,16745,16719,15967,752,26,12184,20540,2,14640,12455,12,12443,11414,3292,8456,906,892,77,21,261,1924,15817,14917,13757,1160,959,79,122,0,0,0,0,0,0,10,74,200,616,731
2126,41892,24453,24433,22689,1744,20,17439,20580,2,17901,13234,0,13234,10753,2610,10427,2332,598,71,0,137,4530,22296,20465,17708,2757,2047,507,203,36,36,0,0,0,0,81,322,324,1068,731
2127,31651,17654,17615,17056,559,39,13997,20660,2,16270,14358,28,14330,12512,1723,11531,1522,1429,167,36,252,1660,16883,13542,12228,1314,979,179,156,117,84,0,0,19,14,177,479,192,2376,731
2128,139579,84535,84496,79168,5328,39,55044,20700,1,59113,53847,180,53667,47980,4558,46960,4998,4379,184,73,949,4317,77614,65747,57215,8532,6950,1004,578,2707,2494,195,9,9,0,0,1134,1036,6990,731
2129,140565,94063,93994,91031,2963,69,46502,20740,1,68807,61348,204,61144,55130,8411,49761,5168,4432,516,79,1265,6194,89292,76354,69866,6488,5201,745,542,565,537,2,2,7,17,568,2251,743,8811,731
2130,45585,33682,33618,32146,1472,64,11903,20780,2,20084,19109,24,19085,17904,3120,15355,959,1668,28,0,223,752,31408,24483,21600,2883,2179,196,508,1175,1175,0,0,0,0,243,1212,334,3961,731
2131,27184,18042,18039,17595,444,3,9142,20820,2,14098,12478,74,12404,11275,1623,9980,976,1247,48,66,321,1299,17381,14895,13877,1018,677,205,136,70,70,0,0,0,0,14,432,165,1805,731
2132,32258,19254,19254,18162,1092,0,13004,20900,2,15148,12285,88,12197,10797,4425,6164,1065,2195,282,29,297,2566,17908,16570,14894,1676,1241,172,263,20,20,0,0,0,0,36,386,260,636,731
2133,133938,70112,69742,60537,9205,370,63826,20940,1,47024,41159,54,41105,39388,7258,31660,1399,4506,148,23,1043,4822,59335,52392,47220,5172,3381,860,931,417,417,0,0,0,0,149,1755,1126,3496,731
2134,30706,16863,16863,16232,631,0,13843,20980,2,14940,11473,38,11435,10015,2754,7553,1191,1635,151,21,655,2812,15967,14748,13672,1076,767,141,168,29,29,0,0,0,0,0,282,65,843,731
2135,43481,25008,24302,22937,1365,706,18473,21020,2,20990,17997,39,17958,16414,2663,14241,1310,1533,100,28,654,2339,23406,20833,18324,2509,1750,433,326,19,19,0,0,0,0,4,571,387,1592,731
2136,122978,75836,71442,67196,4246,4394,47142,21060,1,59159,50754,212,50542,45182,6032,42697,4863,3362,341,15,2220,6185,70030,62911,56320,6591,5448,657,486,212,194,0,10,0,8,149,1471,810,4477,731
2137,17707,9127,9127,8565,562,0,8580,21120,2,8013,6971,0,6971,6516,2087,4450,412,925,35,0,216,826,8281,7237,6283,954,853,18,83,277,277,0,0,0,0,0,333,178,256,731
2138,156775,102793,102777,98862,3915,16,53982,21140,1,71751,62621,163,62458,57697,10419,48809,4051,4393,261,118,1481,7649,97136,88104,72667,15437,11814,2096,1527,206,167,0,0,0,39,1295,1952,857,4722,731
2139,23459,11486,11458,10621,837,28,11973,21180,2,10362,7865,7,7858,6922,851,6375,665,917,115,0,193,2304,10436,9151,8483,668,629,21,18,26,26,0,0,0,0,18,310,444,487,731
2140,42404,28210,28164,26854,1310,46,14194,21220,2,19602,17293,50,17243,16081,3631,11708,888,2704,117,26,434,1875,26485,21482,17375,4107,1676,884,1547,2515,2431,0,84,0,0,34,845,357,1252,731
2141,37634,23515,23480,22089,1391,35,14119,21260,2,19250,17137,57,17080,15533,1920,13780,1361,1442,131,13,982,1131,21580,17145,15789,1356,837,319,200,173,144,0,0,0,29,178,1257,340,2487,731
2142,68248,39211,39143,36664,2479,68,29037,21300,1,34779,29587,54,29533,25126,3486,24615,3972,1793,257,32,1092,4100,35625,31504,28788,2716,2092,513,111,444,399,45,0,0,0,97,874,616,2090,731
2143,663587,414766,396281,369286,26995,18485,248821,21340,1,293470,253656,408,253248,236955,40687,200437,14424,24348,1003,143,8248,31566,378612,336408,295078,41330,28939,7702,4689,3532,3356,29,131,16,0,465,5343,7565,25299,731
2144,27909,18785,18678,18185,493,107,9124,21380,2,14288,12332,14,12318,11586,2913,8464,636,1113,82,0,462,1494,17383,15590,13549,2041,1808,135,98,35,35,0,0,0,0,76,704,150,828,731
2145,48053,30673,29419,28071,1348,1254,17380,21420,1,23815,20275,20,20255,18090,3214,15356,1897,2349,205,4,718,2822,28409,26319,22210,4109,3206,393,510,72,71,0,0,0,1,119,366,276,1257,731
2146,42478,24401,22899,21804,1095,1502,18077,21460,2,20363,17350,69,17281,15869,2994,13226,1121,1745,125,2,506,2507,22669,21455,19406,2049,1471,263,315,10,4,0,0,0,6,77,123,308,696,731
2147,220536,131780,131589,124388,7201,191,88756,21500,1,109474,94773,434,94339,84119,13741,77864,9254,4912,285,86,2662,12039,122518,106091,94171,11920,9084,2013,823,1720,1720,0,0,0,0,431,3849,1751,8676,731
2148,30770,15917,15917,15097,820,0,14853,21540,2,15851,13298,29,13269,11511,2227,9757,1374,1619,272,33,520,2033,14790,13306,11899,1407,968,236,203,94,94,0,0,0,0,89,384,160,757,731
2149,32295,16558,16535,15542,993,23,15737,21580,2,14076,9390,23,9367,6556,1158,5832,974,2523,1144,88,409,4277,15331,13413,12116,1297,959,137,201,105,105,0,0,0,0,0,380,222,1211,731
2150,22356,9654,9654,8977,677,0,12702,21640,2,9974,6684,0,6684,6049,1933,3912,518,1084,95,10,678,2612,8866,8226,7311,915,695,125,95,11,11,0,0,0,0,11,204,72,342,731
2151,322293,195017,194698,181673,13025,319,127276,21660,1,158621,144439,445,143994,131866,15875,120277,10413,10345,1144,54,4967,9215,178879,137994,121422,16572,13049,2417,1106,3710,3645,0,16,30,19,5386,7545,2112,22132,731
2152,113440,66837,66645,60483,6162,192,46603,21700,2,54495,48469,91,48378,42145,6267,38002,5173,4322,775,112,797,5229,58327,46838,40486,6352,5115,691,546,714,691,23,0,0,0,476,3106,811,6382,731
2153,15484,9910,9901,9562,339,9,5574,21740,2,7586,6939,0,6939,6260,752,5145,494,1319,83,5,202,445,9468,8588,7545,1043,746,168,129,124,124,0,0,0,0,10,248,39,459,731
2154,253028,159492,159412,152808,6604,80,93536,21780,1,129861,114776,114,114662,103219,17871,90665,10282,8779,550,48,3067,12018,150365,135964,124080,11884,8872,1852,1160,920,895,0,0,24,1,404,3352,1333,8392,731
2155,75407,52077,44536,42078,2458,7541,23330,21820,1,35824,32244,198,32046,28970,6673,23917,3044,1888,11,0,1069,2511,48184,41277,34862,6415,5064,826,525,467,452,0,15,0,0,370,2404,734,2932,731
2156,13431,8016,8016,7598,418,0,5415,21840,2,6826,5801,80,5721,5132,895,4374,474,644,67,11,271,754,7486,5704,5087,617,531,67,19,40,40,0,0,0,0,52,454,88,1148,731
2157,15996,10439,10430,9889,541,9,5557,21860,2,8870,7581,38,7543,6602,1185,5636,775,873,96,11,250,1039,9657,8454,7876,578,408,91,79,20,20,0,0,0,0,15,319,81,768,731
2158,46213,27182,27144,25410,1734,38,19031,21900,2,23083,20134,22,20112,17699,2477,16738,2173,1202,194,15,531,2418,24828,21892,19448,2444,2103,180,161,102,96,6,0,0,0,2,740,294,1798,731
2159,20312,12694,11518,10794,724,1176,7618,21980,2,9595,8629,16,8613,7914,809,7442,598,527,37,0,103,863,11611,10256,9437,819,620,177,22,108,93,0,0,0,15,120,448,91,588,731
2160,199602,149047,148324,143705,4619,723,50555,22020,1,105017,92849,173,92676,86435,11511,77893,5510,6330,368,66,5165,7003,141468,122923,112498,10425,7210,2105,1110,1140,1027,36,37,0,40,512,3825,2094,10974,731
2161,54428,34947,34886,33026,1860,61,19481,22060,2,23265,21068,58,21010,19446,3107,16657,1319,1573,170,5,462,1735,32398,25532,22764,2768,1851,664,253,129,129,0,0,0,0,146,1755,483,4353,731
2162,54479,28184,28172,26816,1356,12,26295,22100,2,23973,20314,46,20268,19004,3782,14704,950,2379,191,19,466,3193,26358,24183,21096,3087,2359,540,188,52,52,0,0,0,0,0,307,403,1413,731
2163,94507,50127,50118,45652,4466,9,44380,22140,1,41049,27676,57,27619,22687,4217,21032,4009,3293,555,106,3522,9851,44516,40888,37136,3752,2674,694,384,93,93,0,0,0,0,61,1130,209,2135,731
2164,403717,252661,213610,198519,15091,39051,151056,22180,1,193096,167386,276,167110,150374,18156,143727,14778,10661,751,170,6648,19062,233135,208114,185195,22919,17694,3275,1950,904,854,31,0,9,10,174,7906,3025,13012,731
2165,429809,281118,280918,270957,9961,200,148691,22220,1,204195,181760,270,181490,171000,25066,146952,9016,12439,857,107,5179,17256,268013,230732,205246,25486,18284,4234,2968,894,739,53,0,0,102,931,3823,1613,30020,731
2166,48511,29811,29781,28208,1573,30,18700,22260,2,24910,21003,163,20840,18391,3416,16236,2245,1475,116,22,711,3196,27776,23278,20858,2420,1759,415,246,261,254,0,0,4,3,124,949,397,2767,731
2167,48313,28476,28248,26227,2021,228,19837,22280,2,23290,20872,39,20833,18672,3468,15444,1741,2800,184,48,466,1952,25834,23151,20132,3019,2336,416,267,266,252,0,0,12,2,29,386,176,1826,731
2168,60575,39072,39028,37600,1428,44,21503,22300,2,31343,27979,55,27924,25468,2685,23415,2179,2464,221,16,649,2715,36806,33105,30393,2712,2030,337,345,107,107,0,0,0,0,102,665,339,2488,731
2169,13540,7498,7459,7089,370,39,6042,22340,2,7126,4667,0,4667,3894,702,3548,488,946,118,0,634,1825,7099,6776,5980,796,666,86,44,56,56,0,0,0,0,0,16,48,203,731
2170,119178,73103,73048,67955,5093,55,46075,22380,1,51993,42872,123,42749,37694,5015,33243,3634,4514,971,194,1855,7266,66342,52052,44749,7303,5579,981,743,1241,1119,0,56,0,66,1058,4967,753,6271,731
2171,325844,189600,189531,173444,16087,69,136244,22420,1,166060,142899,297,142602,121897,17164,121068,19198,7203,687,32,4495,18666,170085,152262,136782,15480,12802,1517,1161,2110,2097,0,0,0,13,142,1697,1260,12614,731
2172,159448,91614,91028,86345,4683,586,67834,22500,1,77266,58325,178,58147,47614,10688,41637,7417,7591,2901,0,3517,15424,85563,77568,70190,7378,5572,1152,654,118,115,0,3,0,0,113,843,1262,5659,731
2173,124425,71722,71598,69063,2535,124,52703,22520,1,61503,48527,133,48394,43063,11364,33526,4516,5216,561,15,2317,10659,68153,63331,57227,6104,5141,598,365,31,30,0,0,0,1,30,717,529,3515,731
2174,84828,55260,55249,53417,1832,11,29568,22540,1,42368,36956,149,36807,33324,5270,28059,2983,3969,301,34,1160,4252,52489,46306,42129,4177,2891,1000,286,115,104,5,2,0,4,250,1450,576,3792,731
2175,53299,28408,28408,26708,1700,0,24891,22580,2,26273,21201,59,21142,18963,4560,13904,1599,3223,356,70,591,4481,26021,23762,20656,3106,2381,373,352,17,17,0,0,0,0,26,316,455,1445,731
2176,18708,8550,8510,7948,562,40,10158,22620,2,8102,6036,0,6036,4830,1711,3674,905,765,289,0,290,1776,7810,7335,6648,687,549,115,23,12,12,0,0,0,0,0,172,92,199,731
2177,299918,201773,200993,191817,9176,780,98145,22660,1,148851,137395,378,137017,126822,9763,119900,8691,12266,982,109,5185,6271,189742,142573,131006,11567,8748,2016,803,1916,1882,0,0,0,34,4743,5684,1784,33042,731
2178,30344,18366,18333,17742,591,33,11978,22700,2,15582,12905,103,12802,11739,2751,9399,926,940,19,17,714,1963,17470,15770,14486,1284,856,283,145,42,13,0,0,0,29,38,604,291,725,731
2179,43044,29390,19391,18477,914,9999,13654,22780,2,15653,13025,25,13000,11708,1761,10373,1201,1353,53,16,916,1712,26813,19057,17196,1861,1621,158,82,63,63,0,0,0,0,61,6204,250,1178,731
2180,46577,27390,27332,26090,1242,58,19187,22800,2,24056,19745,129,19616,17206,3598,14197,2026,1746,217,57,611,3700,25811,23138,21373,1765,1350,276,139,130,130,0,0,0,0,127,599,141,1676,731
2181,22251,14335,14335,13810,525,0,7916,22820,2,10872,9836,29,9807,9009,1871,6982,625,1197,123,12,164,872,13360,11897,10198,1699,1360,261,78,0,0,0,0,0,0,13,389,98,963,731
2182,56883,32124,32085,30827,1258,39,24759,22840,2,25690,21304,18,21286,19884,5077,14900,1058,1924,229,44,557,3829,30290,28581,24878,3703,2766,465,472,31,31,0,0,0,0,8,379,135,1156,731
2183,37314,22327,16912,15879,1033,5415,14987,22860,2,17726,15229,52,15177,13886,3953,9561,1003,2686,210,7,240,2257,20966,18742,16980,1762,1298,202,262,38,16,0,0,0,22,23,763,424,976,731
2184,194048,110729,110005,104252,5753,724,83319,22900,1,96258,77830,213,77617,71000,13489,59039,5296,7273,788,20,2373,16055,103049,95104,85861,9243,6879,1518,846,216,149,0,0,0,67,89,1202,1288,5150,731
2185,326290,217568,217342,207001,10341,226,108722,23060,1,165703,148351,359,147992,137185,22102,120841,9905,8267,354,101,3299,14053,203404,181992,164522,17470,12455,2886,2129,1544,1476,0,0,0,68,612,2829,1606,14821,731
2186,25142,16092,16075,15524,551,17,9050,23140,2,12382,10205,32,10173,9151,3456,5946,930,991,71,0,259,1918,15322,13942,12457,1485,1172,202,111,0,0,0,0,0,0,43,222,224,891,731
2187,61027,37522,37474,35620,1854,48,23505,23180,2,31733,26798,27,26771,24772,5516,19245,1726,2686,180,8,1827,3108,35154,30364,27136,3228,2403,478,347,289,289,0,0,0,0,0,525,302,3674,731
2188,22330,12850,12850,12396,454,0,9480,23240,2,11035,9587,45,9542,8577,1769,6100,693,1724,226,17,274,1174,12087,10454,8970,1484,1084,245,155,49,24,0,0,25,0,0,405,47,1132,731
2189,36267,21524,21359,20221,1138,165,14743,23300,2,19337,16399,122,16277,14356,2452,12546,1612,1663,197,17,524,2414,20106,17195,15487,1708,1456,204,48,158,146,12,0,0,0,90,577,266,1820,731
2190,29121,18917,18861,18088,773,56,10204,23340,2,14624,12691,141,12550,11126,1723,9952,1301,1118,60,21,367,1566,17862,16512,14974,1538,1215,197,126,3,0,0,0,0,3,172,295,235,645,731
2191,47840,29129,29119,27732,1387,10,18711,23380,2,24038,20868,119,20749,18586,3586,15515,1786,2183,314,15,585,2585,27071,25524,23435,2089,1648,226,215,65,65,0,0,0,0,80,286,301,815,731
2192,757385,464635,463342,423399,39943,1293,292750,23420,1,318322,272175,545,271630,251566,39870,217276,16545,27162,1781,472,9628,36519,411511,360440,312282,48158,30930,8486,8742,3531,3371,87,9,30,34,1848,6174,5714,33804,731
2193,83569,47374,47355,44508,2847,19,36195,23460,1,38791,32412,6,32406,29869,6784,23158,2106,3801,219,10,1080,5299,43715,41626,38498,3128,2447,310,371,50,6,0,0,3,41,0,388,313,1338,731
2194,44860,25818,25737,24212,1525,81,19042,23500,2,21288,15780,18,15762,14584,3014,11618,961,1731,122,0,1030,4478,23919,22265,20056,2209,1860,178,171,11,11,0,0,0,0,0,170,331,1142,731
2195,285867,166314,166205,158053,8152,109,119553,23540,1,133312,114161,278,113883,106303,12593,93616,6302,10790,809,209,7102,12049,154744,126778,112048,14730,12048,1266,1416,3860,3844,2,0,0,14,2569,3526,2456,15555,731
2196,160778,102694,102542,98562,3980,152,58084,23580,1,69387,63929,42,63887,61111,9317,51893,2258,5704,145,29,822,4636,97489,85579,72989,12590,8134,2156,2300,621,554,67,0,0,0,20,1007,1803,8459,731
2197,33207,20861,20861,20047,814,0,12346,23620,2,16196,12804,11,12793,11612,2550,8877,966,1925,130,61,623,2769,19886,17817,15621,2196,1799,160,237,74,12,15,0,0,47,57,303,327,1308,731
2198,40852,21815,21787,20717,1070,28,19037,23660,2,20734,16491,77,16414,14518,3264,12350,1473,1184,228,14,1057,3186,20421,18508,16425,2083,1566,400,117,108,107,0,0,0,1,26,627,173,979,731
2199,54407,26411,26265,23731,2534,146,27996,23700,2,20913,11110,161,10949,8738,4043,6179,1746,1146,372,0,1263,8540,23701,20172,18219,1953,1562,300,91,343,286,0,57,0,0,21,639,69,2457,731
2200,31014,21523,21485,20389,1096,38,9491,23780,2,14373,12378,8,12370,11487,2591,9340,674,1134,47,0,276,1719,20041,18919,16170,2749,1886,368,495,63,63,0,0,0,0,19,173,95,772,731
2201,43031,22451,22369,21681,688,82,20580,23820,2,21001,19495,25,19470,17010,1513,17117,2154,1661,65,28,152,1354,21142,17745,15655,2090,1775,196,119,30,30,0,0,0,0,145,444,578,2200,731
2202,53711,27451,27440,26060,1380,11,26260,23860,2,26029,21330,30,21300,19813,2322,17479,1316,1976,93,11,792,3907,25553,22189,19521,2668,2039,393,236,148,148,0,0,0,0,14,468,417,2317,731
2203,86478,53879,53817,51985,1832,62,32599,23900,1,40006,35511,378,35133,31811,4162,29298,2891,2077,86,54,638,3857,50568,43881,39984,3897,2628,985,284,113,76,0,37,0,0,198,1764,297,4315,731
2204,46869,31903,31684,30774,910,219,14966,23940,2,22902,20668,9,20659,19146,3830,14141,1140,3313,319,9,509,1725,30237,27245,23452,3793,2802,622,369,452,452,0,0,0,0,110,533,196,1701,731
2205,43656,24240,24229,23045,1184,11,19416,23980,2,21752,18298,71,18227,14305,2395,15401,3727,821,112,0,602,2852,22543,20444,17805,2639,2270,118,251,64,58,6,0,0,0,0,309,317,1409,731
2206,106979,63674,63446,60501,2945,228,43305,24020,1,54017,46745,214,46531,38984,5064,38089,6231,4245,1049,29,958,6314,59342,52120,47283,4837,3963,549,325,337,275,32,21,0,9,162,1613,784,4326,731
2207,63091,45886,45875,44541,1334,11,17205,24060,2,30504,27777,47,27730,24814,3456,21390,2195,4225,440,59,672,2055,43546,32557,26906,5651,4107,1002,542,2398,2381,15,0,0,2,1526,1969,515,4581,731
2208,43937,25467,25421,24326,1095,46,18470,24100,2,22103,18737,165,18572,13446,1271,16739,4755,873,173,65,469,2897,23844,21615,19582,2033,1782,233,18,116,116,0,0,0,0,44,498,276,1295,731
2209,93010,56605,53084,50428,2656,3521,36405,24140,1,46949,40809,14,40795,37795,6095,32779,2596,3036,210,37,599,5541,52846,49782,43212,6570,4828,1149,593,231,231,0,0,0,0,77,453,309,1994,731
2210,51052,28185,28179,26540,1639,6,22867,24180,2,24734,22327,17,22310,20732,3720,16510,1192,3668,169,67,796,1611,26263,23134,21054,2080,1652,165,263,0,0,0,0,0,0,0,279,222,2628,731
2211,83715,58112,56814,54883,1931,1298,25603,24220,1,43207,37375,29,37346,34459,4599,31025,2523,2237,281,6,2161,3671,54780,48134,43722,4412,3071,792,549,657,623,17,0,0,17,194,2407,547,2841,731
2212,58584,39526,39494,38401,1093,32,19058,24260,1,29745,25602,123,25479,22590,4378,18757,2283,2925,284,221,904,3239,37624,35130,31294,3836,2737,773,326,146,146,0,0,0,0,45,582,442,1279,731
2213,127308,78406,78359,74204,4155,47,48902,24300,1,63098,56968,203,56765,51516,6015,47169,4565,4599,464,25,1265,4865,72651,59453,53931,5522,4218,726,578,542,478,24,0,0,40,991,1412,1564,8689,731
2214,36952,20490,20470,19200,1270,20,16462,24330,2,18121,15425,95,15330,13353,2123,12362,1722,1210,133,6,503,2193,18780,16390,14308,2082,1517,385,180,184,184,0,0,0,0,75,344,334,1453,731
2215,862785,580538,580065,554991,25074,473,282247,24340,1,407805,364628,798,363830,335588,47648,300911,24647,24044,1890,232,9543,33634,545270,468714,423550,45164,34474,6599,4091,6445,6257,93,47,10,38,1989,12009,4250,51863,731
2216,21350,9624,9609,8912,697,15,11726,24380,2,8124,5514,5,5509,3483,1061,3137,1265,1595,698,27,301,2309,8842,7676,6761,915,679,187,49,84,84,0,0,0,0,0,161,181,740,731
2217,73292,36454,36420,33481,2939,34,36838,24420,1,36210,31887,140,31747,27921,4231,23776,2838,4393,643,61,1090,3233,32841,27795,24295,3500,2882,376,242,122,108,0,14,0,0,214,711,449,3550,731
2218,20101,12941,12928,12396,532,13,7160,24460,2,10055,8439,12,8427,7625,1218,6668,640,828,112,7,193,1423,12256,10855,10035,820,399,113,308,0,0,0,0,0,0,12,404,51,934,731
2219,67618,42441,39599,38310,1289,2842,25177,24500,1,34577,29382,100,29282,26449,3298,24441,2449,2180,197,33,751,4444,40313,35995,32129,3866,2708,392,766,374,367,0,7,0,0,219,826,369,2530,731
2220,255302,177726,177543,168820,8723,183,77576,24540,1,115536,105489,146,105343,98642,10728,86799,5419,13036,733,63,2211,7836,166155,141863,124983,16880,11455,3243,2182,631,626,0,2,3,0,334,2852,1653,18822,731
2221,262666,176571,176559,171733,4826,12,86095,24580,1,133681,119039,483,118556,108457,15232,96836,8678,10222,735,118,2951,11691,168896,148399,135114,13285,10026,2080,1179,810,807,0,0,0,3,248,2931,1307,15201,731
2222,58501,30939,30925,29264,1661,14,27562,24620,2,27777,21438,137,21301,18501,4523,15894,2642,1162,93,9,1147,5192,28512,26347,24158,2189,1705,353,131,22,11,0,11,0,0,16,294,310,1523,731
2223,626290,390873,390152,370219,19933,721,235417,24660,1,307429,263694,264,263430,242192,30346,225318,18496,17098,1051,248,8797,34938,362024,314918,281970,32948,24981,4984,2983,3706,3587,76,27,0,16,514,5679,4925,32282,731
2224,20761,13803,13755,13324,431,48,6958,24700,2,10301,8897,12,8885,8276,1795,5991,456,1158,51,20,152,1252,13135,11696,10610,1086,939,125,22,7,7,0,0,0,0,0,368,84,980,731
2225,34675,18330,18269,16531,1738,61,16345,24740,2,17290,9884,7,9877,8462,2768,6333,1202,959,103,61,3055,4351,16403,15343,13972,1371,1097,174,100,107,107,0,0,0,0,13,344,127,469,731
2226,139169,87968,87390,80853,6537,578,51201,24780,1,72153,61772,74,61698,57493,14505,45222,3451,2726,285,164,2624,7757,80221,69862,62584,7278,5960,776,542,607,607,0,0,0,0,60,1721,654,7317,731
2227,40971,25291,25246,24579,667,45,15680,24820,2,21026,17711,185,17526,15408,2986,12971,1883,1708,123,23,314,3001,24358,22173,19672,2501,2021,347,133,49,49,0,0,0,0,17,464,367,1288,731
2228,749432,466246,465436,444486,20950,810,283186,24860,1,366748,321025,404,320621,292171,44131,263154,24486,26571,1849,104,8170,37553,435936,381611,344541,37070,28292,5572,3206,1648,1485,37,38,0,88,766,6275,6783,38853,731
2229,29477,15611,15577,13965,1612,34,13866,24900,2,13693,7819,19,7800,6291,1857,4893,801,1454,483,10,1138,4736,13765,13018,11649,1369,1019,289,61,0,0,0,0,0,0,0,144,44,559,731
2230,55529,31137,31091,29395,1696,46,24392,24940,2,27640,21801,21,21780,20258,3622,17373,1253,1995,113,30,987,4852,28878,27466,24762,2704,2097,216,391,64,64,0,0,0,0,7,337,211,793,731
2231,17123,9432,9432,9044,388,0,7691,24980,2,8434,6424,5,6419,5808,1514,4343,345,1062,139,0,173,1837,8902,8600,8000,600,518,82,0,0,0,0,0,0,0,0,33,147,122,731
2232,57505,19420,19400,17577,1823,20,38085,25020,1,26869,20054,83,19971,19121,8539,9890,776,1480,50,24,345,6470,16879,15866,14365,1501,978,368,155,114,78,0,0,36,0,0,450,104,345,731
2233,332733,198956,191980,176549,15431,6976,133777,25060,1,161467,138154,186,137968,127996,23169,106462,8466,15378,740,85,3855,19458,180061,163913,148143,15770,12428,1953,1389,262,185,22,5,0,50,193,3516,2497,9680,731
2234,15907,10550,10550,10267,283,0,5357,25100,2,6865,5989,0,5989,5653,1186,4621,321,307,0,0,231,645,10085,9349,7998,1351,1177,52,122,74,73,1,0,0,0,3,236,94,329,731
2235,237874,148419,147822,140672,7150,597,89455,25180,1,114632,99852,246,99606,90791,12415,82607,7813,6720,510,119,2030,12750,138856,121691,109154,12537,10075,1657,805,1248,964,41,221,0,22,259,1704,1575,12379,731
2236,20747,14465,14465,14113,352,0,6282,25200,2,9621,9011,0,9011,6536,894,7681,2345,712,130,0,24,586,13733,10739,9724,1015,773,174,68,161,161,0,0,0,0,391,323,275,1844,731
2237,105405,60989,60836,57432,3404,153,44416,25220,1,48658,41253,9,41244,38965,6369,32264,1748,3880,324,66,335,7070,56297,51694,46396,5298,4353,478,467,158,69,89,0,0,0,8,709,672,3056,731
2238,115794,63820,58267,52915,5352,5553,51974,25260,1,43594,37833,36,37797,32040,4157,31242,5336,4116,252,28,909,4852,56893,52353,44555,7798,4643,1670,1485,234,142,41,34,0,17,234,828,687,2557,731
2239,31201,18584,18584,17932,652,0,12617,25300,2,15309,13140,64,13076,11751,1415,11067,1206,893,86,8,373,1796,17653,15761,14097,1664,1150,414,100,18,18,0,0,0,0,0,537,229,1108,731
2240,481419,311047,309812,297517,12295,1235,170372,25420,1,240026,212410,707,211703,192335,23004,183477,17916,8690,516,66,5241,22375,292938,239625,218465,21160,16250,2862,2048,2724,2408,210,63,43,0,913,9441,4355,35880,731
2241,36055,20001,19989,19122,867,12,16054,25460,2,18077,15239,90,15149,13628,3439,10678,1351,1073,74,0,339,2499,18635,16383,14808,1575,1181,266,128,4,4,0,0,0,0,11,369,105,1763,731
2242,112124,69721,69551,66556,2995,170,42403,25500,1,48754,40540,82,40458,37290,6236,30751,2626,3447,296,82,2332,5882,64921,56103,49307,6796,4957,819,1020,431,414,10,0,7,0,529,2793,469,4596,731
2243,1001897,662944,661802,625902,35900,1142,338953,25540,1,484037,435012,837,434175,391378,48400,377522,39587,16663,1663,179,11913,37112,612625,498980,456381,42599,34220,4992,3387,14156,12928,343,453,23,409,1043,12821,5722,79903,731
2244,24341,15970,15970,15546,424,0,8371,25580,2,12717,11024,57,10967,9372,1106,8995,1252,1319,194,12,348,1345,15172,13828,12670,1158,652,263,243,3,3,0,0,0,0,18,455,174,694,731
2245,136574,83666,82643,77217,5426,1023,52908,25620,1,65663,53847,145,53702,45484,12945,35379,6175,7096,1652,90,1414,10402,76354,69812,63558,6254,4802,907,545,357,339,3,0,0,15,129,904,3280,1872,731
2246,23473,17295,17286,16719,567,9,6178,25700,2,11958,10744,0,10744,10025,1057,9405,668,632,39,3,334,880,16473,14304,12975,1329,831,398,100,3,3,0,0,0,0,10,1048,171,937,731
2247,59722,41185,41114,40167,947,71,18537,25720,2,25062,23762,116,23646,22318,1756,19262,986,3581,292,10,398,902,39644,30302,26849,3453,2599,451,403,588,546,0,2,0,40,99,604,702,7349,731
2248,67984,43504,43225,41738,1487,279,24480,25740,2,34962,30636,95,30541,27355,3141,24049,2707,3884,356,35,1048,3278,41377,33801,29084,4717,3392,811,514,142,142,0,0,0,0,342,1764,538,4790,731
2249,12480,6569,6522,5654,868,47,5911,25760,2,6180,4704,0,4704,4276,1360,2924,381,753,35,0,117,1359,5529,5074,4409,665,452,112,101,21,21,0,0,0,0,3,131,53,247,731
2250,33719,19537,19537,18177,1360,0,14182,25780,2,16123,12954,68,12886,11355,1957,10211,1124,1120,175,29,324,2845,17668,15751,14141,1610,1131,391,88,3,3,0,0,0,0,0,240,177,1497,731
2251,13450,8613,8613,8428,185,0,4837,25820,2,6022,4828,1,4827,3900,1350,3230,896,393,27,2,129,1065,8286,7658,6423,1235,624,341,270,57,57,0,0,0,0,0,42,288,241,731
2252,71702,41769,41743,39120,2623,26,29933,25840,2,31623,26586,99,26487,23514,3340,20310,2405,3895,451,3,1413,3624,38210,34564,30640,3924,2766,673,485,225,225,0,0,0,0,124,999,387,1911,731
2253,301309,178449,178326,168476,9850,123,122860,25860,1,145518,122086,157,121929,110905,17712,98195,9454,8951,962,113,2965,20467,164225,151048,135851,15197,12189,1950,1058,277,158,119,0,0,0,120,1330,2347,9103,731
2254,37133,21116,21106,20175,931,10,16017,25880,2,17606,14502,60,14442,12875,3006,9900,1275,1786,174,16,450,2654,19694,16800,15168,1632,1217,339,76,81,81,0,0,0,0,95,831,209,1678,731
2255,163829,96264,95842,89643,6199,422,67565,25900,2,72468,63033,227,62806,57131,8203,51161,4883,4745,531,42,1613,7822,87270,74042,60292,13750,9730,1947,2073,700,695,0,5,0,0,238,1757,1496,9037,731
2256,184128,101477,95029,91682,3347,6448,82651,25940,1,87908,78143,85,78058,73052,7266,68241,4058,7852,246,95,3252,6513,96625,83076,73753,9323,6864,1299,1160,679,445,26,0,0,208,354,1758,986,9772,731
2257,61758,40510,33139,30558,2581,7371,21248,25980,1,28522,25754,39,25715,23408,3351,21412,1882,1751,220,6,545,2223,37072,33524,29441,4083,3342,667,74,93,26,0,14,0,53,128,694,619,2014,731
2258,53500,33354,33272,30803,2469,82,20146,26020,2,24379,20161,19,20142,19018,3280,15628,763,2687,149,43,697,3521,30122,28441,23631,4810,2496,744,1570,40,40,0,0,0,0,10,373,254,1004,731
2259,95266,59094,59038,57047,1991,56,36172,26090,2,44621,39608,99,39509,36794,13518,22221,2199,3924,335,41,620,4393,56188,50130,45721,4409,3695,487,227,158,46,89,3,0,20,99,910,751,4140,731
2260,135149,53190,53142,49315,3827,48,81959,26140,1,67551,59714,245,59469,51898,7054,49473,6683,3927,436,78,1581,6256,48459,41719,37586,4133,3113,726,294,59,46,13,0,0,0,107,372,883,5319,731
2261,19184,13312,13297,12855,442,15,5872,26220,2,9039,8062,0,8062,7553,805,6673,383,1010,69,24,312,665,12605,9324,7723,1601,1020,296,285,88,88,0,0,0,0,152,922,151,1968,731
2262,22063,11476,11476,10856,620,0,10587,26260,2,10509,7837,2,7835,6730,3041,3876,604,1212,202,14,294,2378,10743,10441,9144,1297,973,99,225,87,87,0,0,0,0,1,61,20,133,731
2263,82799,44841,44837,42296,2541,4,37958,26300,1,43220,35547,14,35533,31312,6129,26406,3721,4500,326,29,1027,6646,41090,37381,32891,4490,3715,451,324,137,137,0,0,0,0,1,654,676,2241,731
2264,32723,18771,18732,17589,1143,39,13952,26340,2,15238,12929,43,12886,11339,1729,9907,1274,1376,191,26,479,1830,17149,12966,11252,1714,1360,242,112,373,369,0,0,0,4,219,1775,288,1528,731
2265,162348,95044,94813,88971,5842,231,67304,26380,1,78333,65703,74,65629,59260,8312,54100,5512,6609,464,11,1515,11115,87328,80071,70587,9484,7579,1170,735,459,459,0,0,0,0,7,1313,2410,3068,731
2266,5489323,3646176,3641153,3424109,217044,5023,1843147,26420,1,2524403,2290239,2830,2287409,2142635,313479,1893398,125789,214342,9033,1743,44810,189354,3359720,2850532,2533324,317208,229979,51644,35585,56669,52084,1003,810,2454,318,8635,38050,59493,346341,731
2267,52865,31452,31440,29575,1865,12,21413,26460,2,25300,21734,86,21648,18676,2219,18163,2674,1893,176,2,571,2995,29002,22189,20126,2063,1452,258,353,764,75,446,240,3,0,129,1229,622,4069,731
2268,37256,19332,19316,18332,984,16,17924,26500,2,15771,13206,140,13066,10085,1742,10429,2749,968,125,24,320,2245,18037,15693,13975,1718,1222,257,239,21,17,0,4,0,0,0,979,297,1047,731
2269,29778,18794,18774,18139,635,20,10984,26540,2,15165,12608,32,12576,11071,2507,9100,1278,1094,139,15,568,1989,17611,15984,14613,1371,1234,72,65,4,4,0,0,0,0,37,363,135,1088,731
2270,292765,154844,154154,145959,8195,690,137921,26580,1,141459,116182,400,115782,100439,14634,94294,12532,10339,1903,132,4701,20576,143612,130532,117952,12580,9532,1554,1494,607,553,41,0,0,13,189,3210,1355,7719,731
2271,399777,252644,251605,241012,10593,1039,147133,26620,1,198141,177923,280,177643,162117,17771,152258,13017,13217,1768,118,5357,14861,238408,207913,192906,15007,10951,2585,1471,440,440,0,0,0,0,91,1716,2676,25572,731
2272,67473,31365,31323,29120,2203,42,36108,26660,2,24592,20721,41,20680,19183,2515,16681,1356,2562,128,0,784,3087,28340,24848,22947,1901,1709,117,75,197,197,0,0,0,0,17,933,374,1971,731
2273,15833,10528,10495,10272,223,33,5305,26700,2,8302,6872,21,6851,5883,1152,5118,823,717,97,4,190,1240,10147,8792,7634,1158,768,140,250,0,0,0,0,0,0,0,457,289,609,731
2274,49794,30675,30637,29360,1277,38,19119,26740,2,25157,21028,37,20991,18706,3466,16155,2047,1896,142,32,923,3206,28709,25998,23596,2402,1597,356,449,66,33,0,0,0,33,255,282,444,1664,731
2275,29566,19783,19772,19144,628,11,9783,26780,2,14825,12775,60,12715,11548,1826,9761,1062,1554,62,10,454,1596,18781,16668,15356,1312,982,200,130,103,87,0,0,16,0,133,390,190,1297,731
2276,115197,74750,74558,71465,3093,192,40447,26820,1,53049,48667,81,48586,45693,5483,39657,2553,4797,179,34,1261,3121,70228,60382,53414,6968,5058,1201,709,1568,1542,0,22,4,0,276,1116,931,5955,731
2277,70363,39099,39030,36508,2522,69,31264,26860,2,32285,25541,160,25381,22022,4490,18740,2761,2403,380,46,1154,5590,35567,30257,27354,2903,2102,329,472,86,86,0,0,0,0,99,2255,316,2554,731
2278,1655536,1114407,1111984,1064444,47540,2423,541129,26900,1,822994,736757,1307,735450,687080,94137,613756,41789,55935,3005,530,18604,67633,1047681,890495,803210,87285,68549,11870,6866,7411,7195,22,0,6,188,2534,14495,9106,123640,731
2279,20800,9833,9829,8739,1090,4,10967,26940,2,8136,5538,43,5495,4643,1984,2663,317,1029,179,0,602,1996,8599,8025,7271,754,679,55,20,45,45,0,0,0,0,0,117,48,364,731
2280,144470,100358,100157,96464,3693,201,44112,26980,1,70336,62798,202,62596,58384,5504,54515,3745,4593,261,41,3080,4458,94047,71540,63947,7593,5704,789,1100,3474,3449,0,3,0,22,1522,6680,1074,9757,731
2281,25446,14445,14437,13840,597,8,11001,27020,2,13642,11663,31,11632,10184,1712,9212,1225,824,124,44,494,1485,13652,12009,11016,993,682,174,137,44,41,3,0,0,0,21,305,200,1073,731
2282,89300,51900,51844,49415,2429,56,37400,27060,1,42984,38181,203,37978,34431,3514,32704,3129,2335,205,21,2670,2133,48267,30895,26214,4681,3636,878,167,2921,2778,91,13,15,24,504,5714,487,7746,731
2283,130716,74128,73937,69264,4673,191,56588,27100,1,62059,55106,187,54919,51017,10410,40887,3164,4368,421,64,916,6037,68511,60730,55468,5262,4399,568,295,236,216,0,0,0,20,109,1371,523,5542,731
2284,470419,283646,282725,265668,17057,921,186773,27140,1,224729,193097,176,192921,182993,35699,145786,8271,20197,896,122,4904,26728,260986,239386,213004,26382,20154,4063,2165,874,533,0,341,0,0,247,2805,2087,15587,731
2285,25762,14599,14599,13736,863,0,11163,27160,2,12453,10128,8,10120,8860,1657,7175,778,1400,422,29,217,2108,13433,12054,11148,906,676,100,130,38,38,0,0,0,0,0,554,114,673,731
2286,144186,85809,85562,79945,5617,247,58377,27180,1,70643,60471,108,60363,56129,10734,46794,3539,4121,316,74,962,9210,78595,70462,62855,7607,6134,951,522,240,240,0,0,0,0,56,1091,2068,4678,731
2287,29093,22467,22467,22031,436,0,6626,27220,2,13962,12701,42,12659,10969,1118,10623,1535,1276,52,2,626,635,21248,14923,13248,1675,1357,216,102,719,719,0,0,0,0,570,1819,220,2997,731
2288,1295302,825630,807114,770457,36657,18516,469672,27260,1,623232,565038,919,564119,516548,85280,461100,41820,38082,2319,492,16157,42037,773924,640634,576457,64177,50183,9056,4938,6508,6301,30,88,36,53,3065,9596,14143,99978,731
2289,31356,17619,17580,16541,1039,39,13737,27300,2,15245,12281,135,12146,10178,1898,8793,1610,1779,189,14,495,2469,16360,14566,13571,995,807,160,28,127,113,0,14,0,0,46,242,93,1286,731
2290,158795,111099,72616,67951,4665,38483,47696,27340,1,71009,64899,48,64851,56325,6206,56499,7958,3733,323,32,1570,4540,104468,85970,72588,13382,8730,2817,1835,118,108,0,0,0,10,157,7368,2192,8663,731
2291,39439,21311,21311,20080,1231,0,18128,27380,2,18069,14490,18,14472,12935,4557,8401,1107,2484,279,0,290,3289,19699,17489,14776,2713,2172,405,136,71,71,0,0,0,0,29,193,190,1727,731
2292,17816,11375,11328,10800,528,47,6441,27420,2,9110,7393,7,7386,6273,743,6468,1063,314,16,0,276,1441,10640,9495,8576,919,552,260,107,1,1,0,0,0,0,2,444,153,545,731
2293,104792,58347,58337,55176,3161,10,46445,27460,2,53405,45196,306,44890,38401,5500,37063,5701,3348,436,23,1676,6533,53861,47316,41823,5493,4314,668,511,246,207,24,0,0,15,270,1918,835,3276,731
2294,131307,85865,85765,82453,3312,100,45442,27500,1,66439,58374,215,58159,51622,7918,46405,5527,4449,503,220,2686,5379,80958,72865,65796,7069,5708,806,555,409,401,0,8,0,0,165,1272,814,5433,731
2295,52243,27363,27314,25764,1550,49,24880,27530,2,24718,19877,27,19850,18336,5344,12800,1336,2835,76,16,395,4446,25402,23824,21317,2507,1839,634,34,33,33,0,0,0,0,16,152,390,987,731
2296,44149,28992,28952,28314,638,40,15157,27540,2,22468,18661,203,18458,15421,4138,12644,2344,2053,352,41,489,3318,28008,26287,24234,2053,1454,167,432,29,29,0,0,0,0,29,412,173,1078,731
2297,12055,4440,4440,3560,880,0,7615,27580,2,4945,3124,0,3124,2784,1060,1179,105,1171,235,0,152,1669,3540,3369,3140,229,225,0,4,12,12,0,0,0,0,0,72,0,87,731
2298,59926,38397,38299,36907,1392,98,21529,27600,2,25740,23500,22,23478,22137,3692,18881,1204,2461,61,0,497,1743,36440,31345,28464,2881,2340,394,147,190,173,17,0,0,0,23,169,515,4198,731
2299,121028,74556,74361,71741,2620,195,46472,27620,1,57043,47863,147,47716,44136,6418,37662,2943,5141,334,38,2305,6875,71498,64485,57920,6565,4802,1086,677,398,322,0,60,8,8,100,1264,739,4512,731
2300,24877,13717,13717,13165,552,0,11160,27660,2,11682,9050,0,9050,8081,2348,5852,879,1199,55,0,181,2451,12900,12162,10937,1225,926,175,124,31,31,0,0,0,0,21,127,195,364,731
2301,23826,12120,12090,11345,745,30,11706,27700,2,10754,8743,50,8693,7561,1924,6002,959,1105,173,0,483,1528,10946,10216,8439,1777,1112,368,297,103,103,0,0,0,0,16,23,185,403,731
2302,174086,99816,99658,94119,5539,158,74270,27740,1,87185,73003,234,72769,66470,9453,60617,5594,3884,270,171,3502,10680,92286,82610,76539,6071,4583,966,522,249,220,0,26,0,3,35,1384,1262,6746,731
2303,111150,60874,60714,57707,3007,160,50276,27780,1,55541,45332,189,45143,39218,6358,36645,5260,2771,358,63,1095,9114,56653,49274,44893,4381,3557,388,436,553,553,0,0,0,0,64,1549,812,4401,731
2304,104411,64772,64639,60913,3726,133,39639,27860,1,51433,43386,68,43318,40636,8380,32844,2407,3310,229,10,2510,5537,59315,55472,49672,5800,4299,777,724,70,70,0,0,0,0,24,896,329,2524,731
2305,142488,88312,88278,84595,3683,34,54176,27900,1,69472,60197,145,60052,56088,15920,38639,3017,6472,702,119,1430,7845,82568,74331,65950,8381,6717,1144,520,154,112,0,0,42,0,125,1140,817,6001,731
2306,26255,17491,17107,16345,762,384,8764,27940,2,13017,11973,0,11973,11051,1369,10243,860,589,33,1,254,790,16370,12898,10960,1938,1560,307,71,439,386,0,0,0,53,100,875,349,1709,731
2307,133241,86911,86264,81596,4668,647,46330,27980,1,54728,48058,165,47893,43399,4369,41922,3786,3246,234,99,1585,5085,79955,67555,57110,10445,7234,2136,1075,1292,1083,56,0,16,137,529,2203,1600,6776,731
2308,211472,140811,140584,131529,9055,227,70661,28020,1,105797,94476,221,94255,86683,11757,78670,6871,6076,366,22,3552,7769,129059,110339,101896,8443,6413,1107,923,1758,1739,19,0,0,0,425,3650,836,12051,731
2309,85958,53797,53726,52022,1704,71,32161,28060,2,42154,37502,215,37287,32972,7238,27981,3861,2898,282,31,1103,3549,51262,41834,38390,3444,2522,423,499,53,53,0,0,0,0,295,1402,639,7039,731
2310,86023,52836,52827,50059,2768,9,33187,28100,1,40591,34775,84,34691,31873,4590,27217,2345,4011,314,56,1051,4765,49040,43272,39426,3846,2951,528,367,470,302,55,113,0,0,104,1283,1027,2884,731
2311,1729804,1178017,1172376,1123353,49023,5641,551787,28140,1,869964,785076,1362,783714,730829,94644,659513,46578,49683,3322,675,24138,60750,1107985,931357,852653,78704,60985,11121,6598,8004,7444,112,89,152,207,1353,11939,11725,143607,731
2312,59146,37417,37198,35683,1515,219,21729,28180,2,22978,21224,17,21207,19934,2644,18125,1227,651,18,12,258,1496,34033,29425,25085,4340,3039,505,796,385,383,0,2,0,0,96,913,279,2935,731
2313,45118,31925,31842,30978,864,83,13193,28260,2,22227,19850,36,19814,17931,2371,15854,1642,2094,206,0,723,1654,30657,28310,25360,2950,1994,389,567,51,48,0,0,0,3,88,585,191,1432,731
2314,64472,40540,40507,39109,1398,33,23932,28300,2,30307,27178,160,27018,22294,2287,23275,4351,1847,228,14,651,2478,38344,32551,29595,2956,2221,308,427,43,10,21,11,0,1,167,895,422,4266,731
2315,37251,23758,23753,22950,803,5,13493,28340,2,17688,14722,60,14662,13712,3410,9618,752,1815,104,11,324,2642,22483,20569,17392,3177,2063,694,420,59,59,0,0,0,0,74,329,401,1051,731
2316,21747,11714,11714,11043,671,0,10033,28380,2,11134,9566,3,9563,8799,1270,7226,583,1284,129,38,103,1465,10860,10087,8546,1541,990,401,150,14,14,0,0,0,0,70,182,58,449,731
2317,229056,145744,145338,137919,7419,406,83312,28420,1,103859,94468,79,94389,87059,10529,78233,5897,9511,702,361,3272,6119,134863,119347,103580,15767,10355,2254,3158,958,956,2,0,0,0,203,1429,1090,11836,731
2318,44350,24560,24488,23673,815,72,19790,28500,2,22024,19765,138,19627,17630,3540,15131,1814,1602,121,9,375,1884,22844,19746,16907,2839,2165,354,320,28,28,0,0,0,0,198,559,236,2077,731
2319,11333,7476,7266,6966,300,210,3857,28540,2,5568,4987,5,4982,4629,663,4250,318,127,20,4,122,459,7018,5792,4654,1138,926,155,57,234,112,0,0,8,114,7,500,191,294,731
2320,70880,45058,43689,42210,1479,1369,25822,28580,2,34388,30093,20,30073,25227,2690,26505,4700,2017,43,8,1369,2926,42929,32258,29031,3227,2862,253,112,153,117,0,18,0,18,2333,1788,1989,4408,731
2321,31103,20232,20065,19041,1024,167,10871,28620,2,16081,14942,15,14927,13445,967,13554,1373,986,7,0,476,663,18731,15799,14264,1535,1193,189,153,5,5,0,0,0,0,171,314,122,2320,731
2322,364695,231054,201417,186314,15103,29637,133641,28660,1,167585,149274,251,149023,133239,24566,116862,14232,12906,943,160,3753,14558,211120,184823,162318,22505,16687,3396,2422,619,555,26,38,0,0,192,6444,2700,16342,731
2323,257762,138983,138684,130419,8265,299,118779,28700,1,128510,105941,336,105605,94225,14039,87776,9902,5643,788,116,3968,18601,127819,114559,106314,8245,6778,957,510,158,117,0,0,41,0,69,1814,1690,9529,731
2324,154703,91151,91097,86493,4604,54,63552,28740,1,72265,65594,251,65343,55649,6134,57702,8960,2291,394,146,1053,5618,83839,65680,59994,5686,5045,360,281,1918,839,607,467,0,5,345,2630,1354,11912,731
2325,24292,14407,14093,13036,1057,314,9885,28780,2,11953,9775,21,9754,9496,2822,6334,231,1009,0,11,277,1901,13132,11559,10032,1527,1391,57,79,0,0,0,0,0,0,114,522,219,718,731
2326,44293,24548,24448,22701,1747,100,19745,28820,2,22665,17804,98,17706,16486,4202,11957,991,2244,124,70,928,3933,22131,21025,18384,2641,1981,333,327,193,155,0,0,0,38,17,165,182,549,731
2327,24347,12441,12441,11813,628,0,11906,28860,2,10128,7995,37,7958,7145,1369,5979,693,694,73,0,310,1823,11626,10288,9012,1276,857,176,243,32,32,0,0,0,0,4,448,169,685,731
2328,55985,29386,28702,26533,2169,684,26599,28900,2,28186,23815,71,23744,19686,3256,18031,3000,3088,755,120,979,3392,26823,23897,21691,2206,1817,323,66,50,41,0,0,0,9,129,692,120,1935,731
2329,725558,438689,437784,419241,18543,905,286869,28940,1,354916,304470,470,304000,255972,42273,249410,45055,18787,1916,205,9725,40721,413355,360989,331067,29922,23516,3714,2692,1784,1565,0,86,1,132,371,5202,3120,41889,731
2330,66758,39671,39464,37157,2307,207,27087,29020,1,34957,30283,50,30233,26239,3890,24629,3233,2699,326,41,1018,3656,36245,33287,29524,3763,2852,713,198,61,2,0,0,59,0,111,412,380,1994,731
2331,53998,33867,33765,32842,923,102,20131,29060,2,25956,23208,107,23101,20221,1604,21094,2764,965,42,21,664,2084,32144,27770,24903,2867,2160,544,163,76,53,0,0,0,23,65,768,244,3221,731
2332,114663,76035,75887,73715,2172,148,38628,29100,1,58207,51187,217,50970,45984,5839,43133,4511,3184,194,37,1889,5131,72577,61480,56190,5290,4080,939,271,529,475,0,0,0,54,645,2792,639,6492,731
2333,374814,228941,228305,214664,13641,636,145873,29180,1,187614,162657,261,162396,153203,26671,128764,8268,11783,472,64,2846,22111,211605,189806,176567,13239,9717,2024,1498,768,473,4,44,0,247,466,3899,2555,14111,731
2334,183371,113675,113552,109562,3990,123,69696,29200,1,88029,76951,108,76843,70449,18501,54569,5518,5151,360,138,4780,6298,106343,89039,81080,7959,6378,672,909,2351,2335,0,10,0,6,892,5278,591,8192,731
2335,21181,12318,12287,11508,779,31,8863,29260,2,10700,8977,130,8847,7777,1253,6469,880,1203,147,10,260,1463,11304,9556,8432,1124,864,125,135,19,7,12,0,0,0,104,624,184,817,731
2336,82342,48358,48203,46072,2131,155,33984,29300,2,38730,31795,74,31721,26413,4636,24231,3789,3834,785,290,866,6069,45176,41854,37792,4062,3208,537,317,91,82,0,8,1,0,35,562,661,1973,731
2337,167790,100148,100086,94571,5515,62,67642,29340,1,79019,65799,113,65686,59371,14536,48133,5400,5688,511,96,1574,11646,93410,86138,76993,9145,6388,1996,761,144,144,0,0,0,0,192,1793,921,4222,731
2338,56109,29637,29497,27450,2047,140,26472,29380,2,26391,22366,65,22301,20289,5006,13624,1422,3690,361,160,649,3376,26940,24529,20910,3619,2970,317,332,10,10,0,0,0,0,16,161,520,1704,731
2339,183139,82109,81983,75865,6118,126,101030,29420,1,95169,81528,167,81361,71403,11868,61740,7920,10217,1089,118,2468,11173,74493,66062,57593,8469,6410,1190,869,412,331,0,19,5,57,175,888,2102,4854,731
2340,594132,336379,335780,320223,15557,599,257753,29460,1,264145,225178,818,224360,207869,29757,187305,14325,11667,1153,173,10339,28628,315558,278300,250722,27578,20846,3864,2868,930,684,65,127,39,15,1059,2724,4650,27895,731
2341,9578,4720,4720,4270,450,0,4858,29500,2,4133,3465,13,3452,3278,1025,2160,132,460,34,0,109,559,4205,3888,3175,713,341,199,173,0,0,0,0,0,0,0,65,81,171,731
2342,438998,289749,289582,279799,9783,167,149249,29540,1,208988,179150,700,178450,162094,19588,153237,14930,8058,627,155,6036,23802,274411,232301,203373,28928,19064,4523,5341,2222,1655,32,535,0,0,2059,9586,3352,24891,731
2343,443063,281898,281530,266250,15280,368,161165,29620,1,219633,193639,427,193212,174019,24900,156770,16760,16511,1404,114,6539,19455,260964,213871,192116,21755,16291,2991,2473,4284,4257,7,16,3,1,1652,7815,2442,30900,731
2344,32312,22106,22057,21096,961,49,10206,29660,2,16290,14723,25,14698,13522,1313,12487,1047,911,88,0,846,721,20511,15714,14100,1614,1003,429,182,257,257,0,0,0,0,796,1970,152,1622,731
2345,191500,118758,118646,111606,7040,112,72742,29700,1,77797,63107,79,63028,53365,7753,53021,8977,3957,320,149,1930,12760,110657,100065,87526,12539,8407,2560,1572,1184,1125,8,51,0,0,90,1752,2104,5462,731
2346,173874,99756,98828,92088,6740,928,74118,29740,1,81969,68522,74,68448,62332,9441,55226,5291,6045,427,10,2484,10963,91502,80564,70436,10128,6762,2004,1362,263,263,0,0,0,0,586,2057,1203,6829,731
2347,27057,13193,13193,12271,922,0,13864,29780,2,13677,9414,122,9292,8231,1921,5758,750,1707,222,22,559,3704,11932,9859,8734,1125,886,91,148,12,12,0,0,0,0,29,512,106,1414,731
2348,1809986,1154832,1144999,1057265,87734,9833,655154,29820,1,832367,740635,949,739686,691500,87370,632160,44088,56809,1576,204,24294,67438,1040510,877557,771776,105781,79807,15974,10000,26014,25601,110,62,56,185,2280,12995,26395,95269,731
2349,65548,35822,35726,34405,1321,96,29726,29860,2,30770,20097,159,19938,16016,4637,12810,2902,3498,888,8,851,9822,34065,32399,29269,3130,2345,516,269,155,155,0,0,0,0,0,443,361,707,731
2350,27120,14203,14201,12673,1528,2,12917,29900,2,12224,9730,25,9705,8751,1960,7216,792,713,82,7,196,2298,12134,11250,9827,1423,1201,150,72,40,22,0,0,0,18,13,171,111,549,731
2351,99980,70363,70164,66803,3361,199,29617,29940,1,49605,44823,136,44687,42016,3667,39343,2511,2948,57,19,2701,2081,65718,51825,46329,5496,4370,710,416,1671,1629,42,0,0,0,676,3219,642,7685,731
2352,34372,19753,19741,18492,1249,12,14619,29980,2,16484,13138,24,13114,11897,2976,8853,895,1563,217,0,390,2956,18192,16763,15416,1347,1131,149,67,20,20,0,0,0,0,0,202,204,1003,731
2353,100362,60885,51436,48132,3304,9449,39477,30020,1,46451,40794,64,40730,35711,7022,30597,4191,4452,696,26,1224,4433,56268,48084,42740,5344,4126,819,399,360,360,0,0,0,0,98,788,892,6046,731
2354,28081,16515,16498,15519,979,17,11566,30060,2,14345,10880,40,10840,9963,2774,6861,665,1567,147,23,1226,2239,15409,14077,12337,1740,1470,154,116,28,11,0,0,0,17,0,300,292,712,731
2355,188802,115501,115353,111810,3543,148,73301,30100,2,88203,76560,635,75925,58966,6497,65462,15109,4981,858,165,3094,8549,109582,90050,79725,10325,8287,1160,878,661,607,24,23,0,7,276,4163,1250,13182,731
2356,114296,72049,71666,68515,3151,383,42247,30140,1,55236,47487,216,47271,42797,6590,38836,3884,2681,264,42,1632,6117,68005,59114,52785,6329,4731,951,647,434,425,0,9,0,0,119,1847,701,5790,731
2357,16428,10228,10228,9689,539,0,6200,30220,2,7922,6454,42,6412,6074,1081,4916,263,925,51,0,170,1298,9554,8933,7505,1428,899,291,238,26,26,0,0,0,0,8,179,67,341,731
2358,36344,17480,17480,16876,604,0,18864,30260,2,14172,11005,154,10851,9342,1478,8960,1189,789,196,1,752,2415,16432,13525,12153,1372,994,195,183,44,33,11,0,0,0,268,1395,117,1083,731
2359,27611,17218,17208,16205,1003,10,10393,30280,2,13019,11463,41,11422,10457,2032,8293,654,1340,194,29,330,1226,15692,14022,12898,1124,847,56,221,15,15,0,0,0,0,0,60,92,1503,731
2360,52528,30807,30693,29427,1266,114,21721,30300,1,26623,23124,221,22903,20704,3445,17867,1623,2479,342,25,548,2951,28881,25550,23438,2112,1650,264,198,57,56,1,0,0,0,66,865,144,2199,731
2361,90668,58927,58864,56011,2853,63,31741,30340,1,45825,40045,93,39952,35335,3504,35254,4310,1643,121,71,1292,4488,54700,46240,40356,5884,4852,662,370,188,188,0,0,0,0,81,1740,514,5937,731
2362,36936,22120,22093,21229,864,27,14816,30380,2,18612,15200,65,15135,13618,2343,12033,1311,859,128,4,211,3201,21056,19336,16951,2385,1403,288,694,43,10,0,33,0,0,24,319,214,1120,731
2363,19796,13595,13577,13303,274,18,6201,30420,2,9561,7971,20,7951,7077,1141,6017,715,952,111,5,367,1223,13178,12386,10161,2225,1173,589,463,57,53,4,0,0,0,29,217,214,275,731
2364,416381,276551,276343,263358,12985,208,139830,30460,1,210280,189063,262,188801,174887,24234,157689,12625,12205,723,109,6971,14246,257889,221050,199285,21765,17571,2713,1481,2567,2523,7,0,0,37,960,7012,2120,24180,731
2365,15730,11012,11012,10717,295,0,4718,30580,2,7071,6152,12,6140,5835,1520,4057,164,873,141,0,130,789,10455,9716,7913,1803,1037,549,217,5,5,0,0,0,0,3,210,164,357,731
2366,80822,49315,49248,46253,2995,67,31507,30620,1,40735,35506,46,35460,31903,3812,29896,3051,2798,312,43,841,4388,45300,41699,37733,3966,3057,512,397,252,245,7,0,0,0,87,595,636,2031,731
2367,23228,12935,12925,12255,670,10,10293,30660,2,11101,9329,31,9298,8329,2189,6336,753,904,42,0,289,1483,12076,10736,9608,1128,823,119,186,39,39,0,0,0,0,36,392,69,804,731
2368,271590,191280,190681,184743,5938,599,80310,30700,1,136445,124677,296,124381,116252,10744,108973,7097,7606,528,169,3915,7853,182400,156555,140758,15797,12264,2541,992,1425,1392,0,19,14,0,1462,5641,1228,16089,731
2369,595109,370243,365731,349071,16660,4512,224866,30780,1,301896,261652,584,261068,242176,43340,203461,16353,23666,1590,48,6738,33506,349028,312970,282415,30555,23611,4022,2922,1444,1375,56,0,13,0,356,3747,3928,26583,731
2370,31233,18628,18617,17621,996,11,12605,30820,2,14877,12219,78,12141,10741,1437,10014,1246,772,81,29,399,2259,17268,15090,13183,1907,1180,390,337,61,57,0,0,4,0,19,652,196,1250,731
2371,109350,75871,75821,74052,1769,50,33479,30860,1,46390,42594,87,42507,39553,3974,34575,2495,5217,319,19,1642,2154,72725,59335,52421,6914,5031,968,915,1440,1410,6,6,13,5,903,2668,606,7773,731
2372,30393,19103,19068,18269,799,35,11290,30900,2,14970,12160,17,12143,10763,2379,8477,1181,1635,95,10,537,2273,17896,16984,14797,2187,1782,295,110,72,72,0,0,0,0,46,193,69,532,731
2373,118351,58113,58089,54618,3471,24,60238,30940,2,54839,44836,77,44759,39556,4721,37638,4518,3946,470,15,1401,8602,53594,48840,42123,6717,5206,1035,476,58,58,0,0,0,0,9,706,225,3756,731
2374,225702,132852,132719,126510,6209,133,92850,30980,1,104762,86324,178,86146,81164,20315,59881,3810,11661,640,50,3068,15370,124450,115524,103793,11731,8103,2297,1331,157,157,0,0,0,0,135,1567,870,6197,731
2375,88464,49680,49648,46916,2732,32,38784,31020,1,43167,38235,107,38128,33465,4373,30586,3628,4808,728,13,1085,3847,45906,41040,37511,3529,2378,822,329,166,166,0,0,0,0,153,712,654,3181,731
2376,15667,10577,10478,10278,200,99,5090,31060,2,8149,7617,0,7617,6746,567,6735,716,317,42,46,268,264,10197,8339,7665,674,579,66,29,170,157,0,0,0,13,205,204,73,1206,731
2377,10665532,6932274,6923990,6467746,456244,8284,3733258,31080,1,4429379,4037668,5736,4031932,3782418,471161,3418165,213728,375334,14695,2105,89740,301971,6300998,4917955,4336370,581585,428008,90176,63401,239395,198976,22198,10816,5341,2064,36993,143302,109645,853708,731
2378,1031065,672617,671142,639895,31247,1475,358448,31140,1,515310,455148,799,454349,424783,66567,369121,25743,32688,2194,216,9972,50190,628139,537519,486095,51424,41472,6479,3473,8158,8015,50,17,65,11,1217,8960,7468,64817,731
2379,254743,166708,166269,158681,7588,439,88035,31180,1,125732,108046,69,107977,101243,15542,87083,5391,11240,949,57,5578,12108,156152,141062,123060,18002,13170,2837,1995,980,920,0,0,16,44,479,3302,1397,8932,731
2380,23954,13044,13042,12410,632,2,10910,31220,2,12296,10171,39,10132,8516,1652,7169,1246,1454,260,41,473,1652,12200,10981,9518,1463,1175,157,131,15,15,0,0,0,0,8,190,66,940,731
2381,66940,39749,39723,37358,2365,26,27191,31260,2,31583,28034,106,27928,25206,4365,21103,2258,2537,194,111,500,3049,36669,34024,29535,4489,3113,870,506,34,34,0,0,0,0,57,445,480,1629,731
2382,91655,46705,46577,43618,2959,128,44950,31300,2,42509,29939,56,29883,23492,6157,21180,5461,3120,488,147,1201,11369,43118,40597,36775,3822,2524,632,666,192,186,0,0,6,0,18,413,503,1395,731
2383,216814,128723,128313,122753,5560,410,88091,31340,1,102979,87408,300,87108,80189,18341,61269,5457,9029,975,56,2612,12959,120391,104349,95179,9170,7269,1358,543,919,906,0,13,0,0,23,2947,1892,10261,731
2384,23165,14011,13997,12875,1122,14,9154,31380,2,11600,9183,14,9169,8094,1325,7366,956,678,67,0,783,1634,12596,10876,9734,1142,943,113,86,125,125,0,0,0,0,82,707,149,657,731
2385,185153,105786,105451,98547,6904,335,79367,31420,1,87541,73473,121,73352,62746,11392,57913,9241,7753,703,69,2557,11511,96751,87085,79336,7749,5782,1152,815,759,749,0,10,0,0,133,1567,1189,6018,731
2386,119464,67511,67318,59826,7492,193,51953,31460,1,43857,39076,67,39009,36215,7532,28759,2218,4381,372,24,937,3844,57706,49584,42305,7279,4905,1074,1300,129,69,16,0,0,44,68,877,2740,4308,731
2387,27263,15645,15645,15116,529,0,11618,31500,2,12890,10370,23,10347,9441,1627,7710,687,1282,109,54,414,2106,14833,13615,12297,1318,1093,122,103,0,0,0,0,0,0,10,297,188,723,731
2388,557770,391596,390798,381326,9472,798,166174,31540,1,290256,264448,1049,263399,245562,22980,229936,15685,16978,1025,289,9800,16008,376949,283052,260357,22695,17653,3453,1589,10986,10830,15,92,18,31,6355,18708,3755,54093,731
2389,36204,19628,19604,18087,1517,24,16576,31580,2,18345,15589,39,15550,14196,3112,11020,1188,2083,137,0,414,2342,17727,16913,15936,977,692,90,195,1,1,0,0,0,0,6,130,92,585,731
2390,18448,9533,9533,9232,301,0,8915,31620,2,7826,5922,3,5919,5341,2020,3135,481,831,62,0,258,1646,9137,8374,7772,602,519,65,18,50,50,0,0,0,0,25,358,97,233,731
2391,39028,20380,20370,19321,1049,10,18648,31660,2,18933,15715,29,15686,13341,1719,12983,2017,1244,216,20,513,2705,18873,16307,14169,2138,1511,501,126,255,249,4,0,0,2,57,790,266,1198,731
2392,27403,13488,13439,12819,620,49,13915,31680,2,11900,9024,32,8992,8505,2416,5294,308,1658,124,21,215,2661,12758,11966,10373,1593,1437,108,48,31,31,0,0,0,0,2,281,166,312,731
2393,348834,246044,245566,236496,9070,478,102790,31700,1,166344,153086,339,152747,138532,12249,138030,13322,3829,387,70,3088,10170,231932,191372,174743,16629,12707,2004,1918,1548,1139,92,181,87,49,418,4241,2200,32153,731
2394,106559,74994,63475,60734,2741,11519,31565,31740,1,49331,44806,91,44715,41230,5465,37681,3239,2786,82,46,1682,2843,71241,57667,50440,7227,5632,867,728,204,204,0,0,0,0,541,5978,753,6098,731
2395,66744,41572,41511,40682,829,61,25172,31820,2,34860,30334,124,30210,26935,4719,23028,2816,2940,359,18,639,3887,40326,35701,32757,2944,2048,454,442,206,183,0,18,0,5,163,1265,288,2703,731
2396,84599,59932,59868,57996,1872,64,24667,31860,1,40023,35486,102,35384,32186,4100,29420,2856,2864,163,17,1446,3091,55981,46927,42392,4535,3273,620,642,673,627,44,2,0,0,182,1975,719,5505,731
2397,101095,57510,57299,54564,2735,211,43585,31900,1,49673,42517,101,42416,37798,5198,35468,3931,3109,345,17,719,6437,53293,49374,44553,4821,3650,636,535,239,216,13,0,0,10,149,666,428,2437,731
2398,49365,28540,28522,27028,1494,18,20825,31930,2,24622,20480,48,20432,15830,3502,14883,3765,2243,639,85,1100,3042,26577,23721,21599,2122,1773,191,158,204,196,0,0,0,8,99,735,94,1724,731
2399,54692,31134,31117,29852,1265,17,23558,31940,2,28540,23708,143,23565,20643,4468,15936,2213,3494,546,33,571,4261,29296,26200,23693,2507,1993,288,226,48,41,0,0,3,4,100,948,312,1688,731
2400,54303,31939,31928,29595,2333,11,22364,31980,2,26550,22399,54,22345,19564,3938,16916,2318,2295,147,17,804,3347,28661,24194,21511,2683,2211,241,231,79,63,16,0,0,0,110,1897,404,1977,731
2401,36939,19890,19890,18793,1097,0,17049,32000,2,18184,14534,36,14498,12961,2984,9943,1267,1796,207,0,863,2787,18297,17234,15343,1891,1640,203,48,6,6,0,0,0,0,0,223,97,737,731
2402,53076,28759,28759,27120,1639,0,24317,32020,2,24306,21142,89,21053,18515,3829,15728,1904,1973,456,55,467,2697,26661,24612,21845,2767,2192,408,167,159,159,0,0,0,0,0,295,318,1277,731
2403,55811,33047,32940,31091,1849,107,22764,32100,2,27345,22915,46,22869,19931,2819,18569,2635,1815,183,19,1791,2639,30498,26323,23622,2701,2032,520,149,117,117,0,0,0,0,306,1789,248,1715,731
2404,19552,13148,13147,12747,400,1,6404,32140,2,9924,8795,21,8774,8145,1098,6720,483,1105,99,2,218,911,12595,10639,9490,1149,849,117,183,23,21,0,0,0,2,35,501,221,1176,731
2405,18685,10764,10762,10467,295,2,7921,32180,2,7808,6547,10,6537,5473,821,4975,879,984,107,25,207,1054,10279,9254,8462,792,595,167,30,0,0,0,0,0,0,23,211,103,688,731
2406,30991,20712,20708,19554,1154,4,10279,32260,2,15288,12856,70,12786,11168,2281,9706,1441,1242,69,27,377,2055,19134,17389,14867,2522,2075,245,202,3,3,0,0,0,0,4,491,83,1164,731
2407,27581,14762,14713,14126,587,49,12819,32280,2,13129,10336,44,10292,9050,1666,7580,996,1077,208,27,165,2628,14011,12283,11290,993,777,185,31,57,49,0,0,8,0,22,327,619,703,731
2408,52352,27236,27102,25742,1360,134,25116,32300,2,26039,19108,50,19058,14502,2992,14696,3978,1716,448,40,912,6019,24772,22566,20196,2370,1861,360,149,70,37,0,0,0,33,6,178,447,1505,731
2409,18088,10261,10246,10008,238,15,7827,32340,2,8261,6970,8,6962,6347,1039,5592,560,475,23,0,174,1117,9880,9071,8196,875,666,75,134,2,2,0,0,0,0,22,194,47,544,731
2410,41118,26807,26790,25983,807,17,14311,32380,2,22640,19530,40,19490,17279,3217,15578,1994,1181,134,0,540,2570,25581,22787,20455,2332,1943,332,57,125,125,0,0,0,0,95,460,232,1882,731
2411,83960,33837,33770,26531,7239,67,50123,32420,1,38204,28283,104,28179,26077,10262,16919,1916,1194,142,0,1113,8808,25933,24189,22717,1472,1209,53,210,197,57,0,0,140,0,79,605,91,772,731
2412,28886,15958,15958,15371,587,0,12928,32460,2,14304,11627,0,11627,10243,3171,7756,1137,1078,156,29,622,2055,15060,13660,12705,955,773,114,68,5,5,0,0,0,0,0,186,200,1009,731
2413,13532,7639,7630,7271,359,9,5893,32500,2,6695,5514,11,5503,5232,1021,4087,229,504,14,9,119,1062,7236,6660,6383,277,235,17,25,6,6,0,0,0,0,0,120,55,395,731
2414,34945,18451,18413,17248,1165,38,16494,32540,2,17404,14599,28,14571,13725,4334,8649,584,1762,186,16,225,2580,16848,15252,13945,1307,974,209,124,29,29,0,0,0,0,23,350,109,1085,731
2415,628638,369861,369052,340953,28099,809,258777,32580,1,257499,207139,210,206929,181535,41656,154334,22480,17600,2158,61,8584,41776,332795,288808,256405,32403,22262,6472,3669,817,717,19,81,0,0,328,3836,12631,26375,731
2416,30968,16040,16040,14883,1157,0,14928,32620,2,14745,11440,96,11344,10113,2377,7695,920,2317,105,0,358,2947,14632,13625,11900,1725,1367,230,128,55,55,0,0,0,0,4,117,418,413,731
2417,32671,18420,18399,17684,715,21,14251,32660,2,15932,12688,26,12662,11393,2121,10246,1087,435,60,26,754,2490,17419,16222,14545,1677,1040,502,135,10,10,0,0,0,0,0,142,49,996,731
2418,24507,16028,15998,15658,340,30,8479,32700,2,12140,10499,34,10465,9734,1766,8034,653,1072,49,0,482,1159,15427,13654,12627,1027,678,291,58,0,0,0,0,0,0,111,642,125,895,731
2419,68806,38379,38288,36129,2159,91,30427,32740,2,33191,27735,153,27582,23643,4612,21539,3403,1787,324,47,516,4940,35404,30391,26979,3412,2541,398,473,227,169,25,8,16,9,100,2057,321,2308,731
2420,182407,105056,104976,99195,5781,80,77351,32780,1,89876,79691,373,79318,71823,9052,64744,6080,7443,815,75,3705,6480,97138,80563,72434,8129,6351,975,803,842,815,0,0,0,27,930,2596,1210,10997,731
2421,1044274,668629,665924,620348,45576,2705,375645,32820,1,510449,434168,556,433612,406891,78788,334553,22268,40031,2660,230,13729,62552,610548,551199,495360,55839,42992,8988,3859,2834,2738,44,0,12,40,635,6256,6536,43088,731
2422,37390,25164,25156,24233,923,8,12226,32860,2,17257,15004,86,14918,13193,2372,10997,1411,1633,236,34,555,1698,23558,19691,18238,1453,1022,236,195,50,39,0,6,0,5,92,1533,210,1982,731
2423,209553,124229,123984,110712,13272,245,85324,32900,1,82760,73854,59,73795,70666,12345,56974,2468,6658,423,45,2010,6896,106381,92717,82207,10510,6664,2221,1625,526,451,69,6,0,0,396,2481,4496,5765,731
2424,77591,42201,41199,38602,2597,1002,35390,32940,2,37609,29936,98,29838,27171,6948,20494,2079,4234,341,0,897,6776,38819,35629,31670,3959,2397,1050,512,22,9,0,0,0,13,23,583,1210,1352,731
2425,19938,11536,11526,11077,449,10,8402,33020,2,8968,7309,57,7252,6573,1228,5025,384,1108,154,79,253,1406,10706,9944,8899,1045,673,114,258,4,4,0,0,0,0,4,133,165,456,731
2426,23737,12857,12855,12364,491,2,10880,33060,2,11718,9191,18,9173,7791,2425,5922,1100,1148,129,43,264,2263,12105,11315,10168,1147,914,133,100,13,7,0,3,0,3,5,257,83,432,731
2427,5040784,3199550,3195124,3027728,167396,4426,1841234,33100,1,2284247,2000176,2734,1997442,1843010,240703,1708759,137111,158244,6205,1180,74786,209285,2966935,2442231,2169288,272943,199514,42690,30739,73914,60497,6673,4436,2054,254,14332,45177,64692,326589,731
2428,90824,52513,52498,49897,2601,15,38311,33140,1,43235,37613,91,37522,31928,4459,30013,4945,3634,406,65,452,5170,48913,44803,40943,3860,3067,478,315,501,247,16,238,0,0,46,821,289,2453,731
2429,19663,8047,8047,7246,801,0,11616,33180,2,9456,7013,24,6989,6093,828,5569,751,680,115,8,234,2209,6848,6244,5126,1118,995,57,66,3,3,0,0,0,0,9,296,5,291,731
2430,68011,40240,40155,38154,2001,85,27771,33220,1,34336,29950,111,29839,27097,4209,23748,2289,2478,330,29,842,3544,37379,32915,30113,2802,2061,415,326,155,133,0,18,0,4,100,468,260,3481,731
2431,129265,91867,91485,88196,3289,382,37398,33260,1,67177,59119,60,59059,54917,8527,46019,3141,7842,831,0,1556,6502,87248,80293,70617,9676,6895,1841,940,92,92,0,0,0,0,236,907,1025,4695,731
2432,44147,20796,20796,19368,1428,0,23351,33300,2,18638,14946,66,14880,12046,1598,12377,2568,1786,162,36,455,3237,18819,17202,15786,1416,862,356,198,36,36,0,0,0,0,41,99,533,908,731
2433,1253718,826602,825875,794155,31720,727,427116,33340,1,648737,572641,1232,571409,531256,62886,491379,35253,32413,2374,802,14183,61913,783232,648289,592882,55407,43729,7145,4533,17938,17377,108,291,121,41,2593,17237,6513,90662,731
2434,29490,13772,13716,12994,722,56,15718,33380,2,14801,8816,54,8762,7978,2668,5158,588,1305,166,0,441,5544,12853,11525,11053,472,301,90,81,57,57,0,0,0,0,32,140,192,907,731
2435,22583,13216,13216,12246,970,0,9367,33420,2,10640,9151,135,9016,8498,1399,6418,422,1639,84,0,332,1157,11985,10696,8839,1857,1236,205,416,27,14,0,0,13,0,0,119,249,894,731
2436,2918615,2072010,2069689,1988931,80758,2321,846605,33460,1,1439408,1325007,3479,1321528,1229869,135088,1144857,81772,77533,4074,825,33425,80976,1953875,1506248,1363445,142803,110172,18341,14290,60694,52293,1657,1404,5140,200,11239,40486,20187,315021,731
2437,60587,43461,39300,37828,1472,4161,17126,33500,2,31522,27778,98,27680,25796,2331,24798,1783,1631,41,20,1293,2451,40789,37449,33250,4199,3376,278,545,61,58,0,0,3,0,132,730,367,2050,731
2438,99271,69510,69356,66207,3149,154,29761,33540,1,50446,46205,50,46155,41893,5708,37158,3518,4338,570,35,1131,3110,64821,51807,46404,5403,3615,1231,557,1014,994,0,20,0,0,2309,2554,467,6670,731
2439,18168,12498,12464,12273,191,34,5670,33580,2,9554,8228,46,8182,6757,1447,6483,1323,471,57,0,170,1156,12113,10599,9815,784,317,267,200,48,48,0,0,0,0,19,352,160,935,731
2440,19805,11292,11244,10649,595,48,8513,33620,2,9101,7469,21,7448,6479,1369,5429,707,900,110,86,160,1472,10602,9751,8916,835,664,109,62,53,53,0,0,0,0,6,35,192,565,731
2441,341126,194330,193309,181887,11422,1021,146796,33660,1,165111,136958,3288,133670,124794,29048,96627,6557,15127,999,36,3177,24976,179425,163865,151535,12330,9780,1478,1072,591,544,0,19,2,26,142,1666,1830,11331,731
2442,420900,258395,258171,237110,21061,224,162505,33700,1,175747,157854,241,157613,149704,22626,122496,5949,19653,1400,150,3331,14562,229451,206525,182717,23808,17093,4200,2515,1764,1643,25,58,19,19,789,2978,2359,15036,731
2443,162047,92110,91917,85816,6101,193,69937,33740,1,77241,59515,293,59222,53131,12399,42645,5183,6843,509,91,3976,13750,84492,76893,68815,8078,5843,1440,795,738,734,0,4,0,0,121,1514,634,4592,731
2444,126258,75402,75313,71039,4274,89,50856,33780,1,62240,53744,122,53622,47836,6654,44050,5296,3576,253,101,1588,6908,69702,63191,58621,4570,3315,836,419,144,144,0,0,0,0,78,821,673,4795,731
2445,306829,181416,177688,167807,9881,3728,125413,33860,1,148214,128755,175,128580,115989,17115,105402,11217,8481,789,229,3547,15912,167566,153281,139911,13370,10944,1289,1137,542,540,0,0,0,2,171,2147,1163,10262,731
2446,39531,21771,21692,20768,924,79,17760,33940,2,19477,16436,16,16420,13698,3250,11424,2116,2123,332,68,456,2585,20464,17055,14935,2120,1395,311,414,28,22,0,0,0,6,101,674,253,2353,731
2447,58242,32242,31566,30029,1537,676,26000,33980,2,30414,27755,58,27697,25388,3070,23861,2095,1713,84,13,782,1877,30080,26442,24434,2008,1546,327,135,115,110,0,0,0,5,115,414,427,2567,731
2448,38619,20627,20569,19359,1210,58,17992,34020,2,18628,15735,14,15721,14776,2754,12193,613,1780,174,5,270,2623,19136,17960,16287,1673,1366,214,93,1,1,0,0,0,0,59,288,140,688,731
2449,119778,72272,72085,67794,4291,187,47506,34060,1,56829,50410,301,50109,45591,5781,42330,3877,3065,362,12,1945,4474,66772,55517,49094,6423,5526,450,447,780,700,66,6,8,0,63,2925,711,6776,731
2450,117002,66074,66006,62061,3945,68,50928,34100,1,55406,45655,162,45493,37995,10258,32219,5909,3452,348,104,1645,8106,60706,56391,50878,5513,4333,696,484,130,77,0,53,0,0,74,498,441,3172,731
2451,33364,20461,20421,19344,1077,40,12903,34140,2,15929,14159,24,14135,12870,1598,10860,887,1802,281,23,646,1124,18879,13946,12311,1635,1194,227,214,53,53,0,0,0,0,194,2653,240,1793,731
2452,73772,45932,45927,43461,2466,5,27840,34180,2,33666,29780,21,29759,27547,4368,23642,1931,2649,234,0,842,3044,42635,37036,31501,5535,3832,801,902,536,534,0,0,0,2,117,932,555,3459,731
2453,35398,20611,20601,19342,1259,10,14787,34220,2,16539,12712,23,12689,11590,2909,9207,939,854,75,14,245,3582,19065,17402,15463,1939,1404,243,292,306,306,0,0,0,0,0,269,278,810,731
2454,35398,16202,16202,15371,831,0,19196,34260,2,19021,15669,120,15549,13241,2242,11977,1978,1811,165,43,534,2818,15129,13762,11858,1904,1443,212,249,3,3,0,0,0,0,6,302,200,856,731
2455,22218,13959,10704,10014,690,3255,8259,34300,2,10760,9687,20,9667,8569,1468,7521,874,888,184,0,99,974,13077,12164,10912,1252,819,228,205,13,13,0,0,0,0,7,348,124,421,731
2456,58168,33420,33388,31768,1620,32,24748,34340,2,28990,22708,98,22610,19677,2921,19033,2637,1598,144,39,2189,4093,31099,29386,25820,3566,2732,485,349,18,18,0,0,0,0,43,273,109,1270,731
2457,26593,10981,10981,9520,1461,0,15612,34350,2,12375,10911,15,10896,8615,369,10213,2173,450,57,30,106,1358,9181,8531,8027,504,452,32,20,66,66,0,0,0,0,0,150,54,380,731
2458,55124,34107,34081,31640,2441,26,21017,34380,2,24875,20355,42,20313,17910,3560,14840,1828,2565,335,8,2312,2208,30645,26333,23806,2527,2060,248,219,162,162,0,0,0,0,193,2102,236,1619,731
2459,32898,19433,19433,18575,858,0,13465,34420,2,15245,12572,0,12572,11839,5677,5496,536,1772,148,19,307,2366,18362,17103,14622,2481,1747,483,251,12,12,0,0,0,0,0,272,320,655,731
2460,37123,19510,19481,18499,982,29,17613,34460,2,17811,14953,30,14923,13793,3383,10443,899,1465,158,0,271,2587,18077,16714,15234,1480,1071,327,82,0,0,0,0,0,0,0,222,118,1023,731
2461,29779,17494,17484,16356,1128,10,12285,34500,2,14778,12500,17,12483,11530,3218,7785,767,1618,136,5,303,1975,15993,14810,13094,1716,1281,261,174,13,13,0,0,0,0,4,202,205,759,731
2462,49977,29984,29926,28935,991,58,19993,34540,2,23117,20128,32,20096,18091,3700,14385,1688,2344,148,72,301,2688,28192,23918,21615,2303,1595,279,429,123,123,0,0,0,0,57,808,430,2856,731
2463,105300,62130,60852,57758,3094,1278,43170,34580,1,50824,46801,105,46696,43272,6300,38178,2993,2738,257,19,854,3169,57119,49108,43519,5589,4213,579,797,383,253,0,0,48,82,177,1002,419,6030,731
2464,94314,56427,56371,52929,3442,56,37887,34620,1,46159,39760,110,39650,36257,5999,31537,3146,3128,108,33,1716,4683,51601,45213,40040,5173,3980,655,538,536,530,0,0,0,6,261,2120,517,2954,731
2465,31421,18247,18247,17388,859,0,13174,34660,2,14805,12224,30,12194,10114,2754,8960,1905,736,80,26,1098,1483,17096,14800,13444,1356,1285,60,11,15,15,0,0,0,0,64,1330,162,725,731
2466,33886,22143,22043,21262,781,100,11743,34700,2,17075,15014,38,14976,13769,2597,11616,1078,887,63,0,367,1694,20877,19220,17602,1618,1238,292,88,107,107,0,0,0,0,25,479,105,941,731
2467,140901,83358,83299,77082,6217,59,57543,34740,1,66595,56503,228,56275,51055,11248,42357,4406,3499,534,52,1608,8484,75385,69950,63131,6819,5324,1073,422,121,121,0,0,0,0,95,787,528,3904,731
2468,52143,27885,27872,26286,1586,13,24258,34780,2,25598,19169,31,19138,15564,3523,13339,2495,2861,676,65,2163,4266,25734,23201,21272,1929,1521,249,159,160,99,37,0,24,0,86,264,388,1635,731
2469,424052,223563,223272,211191,12081,291,200489,34820,1,203298,184625,340,184285,166100,22590,156346,15900,9160,1129,126,5561,13112,207482,180836,164020,16816,11654,3234,1928,1113,587,20,3,72,431,355,1942,4012,19224,731
2470,51226,30537,30537,28508,2029,0,20689,34860,2,24893,21002,52,20950,19266,4527,13824,1256,3436,278,0,725,3166,27800,24086,21101,2985,2118,543,324,94,89,0,0,0,5,71,1182,639,1728,731
2471,113817,72179,72132,68399,3733,47,41638,34900,1,49218,45663,86,45577,42644,5026,38211,2476,4439,261,61,850,2705,66906,54984,48672,6312,4316,1201,795,944,555,19,11,6,353,733,1943,969,7333,731
2472,324396,169085,168972,161734,7238,113,155311,34940,1,156768,142208,228,141980,131826,12928,126237,9170,7454,270,107,5470,9090,158573,134630,117423,17207,11898,2741,2568,854,756,81,0,12,5,547,1184,2734,18624,731
2473,1590729,1091301,1089581,1048190,41391,1720,499428,34980,1,772128,702072,723,701349,661759,81366,596569,35337,49298,1961,403,13910,56146,1031961,852885,767604,85281,64611,12842,7828,7543,6721,88,554,95,85,1560,12214,12239,145520,731
2474,38543,17251,17236,15708,1528,15,21292,35020,2,17920,14023,7,14016,13072,3873,8471,645,2450,143,9,566,3331,15252,14429,13571,858,520,247,91,0,0,0,0,0,0,0,227,266,330,731
2475,29905,15522,15507,14127,1380,15,14383,35060,2,13866,10207,4,10203,9480,2534,6615,546,1333,105,58,317,3342,14014,13083,11675,1408,986,180,242,24,24,0,0,0,0,72,292,171,372,731
2476,99953,56316,51075,48510,2565,5241,43637,35100,1,49949,40998,149,40849,37713,3631,35575,2791,2923,140,35,493,8458,53149,47784,42529,5255,3266,1069,920,84,69,0,0,0,15,102,770,1006,3403,731
2477,30720,17702,17656,16966,690,46,13018,35140,2,15027,12168,48,12120,10841,3481,7273,885,1849,311,0,321,2538,16467,15368,14090,1278,730,256,292,0,0,0,0,0,0,64,289,179,567,731
2478,40063,21615,21580,20604,976,35,18448,35220,2,18549,15750,80,15670,14106,2695,11789,1309,1494,234,5,504,2295,20169,18359,16531,1828,1375,291,162,51,51,0,0,0,0,18,310,142,1289,731
2479,71031,41729,41713,38886,2827,16,29302,35260,2,35933,30510,106,30404,26175,4089,25153,3787,1588,184,36,577,4846,38089,33009,29673,3336,2691,381,264,215,215,0,0,0,0,42,853,250,3720,731
2480,712132,462927,462537,433106,29431,390,249205,35300,1,341885,303771,789,302982,270680,34473,262619,30247,10823,569,218,7685,30429,424644,345170,310458,34712,28112,4300,2300,11897,8813,528,2292,198,66,1650,15427,5342,45158,731
2481,1017399,633910,629110,586847,42263,4800,383489,35380,1,498271,427031,496,426535,395554,61391,351388,27815,39761,1380,86,11855,59385,576650,487333,433549,53784,40716,7867,5201,11330,9837,151,132,1146,64,4784,14506,8875,49822,731
2482,74172,45751,45751,43237,2514,0,28421,35420,2,37774,31341,102,31239,27014,4648,24251,3457,2805,651,23,939,5494,42276,38052,35169,2883,1954,499,430,10,10,0,0,0,0,556,604,490,2564,731
2483,43260,21812,21795,20107,1688,17,21448,35440,2,22483,20172,97,20075,17303,2061,16779,2265,1802,257,123,446,1865,19621,16312,13932,2380,1778,454,148,106,88,0,0,0,18,78,635,181,2309,731
2484,29708,15700,15667,14689,978,33,14008,35460,2,14547,10872,26,10846,9072,3563,6064,1235,1410,284,0,401,3274,14604,13562,11867,1695,1376,313,6,1,0,0,0,1,0,0,152,203,686,731
2485,20910,13866,13866,13487,379,0,7044,35580,2,10926,9343,48,9295,8482,1221,7416,705,1072,69,0,189,1394,13314,11705,10895,810,549,117,144,59,59,0,0,0,0,36,431,53,1030,731
2486,16156014,10476113,10467525,9782344,685181,8588,5679901,35620,1,7321054,6558855,9249,6549606,6076650,774564,5664506,435601,284624,9197,3543,140067,622132,9537695,5018246,4432975,585271,416956,87093,81222,2491807,618655,1562038,266847,20135,24132,70839,519586,199530,1237687,731
2487,124573,76167,76120,71098,5022,47,48406,35660,1,63512,52735,255,52480,48003,9949,39090,3891,4516,402,11,3499,7278,69571,60577,54549,6028,4795,732,501,297,225,17,50,3,2,206,1914,606,5971,731
2488,36907,21106,21064,18990,2074,42,15801,35700,2,16651,13771,54,13717,12070,2320,9703,1161,3031,236,12,381,2499,18616,16675,14664,2011,1343,436,232,198,198,0,0,0,0,110,204,348,1081,731
2489,37774,25632,25587,24998,589,45,12142,35740,2,19115,16152,97,16055,14139,2757,11843,1491,2030,230,24,847,2116,24728,22173,20208,1965,1184,420,361,71,71,0,0,0,0,117,616,242,1509,731
2490,28523,18157,18157,17556,601,0,10366,35820,2,14985,13038,55,12983,11574,2043,10021,1186,1027,137,66,435,1512,17073,15697,14676,1021,805,106,110,46,45,0,1,0,0,118,360,201,651,731
2491,728220,374363,373534,357476,16058,829,353857,35840,1,361001,325893,512,325381,297406,32206,286597,25496,14150,1089,92,13305,21803,351471,292109,259926,32183,24669,4438,3076,1485,1285,78,39,62,21,1946,3702,4776,47453,731
2492,22043,13839,13805,13110,695,34,8204,35860,2,10461,8862,0,8862,7639,1804,6080,1073,892,73,48,251,1348,12758,12136,10619,1517,1270,130,117,0,0,0,0,0,0,20,111,16,475,731
2493,54382,30470,30382,28568,1814,88,23912,35900,2,27249,23033,84,22949,17692,2364,20039,5055,951,101,0,417,3799,28177,25585,22940,2645,2202,133,310,31,31,0,0,0,0,0,266,155,2140,731
2494,46268,28658,28646,27395,1251,12,17610,35940,2,23096,19885,126,19759,17616,3529,14768,1838,1857,156,28,534,2677,26975,24833,22558,2275,1738,401,136,86,86,0,0,0,0,89,601,269,1097,731
2495,222025,144062,138593,131481,7112,5469,77963,35980,1,109573,99324,139,99185,91124,10247,87025,7352,4287,154,23,1927,8322,132973,111917,102266,9651,7864,1143,644,1677,1150,65,347,34,81,263,3351,1672,14093,731
2496,72697,41752,34429,32542,1887,7323,30945,36020,2,35498,33299,109,33190,30253,2877,28743,2706,2457,199,0,650,1549,38999,31894,28023,3871,3163,325,383,789,248,0,95,0,446,177,1102,380,4657,731
2497,316405,151459,151277,142390,8887,182,164946,36100,1,154996,137393,486,136907,122124,14756,111598,12247,13876,1405,51,2870,14733,139755,124054,109739,14315,11893,1546,876,202,184,18,0,0,0,416,708,1769,12606,731
2498,80856,45927,45141,42214,2927,786,34929,36140,1,43277,38964,90,38874,34896,4761,33469,3737,1183,96,27,1080,3233,42154,35774,32469,3305,2942,263,100,320,272,12,12,12,12,573,1578,787,3122,731
2499,118118,79446,79398,74794,4604,48,38672,36220,1,60676,51137,0,51137,46343,7862,38427,3804,6212,349,129,1857,7682,73281,68743,59875,8868,5602,2005,1261,180,173,0,0,7,0,107,871,898,2482,731
2500,513244,357092,353036,343494,9542,4056,156152,36260,1,224208,209700,353,209347,199030,19278,178754,8357,21161,882,133,4994,9514,342068,284472,253933,30539,22434,4626,3479,4173,2404,49,1590,94,36,966,4322,3120,45015,731
2501,89757,47768,47737,44742,2995,31,41989,36300,2,41399,34755,91,34664,29793,4113,28860,4235,2388,308,13,1266,5378,43767,37709,33829,3880,2946,479,455,87,80,1,0,3,3,82,2439,706,2744,731
2502,42175,23307,23287,21733,1554,20,18868,36340,2,21323,18240,161,18079,14841,3005,14038,2919,1364,202,14,379,2704,21359,18905,16873,2032,1695,163,174,105,99,0,4,0,2,0,585,144,1620,731
2503,32474,16377,16377,15371,1006,0,16097,36380,2,14919,12102,85,12017,10916,1698,9429,858,1661,163,0,369,2448,15091,13252,11049,2203,1564,248,391,170,170,0,0,0,0,107,328,279,955,731
2504,1123214,732491,723640,691289,32351,8851,390723,36420,1,554748,496458,689,495769,459674,76944,392413,30937,40462,2660,476,11666,46624,688627,606857,546070,60787,46301,9208,5278,2492,2133,47,32,155,125,1608,11463,8602,57605,731
2505,62073,35173,35118,33221,1897,55,26900,36460,2,31491,25288,123,25165,20956,4405,17642,3280,3717,656,49,733,5470,32488,28038,25061,2977,2453,293,231,146,135,11,0,0,0,91,1542,466,2205,731
2506,239505,148397,142438,134622,7816,5959,91108,36500,1,115695,107121,196,106925,97415,8874,95050,8138,5657,683,14,2597,5977,137214,110282,97763,12519,9828,1577,1114,1999,1683,63,165,13,75,499,2831,1681,19922,731
2507,749450,525215,519584,501789,17795,5631,224235,36540,1,378359,341841,694,341147,317376,37175,293056,21582,18951,846,220,9209,27309,499645,427687,388058,39629,29572,6117,3940,3401,3263,15,4,43,76,679,7822,5053,55003,731
2508,51534,28886,28757,27331,1426,129,22648,36580,2,22305,19036,109,18927,15571,2209,14243,2569,2730,652,10,697,2572,26908,22200,19820,2380,1715,320,345,172,159,12,1,0,0,43,2002,211,2280,731
2509,44058,23701,23666,22405,1261,35,20357,36620,2,19304,16513,70,16443,15086,3502,11243,1079,2076,169,26,561,2230,22021,19509,17746,1763,1548,83,132,18,3,0,0,0,15,48,797,321,1328,731
2510,63217,33144,32999,30717,2282,145,30073,36660,2,30888,21331,98,21233,18141,5749,13662,2491,2229,257,29,1486,8071,29973,27179,24416,2763,2095,441,227,65,32,33,0,0,0,74,558,403,1694,731
2511,67747,35875,35875,32571,3304,0,31872,36700,2,32687,25087,195,24892,22806,7488,15650,1538,3001,361,37,709,6891,31563,29026,26485,2541,1637,502,402,44,35,9,0,0,0,52,379,291,1771,731
2512,2172098,1408207,1405812,1331818,73994,2395,763891,36740,1,948499,870682,1020,869662,816379,90245,753210,48260,52428,1750,497,19203,58614,1309178,1082802,959341,123461,94533,16783,12145,14499,13140,560,639,128,32,4254,14792,23200,169631,731
2513,140524,93008,92881,90628,2253,127,47516,36780,1,71943,64032,268,63764,56809,8711,52325,6175,4175,359,52,2071,5840,88979,77493,70939,6554,5228,807,519,512,471,10,0,14,17,633,1841,469,8031,731
2514,17448,11485,11485,11101,384,0,5963,36820,2,8873,7604,35,7569,6892,1481,5471,499,876,143,1,322,947,11000,9759,8904,855,715,119,21,4,4,0,0,0,0,10,535,47,645,731
2515,14223,8868,8863,8305,558,5,5355,36830,2,6304,5362,2,5360,5062,1550,3292,169,746,107,19,184,758,8050,7193,5880,1313,1150,40,123,6,6,0,0,0,0,7,259,159,426,731
2516,121085,75738,75715,71615,4100,23,45347,36837,2,61431,52473,225,52248,47250,8048,39196,4079,6906,678,25,1646,7312,69595,64384,58693,5691,4075,972,644,107,69,15,0,21,2,156,1141,807,3000,731
2517,20706,13479,13456,13107,349,23,7227,36840,2,10185,8278,12,8266,7407,1391,5565,606,1583,224,18,341,1566,12700,11148,10060,1088,742,295,51,7,7,0,0,0,0,0,192,277,1076,731
2518,27992,17236,17223,16468,755,13,10756,36900,2,14193,11427,49,11378,10254,2418,8198,970,904,83,17,530,2236,16045,14743,12877,1866,1447,293,126,111,111,0,0,0,0,0,344,170,677,731
2519,29205,19815,19812,19136,676,3,9390,36940,2,15011,12992,10,12982,12209,1723,10424,625,1042,69,22,427,1592,18758,16561,15444,1117,798,234,85,160,100,0,0,0,60,21,535,195,1286,731
2520,94865,57752,57708,55227,2481,44,37113,36980,1,47797,41955,41,41914,38024,6972,32014,3441,3684,290,54,833,5009,54245,50643,46167,4476,3195,906,375,122,115,7,0,0,0,78,632,344,2426,731
2521,46935,26242,26229,25497,732,13,20693,37060,2,18702,16644,0,16644,15679,2403,13196,528,2030,75,0,633,1425,24693,22148,20281,1867,1667,65,135,265,237,0,0,0,28,86,741,99,1354,731
2522,676993,436577,432376,409387,22989,4201,240416,37100,1,275653,253665,293,253372,237732,21634,224297,13898,17984,954,162,5222,16766,402639,338002,298220,39782,28465,7024,4293,3366,2421,201,608,0,136,1451,6329,3525,49966,731
2523,39197,21870,19642,18115,1527,2228,17327,37120,2,19400,16064,17,16047,15006,4115,10791,755,2101,191,4,752,2584,19769,18292,16464,1828,1615,113,100,36,36,0,0,0,0,0,492,257,692,731
2524,79761,44546,44524,42767,1757,22,35215,37140,2,38909,33463,58,33405,30257,8067,23516,2452,2820,468,22,1111,4335,42200,38425,35330,3095,2395,396,304,240,212,0,0,0,28,73,677,634,2151,731
2525,44286,18500,18500,16775,1725,0,25786,37220,2,21847,16963,0,16963,15243,2287,11466,1194,4318,401,0,1305,3579,16552,14323,12526,1797,1446,192,159,94,68,26,0,0,0,0,347,467,1321,731
2526,59578,28418,28418,25898,2520,0,31160,37260,2,29782,24624,78,24546,21852,5236,16725,2126,2821,322,87,639,4519,25550,22775,20045,2730,2130,263,337,72,42,0,30,0,0,179,326,183,2015,731
2527,48393,20845,20827,20005,822,18,27548,37300,2,16899,13888,78,13810,11605,3173,8726,1666,3004,423,0,394,2617,19753,18666,16706,1960,1250,560,150,51,51,0,0,0,0,0,127,268,641,731
2528,514152,288778,286362,272451,13911,2416,225374,37340,1,246650,225334,397,224937,203003,19821,198758,19965,13323,808,93,5975,15341,269483,228392,209502,18890,15550,2213,1127,1846,1783,8,17,0,38,1196,2879,4000,31170,731
2529,17183,9944,9944,9426,518,0,7239,37420,2,8341,6891,13,6878,6132,1346,4821,644,1119,61,0,225,1225,9227,8559,7514,1045,893,106,46,0,0,0,0,0,0,0,111,215,342,731
2530,147703,91416,88474,84899,3575,2942,56287,37460,1,74678,67649,105,67544,63254,10534,54564,3924,3797,146,12,1878,5151,85923,76648,67085,9563,6856,1761,946,477,408,0,0,69,0,301,944,917,6636,731
2531,36327,21562,21562,19940,1622,0,14765,37500,2,17741,14985,3,14982,13862,2797,11248,990,1072,85,0,709,2047,19536,18171,16084,2087,1544,111,432,31,18,0,0,0,13,0,536,203,595,731
2532,26438,13397,13326,12788,538,71,13041,37540,2,13133,10541,31,10510,9205,2139,7622,1005,926,202,11,237,2355,12545,11338,10608,730,582,77,71,73,18,0,0,55,0,14,45,606,469,731
2533,39424,23806,23806,22879,927,0,15618,37580,2,20122,15427,17,15410,14262,3470,9663,834,2490,174,45,997,3698,22572,20062,18244,1818,1180,399,239,17,17,0,0,0,0,16,746,412,1319,731
2534,73098,40073,39958,37913,2045,115,33025,37620,1,37693,31494,99,31395,25672,4465,25553,4802,1919,750,32,1103,5096,37469,33542,30415,3127,2706,217,204,241,241,0,0,0,0,57,706,257,2666,731
2535,15748,9412,9406,9176,230,6,6336,37660,2,7956,6556,47,6509,5786,976,4535,490,947,136,57,210,1190,9028,8278,7035,1243,1039,154,50,8,4,4,0,0,0,13,189,25,515,731
2536,44145,20187,20087,18692,1395,100,23958,37740,2,22714,17339,67,17272,14111,2624,12070,2272,3138,724,20,573,4802,18434,16176,13518,2658,2118,342,198,7,7,0,0,0,0,37,391,195,1628,731
2537,14538,7113,7113,6930,183,0,7425,37770,2,4709,3183,0,3183,2285,527,2382,755,306,121,0,137,1389,6830,6214,5754,460,342,47,71,0,0,0,0,0,0,0,221,126,269,731
2538,11213,6843,6843,6370,473,0,4370,37780,2,4157,2946,0,2946,2811,323,2153,119,831,6,0,65,1146,6294,6133,4902,1231,987,77,167,0,0,0,0,0,0,0,5,69,87,731
2539,26517,17201,17165,16772,393,36,9316,37800,2,13310,11356,37,11319,10294,1817,8271,803,1494,162,15,543,1411,16435,14202,13199,1003,762,118,123,52,40,0,0,0,12,60,717,187,1217,731
2540,414472,249472,234179,220942,13237,15293,165000,37860,1,196061,175373,324,175049,160813,18512,149238,12239,12876,1078,95,3979,16709,229881,189733,170309,19424,14669,3254,1501,1253,1196,45,0,0,12,1104,6578,3913,27300,731
2541,320205,195644,195142,184793,10349,502,124561,37900,1,166063,144077,457,143620,124050,22691,113421,17630,10319,1243,99,4235,17751,181545,160523,146919,13604,10762,1653,1189,1207,1199,0,2,0,6,393,3378,1233,14811,731
2542,29250,16148,16110,15383,727,38,13102,37940,2,13069,10870,27,10843,9834,2411,6786,707,1970,165,1,332,1867,15136,14009,12616,1393,1160,169,64,44,44,0,0,0,0,76,229,127,651,731
2543,5050430,3324410,3313788,3110877,202911,10622,1726020,37980,1,2419824,2183614,2952,2180662,2018198,230125,1912690,149758,94898,3999,1242,51646,184564,3052356,2237122,2023019,214103,165675,28965,19463,220148,116038,49940,45643,8392,135,17346,95751,42417,439572,731
2544,3875546,2474539,2467222,2346818,120404,7317,1401007,38060,1,1817050,1657345,2941,1654404,1515938,186000,1404109,116795,142462,10951,950,39791,119914,2313702,1829329,1599520,229809,174327,33255,22227,29725,25722,936,396,2466,205,12149,31563,42031,368905,731
2545,45065,24581,24581,23210,1371,0,20484,38100,2,21188,17050,32,17018,15610,2736,12891,1237,2276,109,3,956,3182,22433,19986,17356,2630,2276,332,22,0,0,0,0,0,0,0,325,612,1510,731
2546,16253,10983,10954,10913,41,29,5270,38180,2,8635,7672,19,7653,6695,756,6671,920,602,15,0,165,798,10890,9810,8643,1167,866,206,95,65,40,0,0,0,25,16,284,25,690,731
2547,72057,34353,34343,32004,2339,10,37704,38220,1,30398,22343,116,22227,21066,6917,12955,852,2983,191,45,1430,6625,31362,28832,26798,2034,1678,160,196,157,138,0,0,19,0,0,305,249,1819,731
2548,81483,47203,43519,41529,1990,3684,34280,38240,2,41782,36891,104,36787,33192,3174,31569,3055,3854,395,0,829,4062,44256,37209,33851,3358,2393,765,200,45,11,0,34,0,0,30,461,1743,4768,731
2549,31438,20354,20326,19531,795,28,11084,38260,2,15806,13507,24,13483,12479,2206,10777,919,722,39,11,363,1936,19152,17649,16148,1501,1110,191,200,0,0,0,0,0,0,114,462,162,765,731
2550,1974131,1239802,1238258,1175266,62992,1544,734329,38300,1,1020243,894827,2586,892241,798529,99800,772868,86612,33406,3017,562,18913,106503,1153032,902968,821253,81715,67808,8352,5555,47827,42840,1967,122,2727,171,2544,35208,11828,152657,731
2551,110329,67776,67745,64150,3595,31,42553,38340,1,56078,49334,135,49199,43095,4792,42352,5628,2386,273,71,1552,5192,62128,50943,45702,5241,4208,610,423,672,480,143,35,14,0,163,3351,456,6543,731
2552,24666,14640,14606,13924,682,34,10026,38380,2,10997,8720,30,8690,7435,2278,6030,1151,814,43,0,276,2001,13458,12846,11202,1644,1237,285,122,20,20,0,0,0,0,2,201,77,312,731
2553,42239,27039,27030,26205,825,9,15200,38420,2,19863,16563,110,16453,12986,2025,12275,2850,2408,346,103,814,2486,25660,20875,19460,1415,1095,166,154,84,84,0,0,0,0,87,1728,466,2420,731
2554,67113,37832,37687,35932,1755,145,29281,38460,2,32651,28077,119,27958,24200,2741,24069,3336,1809,197,8,1201,3373,35098,30881,27578,3303,2673,345,285,58,8,26,0,0,24,95,1495,323,2246,731
2555,36169,22414,22387,21716,671,27,13755,38500,2,16915,13389,217,13172,11150,1758,9469,1587,2180,250,50,481,3045,21335,18923,16746,2177,1683,245,249,27,27,0,0,0,0,509,583,368,925,731
2556,73392,45532,45478,43077,2401,54,27860,38540,1,35375,30983,79,30904,27774,4253,24588,2849,3169,152,25,1326,3066,42307,36310,32496,3814,2723,531,560,425,425,0,0,0,0,249,1176,448,3699,731
2557,44250,22032,22013,21223,790,19,22218,38580,2,21423,16503,20,16483,14448,3145,10636,1467,2795,489,0,663,4257,20707,19150,17920,1230,920,190,120,62,48,0,0,0,14,13,301,123,1058,731
2558,34208,20146,20110,18854,1256,36,14062,38620,2,16632,13136,14,13122,10954,2831,9107,1876,1626,193,19,743,2753,18612,17187,14922,2265,1449,539,277,0,0,0,0,0,0,14,302,375,734,731
2559,187135,74642,74427,63287,11140,215,112493,38660,1,81920,63782,219,63563,60634,24369,35944,2575,8796,286,16,1056,17082,62243,57563,53615,3948,2748,806,394,183,138,0,0,45,0,252,1307,655,2283,731
2560,29072,17352,17350,16707,643,2,11720,38700,2,14665,12305,44,12261,11112,1889,8767,918,1868,161,35,269,2091,16394,14495,13207,1288,867,153,268,7,4,0,0,0,3,199,398,252,1043,731
2561,42292,22830,22820,21690,1130,10,19462,38740,2,20205,16275,68,16207,14298,3843,10590,1329,2130,448,21,456,3474,21341,19650,16834,2816,2199,451,166,103,103,0,0,0,0,29,261,187,1111,731
2562,14906,9327,9131,8526,605,196,5579,38780,2,6961,5734,1,5733,5083,1004,4258,534,617,98,2,123,1104,8672,7982,6723,1259,1066,41,152,22,22,0,0,0,0,19,276,43,330,731
2563,66079,32442,31956,30216,1740,486,33637,38820,2,34128,30945,101,30844,26234,3654,25033,3917,2947,388,24,550,2633,29996,24488,21399,3089,2258,427,404,285,278,1,0,0,6,103,1341,345,3434,731
2564,464474,310943,309606,299167,10439,1337,153531,38860,1,233648,212391,706,211685,190419,18379,188336,20009,8025,497,168,5863,15394,294475,232370,209055,23315,19751,2033,1531,2062,1491,143,153,3,272,1371,11945,2927,43800,731
2565,2046012,1364692,1362871,1293858,69013,1821,681320,38900,1,986857,915959,2123,913836,856519,87122,799211,50718,47246,2819,487,22714,48184,1269200,917167,816021,101146,78256,13996,8894,54144,39482,3111,1857,9481,213,19128,38991,15698,224072,731
2566,15990,10031,10031,9691,340,0,5959,38920,2,8045,6466,0,6466,5995,1220,4296,319,1197,40,99,289,1290,9608,9273,8210,1063,788,275,0,0,0,0,0,0,0,0,159,0,176,731
2567,413410,224752,224341,212045,12296,411,188658,38940,1,193167,175578,272,175306,163633,18120,151883,10595,12789,520,9,4738,12851,208564,180831,163813,17018,13275,2327,1416,488,379,12,90,7,0,1060,2508,2776,20901,731
2568,59736,28866,28857,26689,2168,9,30870,39020,2,28030,23427,97,23330,19339,2436,18831,3202,2314,638,15,562,4041,26345,24082,22119,1963,1596,230,137,6,6,0,0,0,0,61,460,142,1594,731
2569,118431,68315,68188,64570,3618,127,50116,39060,2,56987,47280,242,47038,41890,6230,38318,4696,2987,236,32,917,8790,63364,57068,50883,6185,5030,706,449,273,229,4,20,0,20,50,1978,611,3384,731
2570,560372,353877,350178,332042,18136,3699,206495,39100,1,249112,222972,525,222447,201729,21601,197098,19231,9264,363,229,4924,21216,328751,261491,234875,26616,20442,3239,2935,14670,5517,1785,7126,140,102,344,10949,5320,35977,731
2571,205150,99921,99854,94954,4900,67,105229,39150,1,106542,95450,511,94939,84008,11927,74329,8591,13099,1572,84,2070,9022,92865,77854,68621,9233,7078,1012,1143,193,155,14,0,0,24,261,2888,1433,10236,731
2572,15706,8907,8852,8256,596,55,6799,39220,2,7998,6631,46,6585,6012,650,5271,513,717,37,9,412,955,8067,7298,6404,894,477,112,305,34,26,0,8,0,0,24,166,46,499,731
2573,20584,11781,11781,11300,481,0,8803,39260,2,10291,9024,15,9009,8304,1013,6161,531,1950,149,6,241,1026,11025,9704,8887,817,617,187,13,4,4,0,0,0,0,20,98,68,1131,731
2574,1385338,901322,897156,844908,52248,4166,484016,39300,1,662080,586083,1042,585041,534548,68005,506385,47512,20612,1082,176,14666,61331,827819,701775,634374,67401,51263,9905,6233,15797,9102,904,5585,42,164,2190,21075,9928,77054,731
2575,483164,344112,343436,331731,11705,676,139052,39340,1,190765,174097,318,173779,165811,10893,154696,6726,15153,635,84,11475,5193,325907,255587,223512,32075,24739,4300,3036,5850,3395,306,1911,238,0,2103,10336,2771,49260,731
2576,135075,75345,74855,70427,4428,490,59730,39380,1,67090,56601,184,56417,50766,8268,45346,5051,4828,280,89,1391,9098,69850,63691,56275,7416,5274,1104,1038,429,379,0,0,8,42,123,1027,530,4050,731
2577,40669,24590,24490,22847,1643,100,16079,39420,2,17963,15248,42,15206,13578,1330,12897,1377,1413,162,14,1677,1038,22363,16151,13786,2365,1600,309,456,840,839,0,1,0,0,373,2761,248,1990,731
2578,170362,72153,72081,67994,4087,72,98209,39460,1,84671,76106,121,75985,68389,10442,62681,6617,5075,164,55,1516,7049,66322,54397,49548,4849,3793,420,636,165,93,15,0,0,57,342,705,1550,9163,731
2579,60681,39270,39227,37608,1619,43,21411,39500,2,30819,25562,111,25451,21106,3738,19916,3590,2248,378,106,910,4347,37159,33486,30525,2961,2351,372,238,261,236,0,14,0,11,25,871,352,2164,731
2580,157477,100725,100635,96247,4388,90,56752,39540,1,79100,70392,137,70255,64681,7550,59778,4927,5061,274,111,1908,6800,94221,82912,75538,7374,5630,1156,588,966,832,0,108,0,26,158,925,1845,7415,731
2581,1126359,775697,774643,742192,32451,1054,350662,39580,1,536357,494983,531,494452,467080,41955,437542,24004,34650,1463,356,10097,31277,730417,561519,510187,51332,38822,7690,4820,4549,4386,24,82,29,28,1081,8119,8188,146961,731
2582,112559,74323,71702,69227,2475,2621,38236,39660,1,56249,49857,224,49633,44763,5445,42168,4522,3013,230,12,1603,4789,70542,61670,55436,6234,4697,781,756,228,228,0,0,0,0,343,1625,964,5712,731
2583,15901,8795,8795,8029,766,0,7106,39700,2,5414,3863,56,3807,3229,1488,2113,476,450,102,0,389,1162,7939,7012,6374,638,501,127,10,0,0,0,0,0,0,0,250,49,628,731
2584,345342,223774,223434,211422,12012,340,121568,39740,1,161174,139629,551,139078,125743,18415,116431,12312,6951,443,120,2686,18859,206685,174429,157814,16615,12993,1935,1687,2499,2309,117,37,0,36,332,5915,4376,19134,731
2585,51596,27665,27635,25597,2038,30,23931,39780,2,24623,20611,115,20496,17806,4602,11322,1749,5045,732,49,777,3235,24769,21933,19882,2051,1227,480,344,23,23,0,0,0,0,8,356,210,2239,731
2586,146933,81740,81663,76314,5349,77,65193,39820,1,71107,63189,248,62941,54694,7442,48163,6385,9848,1124,155,1691,6227,74304,65495,58405,7090,5173,1227,690,404,313,44,17,0,30,579,1660,688,5478,731
2587,38444,24975,24971,23981,990,4,13469,39860,2,19633,17565,86,17479,15977,2904,13078,1264,1824,158,35,401,1667,23597,20449,18841,1608,1219,275,114,329,329,0,0,0,0,53,475,171,2120,731
2588,399292,263513,262695,249537,13158,818,135779,39900,1,194112,173894,347,173547,158753,18147,149085,13323,16218,774,110,5762,14456,245719,206056,175797,30259,22284,4615,3360,4753,4730,0,0,13,10,1048,4920,5759,23183,731
2589,53925,35144,35144,32500,2644,0,18781,39940,2,16299,13530,43,13487,12710,1959,9690,572,2325,167,0,2213,556,31927,24712,20016,4696,3716,462,518,295,201,0,0,0,94,236,2824,85,3775,731
2590,53339,31950,31950,30512,1438,0,21389,39980,2,27159,23091,71,23020,21028,4051,17235,1641,2211,139,57,886,3182,29789,26741,23648,3093,2131,480,482,71,68,0,0,0,3,1,916,439,1621,731
2591,1067891,711700,704528,670827,33701,7172,356191,40060,1,516845,456565,698,455867,424196,58242,379183,27891,28921,2313,359,13066,47214,665398,540311,490040,50271,38694,7402,4175,8533,7376,157,710,158,132,2546,10206,7776,96026,731
2592,87131,53206,53094,50037,3057,112,33925,40080,2,41888,36152,172,35980,32822,5344,28483,2488,3222,303,9,1412,4324,48500,42884,37901,4983,4034,491,458,56,56,0,0,0,0,136,1801,348,3275,731
2593,46785,27228,27228,24109,3119,0,19557,40100,2,18634,12509,18,12491,7678,1451,10279,4656,1031,138,0,191,5934,23333,20161,16701,3460,2926,369,165,0,0,0,0,0,0,0,877,293,2002,731
2594,3585613,2200465,2180516,2029001,151515,19949,1385148,40140,1,1409904,1287277,1527,1285750,1179768,151252,1075995,91651,132130,8028,718,34393,88234,1994724,1737991,1517992,219999,158027,34778,27194,18640,11562,998,5426,512,142,3981,26061,25586,182465,731
2595,30754,18829,18827,17285,1542,2,11925,40180,2,14617,12462,62,12400,7844,1465,9160,3830,1611,608,58,322,1833,16314,13660,12323,1337,1072,186,79,79,49,25,0,0,5,255,688,207,1425,731
2596,257875,155690,155038,148765,6273,652,102185,40220,1,128755,108846,331,108515,98878,14233,89166,8266,7134,732,145,2702,17207,146506,125265,115608,9657,7241,1290,1126,1683,1643,19,16,5,0,122,2676,1424,15336,731
2597,54608,27606,27585,25148,2437,21,27002,40260,2,27602,18202,50,18152,15723,2648,14171,1924,1892,228,71,1696,7704,24398,22188,19828,2360,1437,487,436,21,21,0,0,0,0,0,256,482,1451,731
2598,41650,26488,26485,24893,1592,3,15162,40300,2,20807,17862,148,17714,15993,2439,13513,1393,2577,243,10,398,2547,24422,22132,20235,1897,1577,239,81,158,72,6,0,19,61,22,316,278,1516,731
2599,177810,124383,124310,120276,4034,73,53427,40340,1,91486,81595,249,81346,75094,8687,68199,5444,6288,547,55,3307,6584,118223,96142,83152,12990,9910,1869,1211,3418,3374,0,7,0,37,660,4055,1231,12717,731
2600,893322,558339,557922,529966,27956,417,334983,40380,1,448717,395813,1082,394731,355693,43272,341754,35475,18334,1486,379,12510,40394,519115,433395,392433,40962,33434,4400,3128,7839,7359,297,78,8,97,2075,13892,5496,56418,731
2601,268250,168576,168511,155826,12685,65,99674,40420,1,134238,116736,174,116562,107115,16785,94101,8037,8919,665,202,3847,13655,152553,137304,121980,15324,11957,1753,1614,866,762,26,61,0,17,404,1480,1555,10944,731
2602,34394,19928,19763,17862,1901,165,14466,40460,2,16605,13286,61,13225,11691,2221,10295,1426,1217,56,11,214,3105,17681,16875,14953,1922,1367,310,245,34,34,0,0,0,0,0,241,99,432,731
2603,20308,9714,9714,9291,423,0,10594,40530,2,11412,10205,1,10204,9437,2253,6778,408,1329,144,42,223,984,8833,7403,6597,806,675,97,34,51,51,0,0,0,0,51,145,244,939,731
2604,32578,22266,22219,20950,1269,47,10312,40540,2,16335,14607,102,14505,13205,1878,11470,1067,2265,160,20,483,1245,20668,18820,15970,2850,2115,404,331,417,413,0,0,0,4,147,572,94,618,731
2605,116227,68504,68433,63539,4894,71,47723,40580,1,57143,45656,126,45530,41801,7527,35903,3296,3594,260,6,785,10702,62465,55827,50639,5188,3688,1123,377,443,443,0,0,0,0,20,560,942,4673,731
2606,36482,19959,19933,19103,830,26,16523,40620,2,17730,15649,34,15615,13908,2640,11896,1282,1435,156,38,396,1685,18728,16679,14048,2631,2101,337,193,0,0,0,0,0,0,35,741,124,1149,731
2607,78821,45546,45478,43616,1862,68,33275,40660,1,35996,30716,28,30688,28119,4895,24223,2247,3169,84,21,979,4301,42651,38415,34112,4303,2996,1008,299,74,63,0,0,0,11,99,1325,566,2172,731
2608,92618,46545,46452,43613,2839,93,46073,40700,2,46242,39705,159,39546,34588,5435,31428,4036,3925,602,31,1042,5495,42065,36575,31282,5293,4295,672,326,53,53,0,0,0,0,69,1143,320,3905,731
2609,50138,28113,28091,26612,1479,22,22025,40740,2,23280,17526,63,17463,15069,3490,12142,1873,2496,328,25,1298,4456,25977,24111,21807,2304,1238,618,448,127,124,3,0,0,0,85,407,328,919,731
2610,17252,8890,8879,8406,473,11,8362,40760,2,9031,7269,55,7214,6278,1329,4842,587,1097,142,9,700,1062,8220,6838,6256,582,284,247,51,10,10,0,0,0,0,0,87,167,1118,731
2611,66977,37895,37806,36088,1718,89,29082,40780,2,31435,25831,36,25795,22552,4294,20003,2963,1971,140,24,936,4668,35670,32697,28753,3944,3247,229,468,76,76,0,0,0,0,32,554,570,1741,731
2612,39982,22155,22096,21178,918,59,17827,40820,2,18043,14827,15,14812,13572,3733,9715,1101,1824,67,3,361,2855,20920,18134,16590,1544,1040,133,371,0,0,0,0,0,0,30,596,88,2072,731
2613,51344,30563,30548,29244,1304,15,20781,40860,2,25334,21142,123,21019,14778,1755,18456,5874,1060,168,45,983,3209,28803,25352,23460,1892,1288,232,372,132,126,4,2,0,0,15,813,169,2322,731
2614,1919966,1197967,1194505,1125890,68615,3462,721999,40900,1,867690,803332,1427,801905,751792,84284,683043,43018,77770,3419,621,16355,48003,1101133,864662,769367,95295,70181,14451,10663,17125,11098,1090,1420,3340,177,12075,18148,16080,173043,731
2615,29531,14957,14957,14064,893,0,14574,40940,2,12018,9914,18,9896,8916,1785,6661,685,1865,257,15,210,1894,13864,12937,11513,1424,979,140,305,34,34,0,0,0,0,0,174,136,583,731
2616,154339,87417,87326,81523,5803,91,66922,40980,1,78000,67401,225,67176,58009,10039,53844,8263,4872,433,17,1876,8723,79772,71393,64447,6946,5443,1049,454,300,268,0,0,30,2,148,1656,709,5566,731
2617,157859,112018,111670,106879,4791,348,45841,41060,1,76821,68106,313,67793,62482,8908,54905,4756,4535,259,64,2553,6162,104643,88655,81000,7655,5661,1044,950,1528,1404,11,94,11,8,448,4814,833,8365,731
2618,143048,80832,80763,78297,2466,69,62216,41100,1,64151,58605,138,58467,49998,6354,47327,6668,7795,1284,205,1453,4093,77459,64517,57221,7296,5243,1233,820,334,294,0,0,0,40,337,1034,820,10417,731
2619,98412,58188,57782,55260,2522,406,40224,41140,1,46678,38466,96,38370,35068,7714,28108,2811,3301,267,39,1164,7048,54585,49907,44555,5352,3928,1030,394,155,144,0,0,0,11,24,756,529,3214,731
2620,2270138,1479789,1473769,1409629,64140,6020,790349,41180,1,1146082,1026302,1976,1024326,943765,122564,851275,68001,92781,6495,1198,22397,97383,1390743,1166855,1075395,91460,72147,11439,7874,21218,17019,2179,569,1360,91,2533,21750,13486,164901,731
2621,43299,26922,23072,21987,1085,3850,16377,41220,2,20345,18264,0,18264,16499,1446,16163,1523,1399,143,18,798,1283,25574,21721,19695,2026,1743,236,47,198,198,0,0,0,0,163,1151,145,2196,731
2622,25717,16022,16011,14970,1041,11,9695,41260,2,13485,11360,92,11268,9528,1223,9470,1497,1101,135,6,349,1776,14790,13769,12349,1420,1153,242,25,64,44,0,0,0,20,41,396,141,379,731
2623,83979,48751,48745,46351,2394,6,35228,41400,2,41251,34763,99,34664,30794,6201,24109,2614,4607,946,117,1408,5080,45689,41681,37281,4400,3340,694,366,137,137,0,0,0,0,308,885,521,2157,731
2624,343256,210552,210003,198636,11367,549,132704,41420,1,155682,140584,426,140158,129392,17416,115348,9274,10852,805,107,3993,11105,195544,162312,142469,19843,15389,2622,1832,2376,2337,0,10,17,12,1505,5038,2310,22003,731
2625,47735,31721,31693,30558,1135,28,16014,41460,2,24732,21454,87,21367,19646,3321,16672,1457,1927,185,34,488,2790,29661,26838,23886,2952,2208,565,179,115,84,31,0,0,0,117,508,456,1627,731
2626,336819,204219,198006,187502,10504,6213,132600,41500,1,130973,120338,101,120237,113233,23472,90255,5895,12161,600,72,2430,8205,189526,150522,131052,19470,13823,2940,2707,2502,2403,0,23,18,58,993,5421,13648,16440,731
2627,351588,201226,200761,189035,11726,465,150362,41540,1,171609,150549,353,150196,138481,23845,119422,10206,9640,740,74,3545,17515,186340,162446,147189,15257,10854,2049,2354,896,772,92,22,0,10,751,3187,2255,16805,731
2628,961308,692092,691107,666160,24947,985,269216,41620,1,429797,400013,754,399259,375941,40107,345050,20203,30137,1232,136,12724,17060,655978,518709,451225,67484,50313,9623,7548,16174,8680,1193,1861,4329,111,3576,12306,6271,98942,731
2629,95826,61682,58787,56965,1822,2895,34144,41660,1,46488,39534,136,39398,35764,5626,31180,3000,3869,339,122,1678,5276,58554,51127,44950,6177,4055,1282,840,222,118,47,0,0,57,204,2300,660,4041,731
2630,2009139,1307542,1281981,1214747,67234,25561,701597,41700,1,930395,827849,550,827299,762722,111170,679661,56534,76488,4961,538,26743,75803,1216437,1025805,892173,133632,96038,23245,14349,16575,16162,44,192,8,169,2459,20434,17514,133650,731
2631,2669130,1767452,1681442,1574825,106617,86010,901678,41740,1,1149157,1077653,1293,1076360,1013630,103523,940958,55724,79092,3255,450,17759,53745,1622954,1264039,1126502,137537,100146,21518,15873,36235,28037,1023,1865,4838,472,7520,46996,26497,241667,731
2632,39783,20721,20721,19991,730,0,19062,41760,2,19228,16432,49,16383,14218,3297,9094,1295,4003,727,31,408,2388,19490,15987,14518,1469,1197,247,25,191,170,0,21,0,0,421,643,245,2003,731
2633,61921,38099,38065,35755,2310,34,23822,41780,2,32103,27146,134,27012,23328,2851,22764,3386,2338,117,21,1931,3026,35164,32608,29587,3021,2466,196,359,224,176,0,0,8,40,30,426,464,1412,731
2634,50259,30414,30129,28570,1559,285,19845,41820,2,24050,18050,25,18025,16691,1352,16261,1037,1367,47,19,3353,2647,28339,26249,23235,3014,2647,335,32,43,43,0,0,0,0,0,309,415,1323,731
2635,3892274,2612527,2609170,2473016,136154,3357,1279747,41860,1,1723229,1611125,2014,1609111,1529168,134428,1437998,70546,93424,3783,1154,27774,84330,2391418,1438631,1240502,198129,145408,33735,18986,282730,126428,111437,27403,11028,6434,36675,97625,49309,486448,731
2636,106761,42046,42006,36335,5671,40,64715,41900,1,44440,25519,2292,23227,18161,5569,15670,4731,1361,184,16,884,18037,35331,32423,30673,1750,1453,198,99,221,67,78,0,76,0,0,930,155,1602,731
2637,1608685,1083887,1082694,1033975,48719,1193,524798,41940,1,670204,634787,774,634013,606524,47879,569346,24500,39163,1510,161,10002,25415,1006137,735648,645152,90496,68268,13788,8440,28747,16100,2010,7693,2879,65,13808,21192,14141,192601,731
2638,1766403,845849,843332,733732,109600,2517,920554,41980,1,780900,583815,2821,580994,537568,201912,333576,38235,62385,3500,212,10796,186289,714144,634660,580275,54385,43888,7553,2944,10205,4638,1779,74,3600,114,937,18317,13589,36436,731
2639,238471,139676,138411,131506,6905,1265,98795,42020,1,108099,98957,178,98779,91764,9820,81425,5810,11411,802,88,2280,6862,129192,102497,90426,12071,9040,1928,1103,913,901,0,4,0,8,1778,5869,1277,16858,731
2640,224553,142634,142569,134104,8465,65,81919,42100,1,96487,89422,132,89290,82699,9089,75816,5239,7730,713,58,2285,4780,129470,94587,83143,11444,8689,1920,835,2332,2203,74,50,5,0,2538,5928,3010,21075,731
2641,131419,75828,75540,71477,4063,288,55591,42140,1,67866,58281,111,58170,51241,6654,45599,4524,7708,1410,155,1553,8032,70746,56761,50169,6592,4677,1481,434,512,471,20,21,0,0,413,1538,906,10616,731
2642,17025,8021,7969,7287,682,52,9004,42180,2,7230,5693,56,5637,2387,1354,3954,3039,335,205,6,40,1497,6680,6329,6033,296,246,21,29,0,0,0,0,0,0,58,35,0,258,731
2643,357739,224327,222002,208588,13414,2325,133412,42200,1,148032,135943,304,135639,127364,14882,115045,7119,9858,680,119,3507,8582,204766,161384,136332,25052,17496,4549,3007,4663,4501,22,112,0,28,5238,7811,2647,23023,731
2644,406104,262304,261458,247915,13543,846,143800,42220,1,189653,177779,586,177193,164778,16286,152514,10404,15471,819,147,2991,8883,242102,197210,174617,22593,17333,3133,2127,3185,2251,159,687,30,58,1665,5321,3283,31438,731
2645,30863,17135,17021,15711,1310,114,13728,42300,2,13747,11836,32,11804,9579,1564,8960,1889,1344,272,21,255,1656,15504,13492,11703,1789,1419,281,89,54,51,0,0,0,3,226,463,257,1012,731
2646,324359,211891,206278,193751,12527,5613,112468,42340,1,155458,138608,282,138326,128103,17849,115808,8972,8844,478,159,3528,13322,195488,170901,151908,18993,14526,2964,1503,2347,2292,49,0,6,0,1209,3556,2582,14893,731
2647,48709,27291,27268,25961,1307,23,21418,42380,2,24361,20564,205,20359,16550,2406,16305,3280,2141,297,18,675,3122,25435,22462,20357,2105,1629,302,174,28,28,0,0,0,0,0,1027,233,1685,731
2648,29674,18952,18941,18281,660,11,10722,42420,2,15818,12982,33,12949,10411,1568,10326,2310,1415,135,7,658,2178,17818,16148,14287,1861,1368,335,158,9,9,0,0,0,0,42,382,162,1075,731
2649,43027,21720,21717,20405,1312,3,21307,42460,2,20670,17247,49,17198,15195,2972,13515,1803,1182,124,0,623,2800,20023,18772,17064,1708,1330,258,120,20,14,0,6,0,0,17,201,238,775,731
2650,19507,11418,11418,10866,552,0,8089,42500,2,9693,7894,42,7852,6796,1802,5319,793,846,144,0,271,1528,10567,9579,8637,942,750,86,106,0,0,0,0,0,0,109,124,41,714,731
2651,467350,283692,283357,268047,15310,335,183658,42540,1,231292,197970,1127,196843,178116,28322,161266,16857,12085,783,127,4790,28532,263405,228837,202197,26640,20883,2770,2987,2200,2069,62,24,0,45,395,7183,3251,21539,731
2652,61517,34046,34031,32261,1770,15,27471,42620,2,28788,23993,32,23961,22426,7326,14808,1248,2406,225,28,668,4127,31811,29617,26864,2753,1995,625,133,115,115,0,0,0,0,81,573,263,1162,731
2653,3250144,2230525,2203926,2102751,101175,26599,1019619,42660,1,1565696,1467973,2110,1465863,1379653,123701,1310107,77922,64069,3030,926,29785,67938,2078385,1431243,1253417,177826,136691,23752,17383,141626,117868,5189,7952,9295,1322,17549,73210,25420,389337,731
2654,139495,67621,67068,63137,3931,553,71874,42680,1,65735,57268,136,57132,50457,5554,49473,6075,4216,214,4,1998,6469,62037,52791,47438,5353,3925,1149,279,370,291,31,20,0,28,590,436,1074,6776,731
2655,87203,37916,37916,35324,2592,0,49287,42700,1,44685,37017,131,36886,31545,6045,28039,4250,4178,597,57,1255,6413,34686,30862,26780,4082,2977,748,357,48,29,0,11,0,8,56,744,688,2288,731
2656,33562,21176,20979,20167,812,197,12386,42740,2,16696,14408,47,14361,12923,2361,10023,995,2557,261,30,276,2012,19837,17960,16138,1822,1402,170,250,39,39,0,0,0,0,44,229,323,1242,731
2657,32650,19895,19864,19430,434,31,12755,42780,2,14430,11662,81,11581,10219,2000,8890,1187,639,74,48,140,2628,19142,16198,14346,1852,1349,262,241,57,45,0,0,12,0,281,1124,137,1345,731
2658,30351,15804,15804,14359,1445,0,14547,42820,2,14753,11223,22,11201,10150,3328,6459,706,1563,240,46,319,3211,14138,13258,12222,1036,778,151,107,75,67,0,8,0,0,0,120,109,576,731
2659,65486,34101,34066,32079,1987,35,31385,42860,2,33240,26656,75,26581,24564,5864,18157,1399,3435,476,9,1311,5273,31671,28621,25040,3581,2276,823,482,166,166,0,0,0,0,0,371,391,2122,731
2660,27573,15625,15625,14920,705,0,11948,42900,2,13622,11430,48,11382,10051,1593,9292,1238,644,26,26,428,1764,14480,12627,11078,1549,1126,216,207,55,52,3,0,0,0,56,428,256,1058,731
2661,80467,48743,48541,46821,1720,202,31724,42940,2,38193,31436,62,31374,25915,5280,24059,4817,2498,447,47,1587,5170,45941,41459,35921,5538,4175,948,415,275,238,0,17,20,0,81,715,170,3241,731
2662,36353,22948,22948,22326,622,0,13405,42980,2,17574,14170,51,14119,12346,2332,10734,1401,1346,275,0,511,2893,22017,20489,18218,2271,1785,315,171,14,14,0,0,0,0,23,451,288,752,731
2663,36457,22048,22017,21264,753,31,14409,43020,2,17960,15067,130,14937,13341,3086,10448,1186,1621,208,23,288,2605,20966,17895,16722,1173,933,83,157,37,37,0,0,0,0,56,657,408,1913,731
2664,58000,31623,31557,29721,1836,66,26377,43060,2,26422,22407,57,22350,21112,5454,15155,958,2472,168,65,533,3482,29303,26801,24494,2307,1804,267,236,12,6,0,0,0,6,30,477,298,1685,731
2665,95238,62849,62821,61062,1759,28,32389,43100,1,49035,43914,153,43761,39561,5688,35507,3423,3513,468,51,1191,3930,60282,53369,48745,4624,3469,862,293,214,210,0,4,0,0,404,1080,496,4719,731
2666,80115,46393,46264,43294,2970,129,33722,43140,2,36567,28001,45,27956,25005,3965,22324,2507,2433,209,45,1748,6818,42455,38757,34994,3763,3040,310,413,2,2,0,0,0,0,0,929,334,2433,731
2667,39381,24463,24454,23327,1127,9,14918,43180,2,18469,15421,24,15397,14324,3326,10439,771,2205,189,17,572,2476,22971,21056,17385,3671,3032,404,235,17,0,0,0,17,0,0,118,335,1445,731
2668,54847,28030,27870,26142,1728,160,26817,43220,2,25488,23062,64,22998,19837,2588,18450,2692,2054,331,7,440,1986,25535,22067,18892,3175,2587,352,236,236,156,0,0,0,80,7,386,309,2530,731
2669,25191,16079,16058,15579,479,21,9112,43260,2,13066,11190,7,11183,9652,1020,9061,1206,1415,205,22,333,1543,15372,13420,12040,1380,927,354,99,0,0,0,0,0,0,70,446,82,1354,731
2670,108143,67287,67222,64616,2606,65,40856,43300,1,52084,43838,46,43792,40894,8092,31391,2182,5344,383,73,2505,5741,63791,56322,49755,6567,5477,461,629,187,187,0,0,0,0,104,1015,447,5716,731
2671,82333,37651,37616,33969,3647,35,44682,43320,2,37565,26189,380,25809,20635,4256,19032,4330,3221,614,76,943,10433,33309,28598,25309,3289,2653,411,225,304,299,0,0,5,0,138,1112,485,2672,731
2672,308892,179093,173947,160903,13044,5146,129799,43340,1,153361,120573,261,120312,104685,21512,91363,13540,13211,1127,122,7101,25687,163098,148368,134500,13868,10677,2208,983,1689,1670,0,0,0,19,143,1766,2921,8211,731
2673,37763,25315,25294,24054,1240,21,12448,43380,2,18599,16697,33,16664,15088,1964,13156,1325,1552,174,31,265,1637,23620,22076,19746,2330,1956,210,164,42,39,3,0,0,0,136,145,96,1125,731
2674,101985,51074,47420,44200,3220,3654,50911,43420,1,49680,42355,115,42240,38666,4452,33613,2585,5594,709,28,1126,6199,46755,39982,35931,4051,2244,805,1002,67,61,0,0,0,6,169,1251,1163,4123,731
2675,29857,17924,17877,17367,510,47,11933,43460,2,15160,12860,1,12859,11516,1976,10125,1089,1144,166,0,407,1893,17157,16167,14397,1770,1274,308,188,2,2,0,0,0,0,0,133,151,704,731
2676,23358,10609,10609,9795,814,0,12749,43500,2,11292,9429,9,9420,8158,1520,6862,999,1279,177,25,309,1554,9731,8249,7081,1168,576,392,200,30,30,0,0,0,0,0,184,5,1263,731
2677,114400,78152,77929,74767,3162,223,36248,43580,1,56662,47608,205,47403,42152,7515,37762,4607,5579,318,5,2079,6975,73597,67438,59986,7452,5560,1143,749,491,486,0,0,0,5,69,1353,375,3871,731
2678,213807,159019,158566,155163,3403,453,54788,43620,1,111244,101816,108,101708,93722,10073,88384,7385,6104,190,37,2870,6558,152979,134462,123635,10827,7643,1754,1430,673,613,60,0,0,0,258,3048,909,13629,731
2679,13166,7072,7072,6913,159,0,6094,43660,2,5693,4803,0,4803,4435,778,3381,171,847,194,0,132,758,6876,6446,5593,853,593,77,183,0,0,0,0,0,0,0,155,67,208,731
2680,52517,28683,28668,27268,1400,15,23834,43700,2,25711,20914,86,20828,18441,2537,17044,2088,2003,153,12,933,3864,26510,25050,22748,2302,1963,204,135,59,59,0,0,0,0,5,302,128,966,731
2681,61989,34555,34541,32749,1792,14,27434,43740,2,28956,22899,126,22773,19407,3942,17076,2934,1758,288,43,607,5450,31886,28567,26256,2311,1838,253,220,38,29,3,2,0,4,9,651,302,2319,731
2682,46547,22727,22724,20829,1895,3,23820,43760,2,22831,19814,70,19744,17333,2271,13898,1853,3967,427,4,472,2545,19951,16784,15146,1638,1197,287,154,62,62,0,0,0,0,11,742,150,2202,731
2683,258542,163124,162988,155091,7897,136,95418,43780,1,128245,110250,352,109898,100237,15954,88738,8083,9366,765,107,4109,13886,151993,130842,117125,13717,10758,1618,1341,1491,1279,103,43,57,9,756,5238,1746,11920,731
2684,262949,162615,162379,154712,7667,236,100334,43900,1,125394,107367,219,107148,97069,14320,87676,8882,9466,594,59,2028,15999,151753,137905,123459,14446,11022,2138,1286,177,168,9,0,0,0,97,1459,1546,10569,731
2685,22310,14693,14677,14306,371,16,7617,43940,2,11392,10034,29,10005,8746,927,8336,1110,1135,123,0,313,1045,14124,12519,11292,1227,1097,92,38,168,168,0,0,0,0,22,449,87,879,731
2686,13036,8783,8783,8420,363,0,4253,43980,2,7225,6248,24,6224,5468,931,5054,680,343,50,0,315,662,8259,7222,6492,730,410,265,55,74,74,0,0,0,0,8,300,18,637,731
2687,14770,9584,9577,9372,205,7,5186,44020,2,8279,7249,12,7237,6698,947,5818,493,822,28,2,282,748,9231,8008,7376,632,568,24,40,0,0,0,0,0,0,50,150,149,874,731
2688,472540,286968,283500,267200,16300,3468,185572,44060,1,231995,209536,604,208932,190052,23421,171132,15065,18235,2442,379,4863,17596,264392,215405,192631,22774,18199,2625,1950,5544,5532,0,3,0,9,1122,7359,2890,32072,731
2689,167909,104423,104017,98607,5410,406,63486,44100,1,89102,76093,152,75941,67919,14034,58107,6990,6253,510,112,4384,8625,97824,84487,78292,6195,4980,758,457,1000,938,59,0,0,3,452,1263,1049,9573,731
2690,572678,348162,347520,326909,20611,642,224516,44140,1,276028,240409,800,239609,213795,35317,199175,23776,7734,751,157,8905,26714,320342,265099,241224,23875,18543,3214,2118,6012,5725,126,109,0,52,1096,11082,3339,33714,731
2691,382526,235199,234661,225491,9170,538,147327,44180,1,196644,163561,414,163147,152251,32020,117872,8693,19083,1350,276,10478,22605,221667,196141,176979,19162,15623,2090,1449,1279,1271,0,0,0,8,594,3782,2265,17606,731
2692,108925,64901,64729,60332,4397,172,44024,44220,1,55429,49186,155,49031,44664,7075,39994,3827,2997,246,53,1094,5149,59345,53271,47461,5810,4327,885,598,309,309,0,0,0,0,43,1263,281,4178,731
2693,51428,28967,28967,27016,1951,0,22461,44260,2,25230,20239,59,20180,19200,4065,14604,914,2359,31,0,2051,2940,25804,23091,21486,1605,1326,183,96,48,48,0,0,0,0,72,689,282,1622,731
2694,138066,77947,77754,74670,3084,193,60119,44300,1,58285,49472,137,49335,45248,4937,42623,3668,2511,234,123,3969,4844,73011,54321,48526,5795,4350,751,694,2953,2939,0,0,11,3,1036,5293,580,8828,731
2695,65685,39470,39442,36155,3287,28,26215,44340,2,29634,24910,17,24893,22902,3011,20662,1787,1953,59,0,1606,3118,34969,31096,27899,3197,2449,613,135,167,167,0,0,0,0,136,609,609,2352,731
2696,103711,63437,63196,60835,2361,241,40274,44420,1,50551,42657,230,42427,38275,8263,30964,3479,3322,424,82,1219,6675,60047,54781,49676,5105,4107,701,297,212,206,2,0,0,4,74,832,321,3827,731
2697,21071,14265,14229,13819,410,36,6806,44460,2,10279,9460,13,9447,8542,1078,7609,721,979,124,9,208,611,13686,10314,9300,1014,714,197,103,113,79,34,0,0,0,408,558,78,2215,731
2698,34954,22088,22080,20833,1247,8,12866,44500,2,16007,14038,15,14023,12864,2345,9697,830,2902,236,22,483,1486,20446,17726,15693,2033,1597,325,111,5,5,0,0,0,0,269,782,254,1410,731
2699,17609,10780,10771,10431,340,9,6829,44540,2,7985,6912,79,6833,6030,1078,5114,672,834,30,77,176,897,10183,8922,7685,1237,627,425,185,210,210,0,0,0,0,38,220,15,778,731
2700,44889,27813,27813,26585,1228,0,17076,44580,2,23164,19371,32,19339,17474,2967,14680,1583,2483,145,31,702,3091,26038,23785,21261,2524,1995,425,104,102,89,0,0,0,13,142,832,112,1065,731
2701,58513,38982,38956,37680,1276,26,19531,44620,2,29311,26599,41,26558,23994,3221,22382,2369,1354,112,7,544,2168,36822,30608,27647,2961,2454,341,166,129,123,4,2,0,0,359,1352,239,4135,731
2702,68463,39107,38911,37038,1873,196,29356,44660,2,31843,26744,62,26682,24517,5265,18999,1480,3319,485,46,2120,2979,36655,30825,27474,3351,2907,233,211,174,164,0,0,0,10,303,2087,456,2810,731
2703,595894,365401,364956,338625,26331,445,230493,44700,1,237423,213338,491,212847,200628,28901,173524,10388,19479,1045,170,5393,18692,325292,287045,247437,39608,27758,6829,5021,4201,1770,711,1619,81,20,1124,3758,3094,26070,731
2704,15963,10907,10907,10361,546,0,5056,44740,2,7538,6711,25,6686,6273,1545,4540,297,775,75,14,130,697,10171,8808,7044,1764,1275,358,131,33,19,0,0,14,0,36,642,41,611,731
2705,47785,29485,29485,27936,1549,0,18300,44780,2,23478,20020,41,19979,18141,4172,14661,1627,1341,106,24,456,3002,27239,24410,20314,4096,3036,471,589,23,23,0,0,0,0,325,626,313,1542,731
2706,29014,17998,17924,17069,855,74,11016,44860,2,13781,11876,19,11857,10825,3990,6706,896,1546,89,0,372,1533,16779,15391,13667,1724,1085,369,270,126,126,0,0,0,0,0,246,114,902,731
2707,19821,9614,9611,9156,455,3,10207,44900,2,9292,7225,6,7219,5873,1997,4754,1161,537,174,0,308,1759,8879,8505,7624,881,626,98,157,11,11,0,0,0,0,0,63,49,251,731
2708,109023,61445,57639,53134,4505,3806,47578,44940,1,52601,43193,77,43116,39561,6369,35462,3020,2688,214,15,1209,8199,55861,51727,47159,4568,3251,754,563,91,91,0,0,0,0,127,841,647,2428,731
2709,75640,43524,43524,41461,2063,0,32116,44980,2,37775,30649,208,30441,27364,5019,23746,2729,1715,153,47,501,6625,40657,35967,32025,3942,3218,363,361,156,137,0,19,0,0,28,1111,390,3005,731
2710,26981,9847,9811,9034,777,36,17134,45000,2,8925,7706,42,7664,6189,2015,4855,1309,931,134,11,152,1067,8909,8049,7018,1031,889,57,85,32,32,0,0,0,0,21,253,43,511,731
2711,11335,6739,6739,6291,448,0,4596,45020,2,5670,4374,9,4365,3785,919,2779,429,890,144,2,169,1127,6187,5811,5023,788,630,47,111,0,0,0,0,0,0,8,56,118,194,731
2712,537786,331876,331091,311911,19180,785,205910,45060,1,265206,232472,596,231876,206343,25074,200663,23422,9050,1022,217,9102,23632,306385,255445,231575,23870,19877,2513,1480,5771,5139,619,5,8,0,982,11497,4504,28186,731
2713,38207,21691,21600,20388,1212,91,16516,45140,2,17993,14258,68,14190,13041,4119,8928,717,1658,227,13,457,3278,20118,17841,15250,2591,1674,567,350,24,24,0,0,0,0,84,679,286,1204,731
2714,66263,35164,35027,32093,2934,137,31099,45180,2,32359,27184,21,27163,24577,5670,18676,2016,3500,392,16,488,4687,31194,29192,26166,3026,1754,716,556,97,97,0,0,0,0,123,353,545,884,731
2715,320845,199473,199008,188255,10753,465,121372,45220,1,152091,133588,245,133343,119437,15665,113293,12533,7717,651,72,4115,14388,184377,156570,141518,15052,12013,1734,1305,2592,2507,19,0,0,66,714,3725,1666,19110,731
2716,2644350,1604425,1594901,1516404,78497,9524,1039925,45300,1,1281240,1152267,1464,1150803,1058993,132119,990686,84556,48115,2944,853,34942,94031,1498886,1205120,1083114,122006,92290,18682,11034,13587,13076,145,128,172,66,8177,18854,25018,228130,731
2717,29428,14976,14968,14083,885,8,14452,45340,2,13736,11431,164,11267,8761,1003,8600,2024,1875,337,10,367,1938,13876,11044,9247,1797,1667,78,52,191,191,0,0,0,0,109,369,82,2081,731
2718,27732,15412,15402,14721,681,10,12320,45380,2,13473,11227,71,11156,9579,2664,7773,1448,1119,68,2,438,1808,14557,13456,12249,1207,936,190,81,0,0,0,0,0,0,43,221,29,808,731
2719,150984,88051,87746,82672,5074,305,62933,45460,1,73118,61972,88,61884,55802,9606,47646,5092,6250,508,199,1780,9366,81167,73427,64568,8859,6666,956,1237,471,422,49,0,0,0,252,2430,765,3822,731
2720,116693,62752,62710,59349,3361,42,53941,45500,1,55083,42632,82,42550,36806,9360,31286,4575,7026,345,13,2553,9898,58824,55146,49939,5207,3554,646,1007,215,183,27,0,5,0,78,579,596,2210,731
2721,21469,12814,12779,11870,909,35,8655,45520,2,10488,8892,19,8873,7793,1192,6825,876,1213,96,0,459,1137,11567,10080,9020,1060,759,127,174,12,12,0,0,0,0,64,375,209,827,731
2722,123477,30279,30199,28658,1541,80,93198,45540,1,64305,57593,225,57368,51672,6555,48152,4789,5324,347,58,1448,5264,27879,22313,20198,2115,1408,648,59,5,5,0,0,0,0,314,350,1494,3403,731
2723,22142,11715,11715,11347,368,0,10427,45580,2,10412,8376,0,8376,7662,1070,6991,591,741,73,0,345,1691,11247,10608,9756,852,758,41,53,6,6,0,0,0,0,0,243,115,275,731
2724,35878,22520,22418,21032,1386,102,13358,45620,2,18168,15217,16,15201,13843,2523,11935,1253,1002,44,11,581,2370,20528,19059,16287,2772,2136,428,208,38,38,0,0,0,0,40,155,50,1186,731
2725,44839,28054,28054,26878,1176,0,16785,45660,2,21910,18750,61,18689,16463,2505,14542,2020,1986,128,16,344,2816,26313,23436,21446,1990,1610,221,159,49,44,5,0,0,0,50,1133,382,1263,731
2726,32078,18407,18348,17809,539,59,13671,45700,2,15328,10806,23,10783,9219,3627,6604,1276,812,168,0,256,4266,17682,16380,14448,1932,1161,197,574,13,13,0,0,0,0,68,249,229,743,731
2727,21697,12005,12005,11303,702,0,9692,45740,2,10213,8203,14,8189,7676,1702,6054,451,895,9,0,300,1710,11191,10104,9000,1104,1035,49,20,0,0,0,0,0,0,30,305,55,697,731
2728,519179,330050,329505,309915,19590,545,189129,45780,1,270018,237764,428,237336,217372,30366,197022,17926,17479,1138,144,7148,25106,301088,270661,246762,23899,18913,2654,2332,2540,2327,0,10,21,182,743,5648,2465,19031,731
2729,185487,116051,115614,111091,4523,437,69436,45820,1,95742,80103,247,79856,67974,12636,60705,10126,8436,1318,136,3444,12195,109853,96623,86300,10323,7406,1778,1139,779,779,0,0,0,0,74,1612,1076,9689,731
2730,154839,102031,101860,96212,5648,171,52808,45860,2,75578,68812,288,68524,60003,5687,61233,8132,2989,93,32,1280,5486,94647,79471,73042,6429,4895,877,657,881,168,253,411,49,0,150,2641,1132,10372,731
2731,127851,76963,76849,73817,3032,114,50888,45900,2,62368,55733,151,55582,50528,7608,44140,4230,4249,492,32,1419,5216,72548,61276,54557,6719,5094,1232,393,556,493,0,35,0,28,695,1218,675,8128,731
2732,311534,198846,198630,186469,12161,216,112688,45940,1,139549,123590,123,123467,114930,12769,108609,7785,4676,387,53,3281,12678,181170,133519,114962,18557,12990,3553,2014,9405,2752,233,6211,209,0,1221,6480,2304,28241,731
2733,27502,14525,14500,13783,717,25,12977,45980,2,11996,9132,14,9118,8491,2299,6368,547,1233,39,10,480,2384,13338,12279,11251,1028,626,306,96,60,60,0,0,0,0,47,266,201,485,731
2734,86971,47277,47154,45064,2090,123,39694,46020,2,41415,37499,103,37396,33855,4167,29257,2709,5948,450,69,753,3163,44318,32814,29853,2961,2172,506,283,41,41,0,0,0,0,265,960,573,9665,731
2735,855402,499249,491806,462957,28849,7443,356153,46060,1,423075,380533,867,379666,350412,50481,311454,25553,29348,1930,328,10049,32493,461211,376915,332015,44900,32281,8172,4447,7205,6970,10,0,215,10,5140,9054,7128,55769,731
2736,86715,50284,50231,48341,1890,53,36431,46100,2,42036,32138,68,32070,29110,6716,23350,2615,2879,238,25,2354,7544,46769,42174,38059,4115,3200,513,402,10,0,0,10,0,0,118,773,205,3489,731
2737,798395,508324,507281,481199,26082,1043,290071,46140,1,393650,347437,676,346761,325274,55655,272313,17504,30852,2311,279,8196,38017,473145,419538,376853,42685,33544,5673,3468,1605,1499,3,69,0,34,837,6199,5769,39197,731
2738,128556,77379,77057,73510,3547,322,51177,46180,2,61903,48768,56,48712,44777,13103,32017,3283,6739,380,19,3447,9688,72543,69170,63430,5740,4436,596,708,56,56,0,0,0,0,57,127,518,2615,731
2739,222897,132369,132110,124727,7383,259,90528,46220,1,100101,83884,186,83698,79434,13850,64827,3289,9211,739,126,3045,13172,121916,112426,100342,12084,9568,1914,602,929,869,36,16,0,8,204,1196,670,6491,731
2740,87095,55614,55475,53709,1766,139,31481,46300,1,41452,36704,85,36619,33302,5930,27402,2677,4456,438,66,1072,3676,52851,47773,42827,4946,3396,1101,449,140,140,0,0,0,0,51,823,423,3641,731
2741,184129,114887,114688,109280,5408,199,69242,46340,1,81286,70920,96,70824,62704,24767,40734,5610,7894,1749,145,1258,9108,107599,96300,87257,9043,6383,1430,1230,495,484,0,0,11,0,224,1251,1818,7511,731
2742,74216,41923,41873,38062,3811,50,32293,46380,2,34557,29705,123,29582,26087,3775,21297,2473,5129,873,24,883,3969,36841,30193,26713,3480,2445,537,498,103,95,0,0,8,0,79,2454,249,3763,731
2743,22006,12161,12147,10913,1234,14,9845,46420,2,11580,9370,17,9353,8186,2722,5837,1008,990,132,13,161,2049,10591,10070,8729,1341,1048,211,82,19,19,0,0,0,0,8,137,133,224,731
2744,24703,14085,14060,13360,700,25,10618,46460,2,12542,10284,57,10227,9283,1893,7585,783,1095,103,0,156,2102,13120,12148,10981,1167,909,196,62,0,0,0,0,0,0,25,202,251,494,731
2745,31457,19805,19805,18909,896,0,11652,46500,2,15612,13701,62,13639,12195,1325,11148,1240,1345,125,23,360,1551,18144,16348,14397,1951,1772,152,27,1,1,0,0,0,0,22,392,124,1257,731
2746,820606,539759,491644,468113,23531,48115,280847,46520,1,333700,303050,453,302597,283444,32721,264970,17645,13493,382,164,7965,22685,503138,394949,325990,68959,49657,11020,8282,28116,28026,27,39,18,6,4754,24708,13059,37552,731
2747,236912,137590,137058,131063,5995,532,99322,46540,1,117608,101929,308,101621,89217,13532,84822,11398,4588,397,77,3160,12519,127856,110325,99775,10550,8373,1331,846,1561,1387,143,11,9,11,184,4268,1011,10507,731
2748,19062,10249,10249,9920,329,0,8813,46620,2,8420,6679,5,6674,5764,1185,4847,817,873,57,0,270,1471,9661,9077,7904,1173,976,13,184,0,0,0,0,0,0,0,144,120,320,731
2749,116942,68743,64975,61843,3132,3768,48199,46660,1,54448,40725,88,40637,34635,6878,31417,4993,4457,275,4,3659,10064,64591,59173,53689,5484,4326,850,308,137,116,0,15,6,0,221,1492,933,2635,731
2750,363323,229557,225433,212158,13275,4124,133766,46700,1,154987,144242,309,143933,134803,15749,122217,7765,13366,781,26,3045,7700,209755,179443,155338,24105,16906,4106,3093,4554,1760,566,503,43,1682,651,2499,2564,20044,731
2751,23094,14815,14787,14225,562,28,8279,46780,2,11666,9975,45,9930,9093,1047,7613,675,1445,133,0,168,1523,13971,13002,11833,1169,867,162,140,13,13,0,0,0,0,32,274,151,499,731
2752,12633,8537,8506,7809,697,31,4096,46820,2,5416,4866,0,4866,4354,513,4042,475,367,14,0,202,348,7330,5764,5271,493,309,112,72,21,3,0,18,0,0,121,831,34,559,731
2753,25782,15564,15564,14591,973,0,10218,46860,2,11547,10254,63,10191,9566,1592,7878,469,921,156,0,211,1082,14316,12765,11097,1668,1172,239,257,63,63,0,0,0,0,130,359,166,833,731
2754,10400,6058,6058,5495,563,0,4342,46900,2,4626,3404,0,3404,3234,810,2325,137,421,5,0,229,993,5436,5044,4289,755,623,19,113,6,6,0,0,0,0,46,90,69,181,731
2755,35148,20333,20218,19268,950,115,14815,46980,2,16823,13222,22,13200,12350,2155,9717,665,2715,47,22,768,2833,19159,18218,17244,974,691,149,134,126,126,0,0,0,0,20,71,225,499,731
2756,76287,47047,46878,44475,2403,169,29240,47020,1,36985,28116,19,28097,24724,4213,21212,2604,3339,472,117,3099,5770,44029,39828,35098,4730,3311,923,496,351,351,0,0,0,0,129,736,322,2663,731
2757,27723,14536,14509,13595,914,27,13187,47080,2,12720,9951,24,9927,9050,2504,6478,564,1559,76,36,383,2386,13335,12164,10697,1467,1037,345,85,51,51,0,0,0,0,40,356,76,648,731
2758,29215,18501,18501,17912,589,0,10714,47180,2,14943,12712,19,12693,11741,2247,9633,834,953,66,10,293,1938,17699,16530,15146,1384,1044,168,172,63,63,0,0,0,0,58,554,117,377,731
2759,120757,68616,68522,63166,5356,94,52141,47220,1,52584,45159,180,44979,38698,5992,37792,5825,2268,149,1,1219,6206,61388,55946,48099,7847,5921,1227,699,869,801,16,10,13,29,317,739,589,2928,731
2760,17379,11277,11268,10474,794,9,6102,47240,2,6899,6159,4,6155,5681,394,5542,314,429,147,0,407,333,10084,7571,6594,977,700,186,91,115,9,0,0,0,106,55,518,38,1787,731
2761,1445425,963630,879053,833011,46042,84577,481795,47260,1,701510,628035,983,627052,588193,80044,530393,35362,35154,1451,331,19156,54319,901096,770188,697701,72487,56109,10475,5903,11088,10020,198,236,372,262,2724,22001,13220,81875,731
2762,346679,210314,209802,190883,18919,512,136365,47300,1,140670,120580,157,120423,108040,20073,90123,10413,17192,1388,91,3484,16606,184620,169935,143320,26615,17415,4991,4209,935,863,9,28,35,0,225,2464,1499,9562,731
2763,25227,14946,14941,14417,524,5,10281,47340,2,12471,10617,42,10575,9446,2105,7257,881,1492,175,10,292,1562,14096,12832,11839,993,657,209,127,53,53,0,0,0,0,23,378,154,656,731
2764,218629,132418,132256,126219,6037,162,86211,47380,1,100484,85260,109,85151,76031,15434,63856,7654,7659,929,29,3256,11968,124151,111145,99471,11674,8758,1339,1577,473,473,0,0,0,0,284,2628,1012,8609,731
2765,18496,12111,12096,11707,389,15,6385,47420,2,9448,8024,11,8013,7309,912,6661,650,762,38,8,269,1155,11480,9835,9061,774,567,166,41,45,20,0,0,0,25,21,578,194,807,731
2766,50917,29301,29202,27499,1703,99,21616,47460,1,22978,20372,19,20353,18586,2399,16217,1468,2100,194,38,769,1837,26947,21553,19171,2382,1812,342,228,168,166,0,0,2,0,363,1766,300,2797,731
2767,36604,24664,24651,23945,706,13,11940,47540,2,18858,16517,51,16466,15081,1650,13885,1268,972,87,0,317,2024,23580,21528,20242,1286,1037,177,72,61,49,0,0,12,0,127,502,219,1143,731
2768,150276,96084,91654,87004,4650,4430,54192,47580,1,70771,63346,66,63280,58707,6856,53453,3804,6356,500,17,810,6615,89685,80936,72881,8055,5648,1681,726,234,101,0,0,86,47,31,560,1196,6728,731
2769,31934,18153,18149,17363,786,4,13781,47620,2,16209,13396,84,13312,11108,2350,9892,1870,1206,226,20,554,2259,16977,15303,13425,1878,1673,147,58,104,83,21,0,0,0,23,618,202,727,731
2770,43416,28551,25146,23951,1195,3405,14865,47660,2,20613,18469,57,18412,17412,3348,12944,722,2258,213,16,464,1680,26671,23958,21514,2444,1564,623,257,64,64,0,0,0,0,63,958,244,1384,731
2771,64055,42153,42135,40748,1387,18,21902,47700,2,31325,26743,44,26699,23769,4067,20459,2369,2484,344,51,774,3808,39179,34880,30327,4553,3645,458,450,91,91,0,0,0,0,184,955,327,2742,731
2772,24753,15562,15542,15248,294,20,9191,47780,2,11606,9266,63,9203,8601,1893,6614,496,840,44,0,253,2087,14983,13382,10314,3068,1430,403,1235,22,22,0,0,0,0,163,532,174,710,731
2773,37008,20479,20465,19319,1146,14,16529,47820,2,18972,15377,0,15377,12866,1734,12598,2209,1119,169,34,185,3410,19091,17346,16019,1327,860,414,53,23,19,0,0,0,4,9,153,205,1355,731
2774,5061981,3602395,3556071,3382923,173148,46324,1459586,47900,1,2361858,2209650,2604,2207046,2071065,181946,1974790,124118,110775,5116,1067,40499,111709,3364807,2248255,1975007,273248,197545,45593,30110,296096,108363,168125,17146,2141,321,22448,91120,58549,648339,731
2775,22986,13529,13526,12940,586,3,9457,47920,2,11620,9879,33,9846,9059,1858,6960,535,1535,115,0,442,1299,12678,11960,10843,1117,878,209,30,56,56,0,0,0,0,0,73,27,562,731
2776,135531,90139,90077,85822,4255,62,45392,47940,1,68437,59828,158,59670,55009,9546,47940,4243,3314,189,17,2052,6557,83963,72886,66008,6878,5377,882,619,156,155,0,0,0,1,299,3194,511,6917,731
2777,27136,18740,18702,18385,317,38,8396,47980,2,14316,12148,38,12110,9915,1978,9621,2032,714,91,40,325,1843,18130,16577,15282,1295,845,282,168,69,69,0,0,0,0,76,288,112,1008,731
2778,71013,48833,48768,47125,1643,65,22180,48020,2,34102,30156,92,30064,27122,3962,23442,2467,2990,252,41,1047,2899,46221,40231,36228,4003,2937,805,261,136,83,0,6,0,47,125,1586,512,3631,731
2779,92162,58251,47050,44033,3017,11201,33911,48060,1,46099,41014,93,40921,37542,4957,34149,2984,2742,177,80,1179,3906,54156,46987,43081,3906,3025,674,207,280,248,24,0,0,8,68,2318,1069,3434,731
2780,19725,9857,9844,8992,852,13,9868,48100,2,8127,6035,14,6021,5626,1211,4243,220,656,151,0,307,1785,8845,8283,6231,2052,1712,185,155,78,78,0,0,0,0,0,110,49,325,731
2781,134619,88320,88273,85267,3006,47,46299,48140,1,68710,60155,467,59688,53123,8782,45105,5117,6371,1000,95,1400,7155,83884,72647,65742,6905,5154,1348,403,299,299,0,0,0,0,165,1584,931,8258,731
2782,43364,22410,22356,21574,782,54,20954,48180,2,20216,14470,25,14445,10528,2189,10903,3362,1744,454,22,1904,3842,21379,20385,18177,2208,1634,269,305,47,28,19,0,0,0,0,80,174,693,731
2783,22053,14687,14669,14247,422,18,7366,48220,2,10700,9551,2,9549,9118,1715,6855,326,1425,30,18,212,937,14054,13173,11522,1651,956,314,381,0,0,0,0,0,0,0,404,61,416,731
2784,97394,53615,53536,50150,3386,79,43779,48260,1,49551,41793,143,41650,34759,5846,33068,6026,3193,609,62,844,6914,49235,43513,40227,3286,2467,318,501,154,90,26,7,21,10,12,1638,462,3456,731
2785,96477,60237,60107,57863,2244,130,36240,48300,1,45888,40137,37,40100,36737,4004,33683,2782,3805,432,30,1207,4544,57150,48342,44272,4070,3263,546,261,461,461,0,0,0,0,249,1813,1723,4562,731
2786,31573,16876,16872,15947,925,4,14697,48460,2,15433,12475,99,12376,10660,3345,7277,1306,1968,302,11,470,2488,15459,14472,12746,1726,1386,215,125,50,50,0,0,0,0,3,193,250,491,731
2787,14892,7798,7774,7086,688,24,7094,48500,2,7582,6030,13,6017,5826,2214,3429,150,543,35,0,82,1470,6979,6293,5917,376,161,15,200,0,0,0,0,0,0,41,14,29,602,731
2788,116368,63832,63827,60409,3418,5,52536,48540,1,55516,45756,105,45651,37861,6472,36483,6803,3405,723,48,1141,8619,59292,54304,49962,4342,3653,503,186,323,292,28,0,3,0,87,1442,296,2840,731
2789,86887,57396,57377,55626,1751,19,29491,48580,2,42179,36699,116,36583,32929,4073,30096,3054,2999,233,136,2027,3453,54345,46782,42295,4487,3296,648,543,142,100,17,25,0,0,189,1959,419,4854,731
2790,503344,329643,325943,309497,16446,3700,173701,48620,1,249468,221606,472,221134,204677,30137,179453,13989,18056,1236,262,5641,22221,307960,276915,249472,27443,19570,5009,2864,1392,1150,60,0,95,87,1045,4504,4109,19995,731
2791,118903,74880,69302,66575,2727,5578,44023,48660,1,56175,47929,81,47848,44022,6683,37486,3084,5887,574,4,1486,6760,71022,60881,53262,7619,5567,1378,674,187,153,16,0,0,18,168,4756,866,4164,731
2792,93391,55431,55369,52429,2940,62,37960,48700,1,45705,39158,247,38911,33511,5239,31303,4659,3000,437,23,1333,5214,51688,45799,41034,4765,3409,646,710,510,510,0,0,0,0,197,1698,251,3233,731
2793,28165,20843,20828,20312,516,15,7322,48780,2,15599,13036,47,12989,12196,1863,10842,641,988,32,0,1307,1256,19950,18641,17130,1511,1169,145,197,38,7,18,13,0,0,1,499,183,588,731
2794,34282,23114,23109,22221,888,5,11168,48820,2,17128,14876,40,14836,13578,2397,10946,1065,1881,128,16,552,1700,21810,19312,17189,2123,1453,296,374,252,250,2,0,0,0,91,361,152,1642,731
2795,241092,153627,152497,144748,7749,1130,87465,48900,1,123233,111116,160,110956,103200,12097,95694,6841,6142,445,45,3427,8690,142888,119236,108435,10801,8289,1118,1394,414,345,19,50,0,0,499,1878,918,19943,731
2796,33632,21172,21172,20167,1005,0,12460,48940,2,16390,14314,155,14159,13082,2830,10217,855,1490,165,19,313,1763,19725,17833,16381,1452,1108,203,141,57,33,0,0,0,24,26,394,207,1208,731
2797,62764,36884,36760,34334,2426,124,25880,48980,2,32287,25830,15,25815,22750,3539,21643,2832,1378,115,6,1054,5403,34109,31338,28336,3002,2237,442,323,61,51,2,8,0,0,36,479,410,1785,731
2798,115850,72210,71705,68146,3559,505,43640,49020,1,52817,45005,214,44791,40069,7008,33838,4077,4670,448,60,1168,6644,67325,58738,53037,5701,4969,388,344,295,220,5,36,0,34,97,1280,616,6299,731
2799,27471,16136,16136,15273,863,0,11335,49060,2,13091,10810,38,10772,9634,1746,8163,991,1172,92,3,290,1991,15037,13710,11988,1722,1257,281,184,28,20,0,8,0,0,66,332,272,629,731
2800,13268,8703,8703,8326,377,0,4565,49080,2,6986,6062,0,6062,5851,1747,3380,141,860,42,0,143,781,8176,6232,4984,1248,714,134,400,751,751,0,0,0,0,4,270,202,717,731
2801,41832,28484,28448,27653,795,36,13348,49100,2,20215,18362,44,18318,15952,1591,15950,2076,1170,109,8,498,1355,27040,22232,20569,1663,1270,247,146,395,395,0,0,0,0,248,1696,248,2221,731
2802,548153,329867,328741,311728,17013,1126,218286,49180,1,271091,233452,574,232878,204306,29899,195819,25275,14482,966,757,6602,31037,306637,270755,242207,28548,22151,4296,2101,1757,1691,12,9,0,45,267,3679,2949,27230,731
2803,59915,37426,37413,35858,1555,13,22489,49220,2,31887,27855,142,27713,24157,3802,22583,3226,1544,151,19,634,3398,35109,31113,28198,2915,2144,564,207,52,51,0,1,0,0,231,669,350,2694,731
2804,19110,11705,11690,11010,680,15,7405,49260,2,9419,7874,16,7858,7295,1648,5447,416,1352,100,8,141,1404,10807,10150,8777,1373,851,343,179,0,0,0,0,0,0,3,166,171,317,731
2805,91689,57015,57007,55098,1909,8,34674,49300,2,44206,36704,159,36545,33307,5247,30082,2961,1830,94,28,778,6724,53961,46183,40537,5646,3491,808,1347,81,81,0,0,0,0,911,2409,1031,3346,731
2806,800204,531048,530180,499549,30631,868,269156,49340,1,376746,341133,685,340448,312888,33291,300363,25628,12197,632,130,7418,28195,488235,399998,362749,37249,28739,4802,3708,6939,3118,716,3040,65,0,731,11992,8802,59773,731
2807,16694,11044,11042,10712,330,2,5650,49380,2,7689,6487,52,6435,5388,794,5013,916,979,100,2,419,783,10420,9140,7602,1538,1141,230,167,107,107,0,0,0,0,7,495,107,564,731
2808,189087,117489,117401,108902,8499,88,71598,49420,1,85558,74880,276,74604,68914,12432,56533,4562,7974,555,112,2148,8530,105896,97114,84570,12544,9143,1513,1888,237,237,0,0,0,0,267,1453,1104,5721,731
2809,18955,12084,12072,11876,196,12,6871,49460,2,9789,8383,14,8369,7342,993,6853,887,612,52,11,312,1094,11674,10558,9661,897,678,180,39,27,27,0,0,0,0,27,322,97,643,731
2810,71920,27863,27845,23013,4832,18,44057,49500,1,31129,22317,2685,19632,16845,5903,11800,2567,740,122,7,473,8339,22668,21109,20547,562,451,27,84,27,27,0,0,0,0,8,395,464,665,731
2811,369456,242040,241781,230648,11133,259,127416,49620,1,178543,157583,633,156950,142807,21665,129323,12366,9453,638,68,3708,17252,225878,197775,180773,17002,13966,2172,864,1630,1477,33,89,12,19,427,3203,2184,20659,731
2812,445930,253894,253412,238190,15222,482,192036,49660,1,228587,191647,712,190935,166541,27160,156460,21986,12259,1183,242,6353,30587,232676,207677,190707,16970,12575,2084,2311,1899,1830,17,39,13,0,297,3982,3638,15183,731
2813,138428,83066,79929,73908,6021,3137,55362,49700,1,60608,53433,78,53355,49391,10511,38901,2842,6065,798,20,1291,5884,75189,67649,58493,9156,5858,1708,1590,456,455,1,0,0,0,198,1100,752,5034,731
2814,158869,85563,81641,74868,6773,3922,73306,49740,1,74678,62978,207,62771,56671,9086,50011,4890,7130,623,57,2137,9563,77216,69825,60420,9405,6001,1958,1446,624,608,0,0,1,15,317,1130,787,4533,731
2815,68916,41507,41451,39534,1917,56,27409,49780,2,34599,30019,72,29947,24457,4687,23718,5048,1810,291,70,627,3953,38989,36211,33062,3149,2229,411,509,75,67,8,0,0,0,10,860,167,1666,731
2816,9806,5267,5267,4843,424,0,4539,49820,2,4580,2998,0,2998,1958,284,2517,962,409,78,0,9,1573,4669,4129,3440,689,358,59,272,0,0,0,0,0,0,0,203,25,312,731
