metro_area,total,with_internet_subscription,dial_up_with_no_other_internet_subscription,broadband_of_any_type,cellular_data_plan,cellular_data_plan_only,broadband_cable_fiber_or_dsl,broadband_cable_fiber_or_dsl_only,satellite_internet_service,satellite_internet_service_only,other_service_only,internet_access_without_subscription,no_internet_access,metro_area_id,year
"Big Stone Gap, VA Micro Area",16553,10855,142,10713,6857,1543,8644,3411,750,294,3,1928,3770,13720,2019
"Billings, MT Metro Area",74670,63009,454,62555,46560,7787,50625,14174,5780,1118,189,2233,9428,13740,2019
"Binghamton, NY Metro Area",98579,81436,536,80900,59504,7473,70615,19961,4258,644,33,2692,14451,13780,2019
"Birmingham-Hoover, AL Metro Area",417562,335734,1197,334537,270490,51832,267444,56201,29160,3444,603,13349,68479,13820,2019
"Bismarck, ND Metro Area",53810,44526,221,44305,35268,4632,38487,8408,2460,217,2,2392,6892,13900,2019
"Blackfoot, ID Micro Area",14989,12939,142,12797,10553,2548,8341,1614,2099,457,70,323,1727,13940,2019
"Blacksburg-Christiansburg, VA Metro Area",62701,51416,311,51105,40672,7231,39331,8390,5500,1099,271,2401,8884,13980,2019
"Bloomington, IL Metro Area",65845,54639,417,54222,39044,7070,45243,14036,3146,662,104,3819,7387,14010,2019
"Bloomington, IN Metro Area",64400,54151,204,53947,45100,6091,45470,8035,3765,394,83,2912,7337,14020,2019
"Bloomsburg-Berwick, PA Metro Area",33776,26348,224,26124,20573,4363,20164,4804,1973,395,59,1046,6382,14100,2019
"Bluefield, WV-VA Micro Area",44114,31848,133,31715,23881,5201,24307,6692,3315,584,78,1358,10908,14140,2019
"Blytheville, AR Micro Area",16389,11950,52,11898,9503,2498,8097,1962,1898,313,27,1014,3425,14180,2019
"Bogalusa, LA Micro Area",17613,11913,52,11861,10220,3687,6312,1125,1827,416,22,293,5407,14220,2019
"Boise City, ID Metro Area",260369,218392,1421,216971,178532,22681,180552,33373,26301,2642,328,7987,33990,14260,2019
"Bonham, TX Micro Area",12453,9021,40,8981,7105,1784,5046,1192,2410,504,99,511,2921,14300,2019
"Boone, NC Micro Area",21077,17518,45,17473,13541,1515,15373,3608,997,224,16,779,2780,14380,2019
"Borger, TX Micro Area",6929,5507,19,5488,4676,834,4150,604,823,150,6,203,1219,14420,2019
"Boston-Cambridge-Newton, MA-NH Metro Area",1831217,1618692,4127,1614565,1314925,117858,1475394,284283,44139,3392,2062,37084,175441,14460,2019
"Boulder, CO Metro Area",127415,116342,310,116032,95399,7627,104623,18772,7273,915,153,3249,7824,14500,2019
"Bowling Green, KY Metro Area",65672,53916,312,53604,45028,8481,41958,7523,4408,659,6,1910,9846,14540,2019
"Bozeman, MT Micro Area",43777,38329,213,38116,32161,4183,30876,5058,3801,619,77,1534,3914,14580,2019
"Bradford, PA Micro Area",17147,13234,114,13120,8748,1320,11097,3852,923,228,51,584,3329,14620,2019
"Brainerd, MN Micro Area",39984,32811,353,32458,24319,5008,24878,6660,3337,1011,39,1019,6154,14660,2019
"Branson, MO Micro Area",22272,18088,210,17878,14006,2866,13776,3249,1563,344,21,897,3287,14700,2019
"Breckenridge, CO Micro Area",10641,8943,61,8882,6892,631,7719,1627,696,289,0,619,1079,14720,2019
"Bremerton-Silverdale-Port Orchard, WA Metro Area",103913,95289,337,94952,80582,6672,85430,13240,5213,364,26,1693,6931,14740,2019
"Brenham, TX Micro Area",12625,9321,35,9286,7489,2396,5210,1400,1726,217,132,240,3064,14780,2019
"Brevard, NC Micro Area",14567,11825,52,11773,9365,777,10502,2148,670,103,12,359,2383,14820,2019
"Bridgeport-Stamford-Norwalk, CT Metro Area",340189,302161,962,301199,240423,21949,274487,57217,10657,924,454,7370,30658,14860,2019
"Brookhaven, MS Micro Area",12699,7916,23,7893,6558,2348,4197,756,1889,316,33,802,3981,15020,2019
"Brookings, OR Micro Area",10546,8197,78,8119,6027,1256,6263,1761,745,230,67,568,1781,15060,2019
"Brookings, SD Micro Area",12896,10787,66,10721,7247,1093,9257,3223,591,12,64,576,1533,15100,2019
"Brownsville, TN Micro Area",7181,4384,29,4355,3610,1181,2439,522,924,141,7,247,2550,15140,2019
"Brownsville-Harlingen, TX Metro Area",124605,71929,296,71633,53573,17766,49424,15780,7259,1240,123,15503,37173,15180,2019
"Brownwood, TX Micro Area",14409,10956,27,10929,7883,2988,6251,2208,2042,578,38,498,2955,15220,2019
"Brunswick, GA Metro Area",46984,35565,101,35464,27146,4150,29852,7667,2922,407,68,2052,9367,15260,2019
"Bucyrus-Galion, OH Micro Area",17782,14048,148,13900,10140,1622,11062,3226,1359,323,20,577,3157,15340,2019
"Buffalo-Cheektowaga, NY Metro Area",478104,388675,1849,386826,293504,47316,330499,84815,18578,2251,595,14401,75028,15380,2019
"Burley, ID Micro Area",14961,12553,75,12478,10168,2692,7965,1621,2223,596,4,265,2143,15420,2019
"Burlington, IA-IL Micro Area",19868,15678,84,15594,11919,2269,12316,3230,1394,268,14,387,3803,15460,2019
"Burlington, NC Metro Area",64439,50260,238,50022,39326,6314,42081,9867,3639,460,44,2213,11966,15500,2019
"Burlington-South Burlington, VT Metro Area",87679,74593,416,74177,58792,5146,66954,14235,3244,464,100,4020,9066,15540,2019
"Butte-Silver Bow, MT Micro Area",14960,11500,80,11420,8561,1796,8547,2549,1348,192,11,708,2752,15580,2019
"Cadillac, MI Micro Area",19018,14392,125,14267,11501,3859,8712,2042,1889,490,27,664,3962,15620,2019
"Calhoun, GA Micro Area",20561,14906,39,14867,11377,2378,11142,2856,1966,437,0,1238,4417,15660,2019
"California-Lexington Park, MD Metro Area",40552,34058,180,33878,25258,3103,28948,7713,2931,509,21,1432,5062,15680,2019
"Cambridge, MD Micro Area",13183,10249,83,10166,8334,2499,6825,1490,943,199,61,291,2643,15700,2019
"Cambridge, OH Micro Area",16220,11932,108,11824,8361,2395,8421,2798,1248,432,24,483,3805,15740,2019
"Camden, AR Micro Area",11508,7763,91,7672,5674,1745,4801,1567,1315,319,33,314,3431,15780,2019
"Campbellsville, KY Micro Area",14270,10673,46,10627,8290,2005,8231,2056,1056,121,0,317,3280,15820,2019
"Cañon City, CO Micro Area",17136,14317,142,14175,10964,2182,10533,2566,1690,351,75,587,2232,15860,2019
"Canton-Massillon, OH Metro Area",164758,136270,610,135660,107513,16405,114153,25704,8866,1156,192,4381,24107,15940,2019
"Cape Coral-Fort Myers, FL Metro Area",275965,236502,1337,235165,188425,27123,200548,41872,17391,1660,197,10870,28593,15980,2019
"Cheyenne, WY Metro Area",39683,34100,178,33922,24421,3163,28540,8748,2870,476,69,1029,4554,16940,2019
"Chicago-Naperville-Elgin, IL-IN-WI Metro Area",3514621,2974412,10861,2963551,2443911,319988,2545821,467092,195128,18503,6662,102158,438051,16980,2019
"Cape Girardeau, MO-IL Metro Area",36341,29421,189,29232,25083,6439,19417,2978,3907,846,41,499,6421,16020,2019
"Carbondale-Marion, IL Metro Area",55215,42392,286,42106,34674,10471,28045,6229,4546,698,93,1881,10942,16060,2019
"Carlsbad-Artesia, NM Micro Area",21251,16900,57,16843,14237,3725,11950,2206,1711,289,5,546,3805,16100,2019
"Carroll, IA Micro Area",8726,6970,47,6923,5457,1083,5210,1184,868,181,11,316,1440,16140,2019
"Carson City, NV Metro Area",22755,18789,49,18740,13459,2631,15407,4851,1385,218,7,811,3155,16180,2019
"Casper, WY Metro Area",32799,27170,102,27068,20426,2092,23363,6040,1819,348,58,1310,4319,16220,2019
"Cedar City, UT Micro Area",17015,14407,138,14269,10362,1471,10975,3004,2106,747,24,764,1844,16260,2019
"Cedar Rapids, IA Metro Area",109313,92281,540,91741,69080,9358,78345,20470,6785,1087,121,3413,13619,16300,2019
"Cedartown, GA Micro Area",15038,11248,39,11209,9085,2397,8028,1929,1254,101,19,597,3193,16340,2019
"Celina, OH Micro Area",16234,13675,76,13599,10615,1495,11267,2508,1144,335,15,448,2111,16380,2019
"Central City, KY Micro Area",11351,8392,43,8349,6585,1309,6116,1196,1234,308,20,272,2687,16420,2019
"Centralia, IL Micro Area",15946,12562,90,12472,9908,2183,8616,1894,1932,512,43,489,2895,16460,2019
"Centralia, WA Micro Area",30618,24836,306,24530,18093,3354,18452,4958,3407,950,39,894,4888,16500,2019
"Chambersburg-Waynesboro, PA Metro Area",60438,49205,571,48634,35558,5492,41691,11921,2554,391,44,1321,9912,16540,2019
"Champaign-Urbana, IL Metro Area",89061,73832,287,73545,56970,7834,61923,14797,6126,766,160,5464,9765,16580,2019
"Charleston, WV Metro Area",110818,85783,342,85441,61998,9855,70618,20199,6994,2200,70,3700,21335,16620,2019
"Charleston-Mattoon, IL Micro Area",25225,19880,62,19818,15250,2940,15606,4144,1630,268,15,1034,4311,16660,2019
"Charleston-North Charleston, SC Metro Area",291427,232973,687,232286,193409,28767,195298,34836,16608,1878,219,18160,40294,16700,2019
"Charlotte-Concord-Gastonia, NC-SC Metro Area",952806,819635,2291,817344,652892,90133,698960,149003,53809,6067,3305,21953,111218,16740,2019
"Charlottesville, VA Metro Area",84003,70866,429,70437,56697,14136,51816,11803,4882,974,273,2649,10488,16820,2019
"Chattanooga, TN-GA Metro Area",219166,175695,553,175142,137929,24199,145762,34238,8663,1221,200,5396,38075,16860,2019
"Chico, CA Metro Area",85320,73174,336,72838,57646,7284,59209,11865,8732,1774,189,2128,10018,17020,2019
"Chillicothe, OH Micro Area",28802,22722,51,22671,17682,2879,18926,4563,1245,225,12,1359,4721,17060,2019
"Cincinnati, OH-KY-IN Metro Area",861242,734858,3856,731002,589856,79510,625896,129161,42462,5131,1458,21685,104699,17140,2019
"Clarksburg, WV Micro Area",36397,28591,182,28409,19021,4220,22445,8314,2297,713,90,893,6913,17220,2019
"Clarksdale, MS Micro Area",8782,5474,53,5421,3934,2493,2425,812,599,239,15,135,3173,17260,2019
"Clarksville, TN-KY Metro Area",109408,90382,424,89958,72867,11392,72893,14531,9195,1550,124,3664,15362,17300,2019
"Clearlake, CA Micro Area",25660,19758,91,19667,14399,2870,14055,4056,3026,916,29,546,5356,17340,2019
"Cleveland, MS Micro Area",12111,7397,31,7366,6222,1845,4890,859,832,176,7,188,4526,17380,2019
"Cleveland, TN Metro Area",47575,37194,225,36969,28329,6408,27737,7637,3390,594,94,779,9602,17420,2019
"Cleveland-Elyria, OH Metro Area",861912,697995,2948,695047,540575,71628,599915,141020,45435,5111,1041,25823,138094,17460,2019
"Clewiston, FL Micro Area",12527,8334,0,8334,6618,2297,5369,1490,1094,178,26,479,3714,17500,2019
"Clinton, IA Micro Area",19635,15265,124,15141,12026,2079,12089,2644,1310,215,18,519,3851,17540,2019
"Clovis, NM Micro Area",18548,15048,40,15008,12643,2844,11592,2152,638,90,17,356,3144,17580,2019
"Coamo, PR Micro Area",13104,7579,35,7544,5992,2878,4347,1442,391,89,0,289,5236,17620,2019
"Coco, PR Micro Area",10036,6259,51,6208,4759,2854,3243,1376,228,33,0,123,3654,17640,2019
"Coeur d'Alene, ID Metro Area",62304,52707,246,52461,43681,6880,40514,6843,6437,1181,185,2567,7030,17660,2019
"Coffeyville, KS Micro Area",13576,10218,57,10161,7933,1699,7323,1790,1261,225,56,225,3133,17700,2019
"Coldwater, MI Micro Area",16650,13047,124,12923,10419,2191,9592,2050,1337,303,15,595,3008,17740,2019
"College Station-Bryan, TX Metro Area",92666,74890,134,74756,64367,11520,57084,8206,8287,1325,208,6571,11205,17780,2019
"Colorado Springs, CO Metro Area",267755,243714,1027,242687,195320,23926,207931,42252,18956,2761,220,5190,18851,17820,2019
"Columbia, MO Metro Area",80487,66775,393,66382,53675,5334,57453,11448,5515,755,130,3931,9781,17860,2019
"Columbia, SC Metro Area",312401,253530,807,252723,202834,30213,210438,43893,24592,2599,730,7557,51314,17900,2019
"Columbus, GA-AL Metro Area",118780,90737,405,90332,71041,14250,69580,16628,8638,1145,226,5091,22952,17980,2019
"Cullman, AL Micro Area",31034,23198,200,22998,19031,6266,14730,3257,2813,352,37,1001,6835,18980,2019
"Columbus, IN Metro Area",31452,25768,177,25591,20253,3078,20842,4552,2271,481,94,856,4828,18020,2019
"Columbus, MS Micro Area",22436,17369,55,17314,13794,4428,11801,3058,1485,375,20,819,4248,18060,2019
"Columbus, NE Micro Area",12947,10311,75,10236,8212,1240,8194,1774,931,151,34,342,2294,18100,2019
"Columbus, OH Metro Area",794449,691282,2225,689057,562783,72821,592880,115671,39127,4927,778,17445,85722,18140,2019
"Concord, NH Micro Area",58452,50846,280,50566,38107,3174,46023,11647,2253,354,42,1507,6099,18180,2019
"Connersville, IN Micro Area",9584,6802,23,6779,4982,1072,4961,1432,890,270,24,356,2426,18220,2019
"Cookeville, TN Micro Area",45130,33330,154,33176,23728,3581,28497,8516,1945,420,77,1566,10234,18260,2019
"Coos Bay, OR Micro Area",27025,21212,194,21018,15587,2426,16269,4265,2902,700,79,905,4908,18300,2019
"Cordele, GA Micro Area",8585,5223,23,5200,4442,1264,3356,610,764,133,0,382,2980,18380,2019
"Corinth, MS Micro Area",14649,10408,54,10354,8495,2941,6613,1587,1114,180,16,563,3678,18420,2019
"Cornelia, GA Micro Area",15139,10804,62,10742,8421,1587,8653,1984,1057,120,15,590,3745,18460,2019
"Corning, NY Micro Area",39861,31486,298,31188,22555,3705,24818,7470,3010,778,66,1081,7294,18500,2019
"Corpus Christi, TX Metro Area",152349,121996,229,121767,104243,22090,94479,15259,9159,1216,201,3216,27137,18580,2019
"Corsicana, TX Micro Area",17338,13248,62,13186,10278,4029,7080,2152,2583,599,47,352,3738,18620,2019
"Cortland, NY Micro Area",17745,13200,109,13091,10476,1336,11013,2298,981,174,11,1519,3026,18660,2019
"Corvallis, OR Metro Area",35718,32444,120,32324,26575,2381,28734,5139,1701,272,42,1001,2273,18700,2019
"Coshocton, OH Micro Area",14476,10286,93,10193,7346,2001,7067,2357,1366,368,19,412,3778,18740,2019
"Craig, CO Micro Area",5366,4302,7,4295,2918,713,2845,1087,748,269,0,160,904,18780,2019
"Crawfordsville, IN Micro Area",15382,12632,67,12565,10398,2345,9153,1823,1298,271,30,369,2381,18820,2019
"Crescent City, CA Micro Area",9945,7961,32,7929,5748,814,6509,1906,811,146,29,491,1493,18860,2019
"Crestview-Fort Walton Beach-Destin, FL Metro Area",105382,88195,497,87698,69543,7704,76982,16752,5729,497,32,5435,11752,18880,2019
"Crossville, TN Micro Area",25801,20414,157,20257,15408,2566,16546,4191,2266,277,24,679,4708,18900,2019
"Decatur, IN Micro Area",12481,9071,195,8876,6831,1808,6255,1687,1028,215,12,482,2928,19540,2019
"Defiance, OH Micro Area",15297,12426,157,12269,9747,1315,10005,2091,1331,236,10,409,2462,19580,2019
"Del Rio, TX Micro Area",15779,10673,2,10671,8056,2106,7926,2343,903,114,99,617,4489,19620,2019
"Deltona-Daytona Beach-Ormond Beach, FL Metro Area",258616,206818,918,205900,147605,32130,158916,49977,14647,1967,3674,10933,40865,19660,2019
"Deming, NM Micro Area",8904,5632,23,5609,4602,1653,3439,756,661,161,18,242,3030,19700,2019
"Denver-Aurora-Lakewood, CO Metro Area",1112126,993512,3604,989908,824513,80465,873785,149299,70784,6829,1454,26330,92284,19740,2019
"DeRidder, LA Micro Area",13520,10455,54,10401,8233,2710,5242,1298,2693,781,8,324,2741,19760,2019
"Des Moines-West Des Moines, IA Metro Area",266943,227477,1350,226127,188712,29822,184902,33214,19369,2198,270,8547,30919,19780,2019
"Detroit-Warren-Dearborn, MI Metro Area",1703819,1411597,4929,1406668,1115184,163021,1196299,266976,85683,10975,1532,57361,234861,19820,2019
"Dickinson, ND Micro Area",12907,10376,57,10319,7782,1223,8777,2322,786,57,36,705,1826,19860,2019
"Dixon, IL Micro Area",13788,11153,31,11122,8943,1718,8346,1738,1369,346,20,480,2155,19940,2019
"Dodge City, KS Micro Area",11344,8947,70,8877,6516,1633,6611,2024,699,247,29,208,2189,19980,2019
"Cullowhee, NC Micro Area",22393,15571,197,15374,12427,2613,11344,2341,1910,391,90,1303,5519,19000,2019
"Cumberland, MD-WV Metro Area",38315,29451,182,29269,22583,3950,23748,5772,2238,607,20,1056,7808,19060,2019
"Dallas-Fort Worth-Arlington, TX Metro Area",2553470,2197933,5140,2192793,1835065,283608,1803196,302287,193281,19966,4500,64212,291325,19100,2019
"Dalton, GA Metro Area",50014,39954,236,39718,25936,9579,29183,12898,1997,256,2,790,9270,19140,2019
"Danville, IL Metro Area",31151,23983,135,23848,19889,6267,15064,3285,3258,376,17,763,6405,19180,2019
"Danville, KY Micro Area",20720,15277,48,15229,12415,2858,10328,2058,2897,510,57,512,4931,19220,2019
"Danville, VA Micro Area",44560,32268,304,31964,24769,6849,22113,5837,3178,782,145,1388,10904,19260,2019
"Daphne-Fairhope-Foley, AL Metro Area",80930,66600,386,66214,56354,13421,48415,8093,8164,1046,26,3148,11182,19300,2019
"Davenport-Moline-Rock Island, IA-IL Metro Area",153939,124833,696,124137,100799,17661,100333,20237,10156,1401,229,4403,24703,19340,2019
"Dayton, TN Micro Area",12177,8873,27,8846,7534,1997,6177,1173,764,57,0,511,2793,19420,2019
"Dayton-Kettering, OH Metro Area",330975,279158,952,278206,226806,35518,232913,46457,17832,1806,266,8322,43495,19430,2019
"Decatur, AL Metro Area",58595,42595,241,42354,30916,8361,30962,9794,4364,1162,104,2874,13126,19460,2019
"Decatur, IL Metro Area",43912,34211,107,34104,26268,4712,27838,6924,2460,273,59,1481,8220,19500,2019
"Dothan, AL Metro Area",56324,41827,422,41405,31864,9047,29713,8257,3898,672,44,1305,13192,20020,2019
"Douglas, GA Micro Area",17318,11406,55,11351,8639,2323,7973,2154,2110,332,93,846,5066,20060,2019
"Dover, DE Metro Area",65796,56320,234,56086,45367,7507,46526,9577,2927,554,58,1103,8373,20100,2019
"Dublin, GA Micro Area",23025,14093,144,13949,8363,2450,10345,4601,1832,442,51,864,8068,20140,2019
"DuBois, PA Micro Area",31248,23100,309,22791,16487,2924,18150,5380,2326,495,84,1072,7076,20180,2019
"Dubuque, IA Metro Area",38210,31779,238,31541,25843,3816,24469,4840,4198,519,70,1409,5022,20220,2019
"Duluth, MN-WI Metro Area",123623,98624,1063,97561,77550,16084,72955,16438,11831,2012,202,4182,20817,20260,2019
"Dumas, TX Micro Area",6733,5683,3,5680,5010,1892,3465,551,551,51,0,128,922,20300,2019
"Duncan, OK Micro Area",16720,12882,62,12820,10490,3530,7696,1779,1725,471,43,556,3282,20340,2019
"Durango, CO Micro Area",21794,17062,124,16938,12814,1995,12911,3213,2438,488,84,1220,3512,20420,2019
"Durant, OK Micro Area",17253,12469,29,12440,8989,2615,7287,1737,3142,1059,109,786,3998,20460,2019
"Durham-Chapel Hill, NC Metro Area",245658,209571,827,208744,175721,22405,179315,29707,14615,1249,196,8447,27640,20500,2019
"Dyersburg, TN Micro Area",15120,11623,49,11574,9883,3043,7751,1396,1124,151,21,447,3050,20540,2019
"Eagle Pass, TX Micro Area",16286,9991,0,9991,7720,1925,7806,2065,617,10,0,381,5914,20580,2019
"Easton, MD Micro Area",16826,14544,54,14490,11764,1958,11623,2477,1237,179,15,254,2028,20660,2019
"East Stroudsburg, PA Metro Area",57098,48579,427,48152,36966,3348,42530,10356,3503,430,13,1272,7247,20700,2019
"Eau Claire, WI Metro Area",66582,56724,408,56316,44834,6232,47215,10214,4188,748,62,1591,8267,20740,2019
"Edwards, CO Micro Area",18171,16347,43,16304,12649,3773,11834,3151,1370,308,0,612,1212,20780,2019
"Effingham, IL Micro Area",13877,11379,111,11268,8970,1635,8571,1981,1313,204,41,351,2147,20820,2019
"El Campo, TX Micro Area",15199,10757,155,10602,7933,3769,4762,1659,2084,845,99,421,4021,20900,2019
"El Centro, CA Metro Area",44829,34963,215,34748,31192,5159,27472,2945,2729,270,82,1261,8605,20940,2019
"El Dorado, AR Micro Area",15726,9889,33,9856,6895,1867,7029,2531,1230,318,0,1055,4782,20980,2019
"Elizabeth City, NC Micro Area",20633,15977,103,15874,12023,2385,12673,3498,1370,142,33,626,4030,21020,2019
"Elizabethtown-Fort Knox, KY Metro Area",58072,46154,353,45801,35897,5114,38937,9093,3207,430,37,3160,8758,21060,2019
"Elk City, OK Micro Area",7578,5897,26,5871,4801,1241,4147,947,636,106,0,248,1433,21120,2019
"Elkhart-Goshen, IN Metro Area",71718,58324,560,57764,44716,8906,46094,11819,4401,391,170,1883,11511,21140,2019
"Elkins, WV Micro Area",11135,7806,26,7780,5225,1025,6120,2140,733,141,86,376,2953,21180,2019
"Elko, NV Micro Area",18839,15911,41,15870,12173,2945,11516,2919,1897,433,26,870,2058,21220,2019
"Ellensburg, WA Micro Area",18347,15580,110,15470,12836,1382,12992,2300,1311,156,18,938,1829,21260,2019
"Elmira, NY Metro Area",33989,27483,148,27335,19100,3258,22514,7577,2115,440,17,1228,5278,21300,2019
"El Paso, TX Metro Area",269288,211605,464,211141,173876,39741,162312,33896,17935,1875,150,10160,47523,21340,2019
"Emporia, KS Micro Area",14620,11885,51,11834,9738,2564,8020,1751,1309,284,33,527,2208,21380,2019
"Enid, OK Metro Area",23541,18484,68,18416,14591,3313,14111,3287,1604,257,28,831,4226,21420,2019
"Enterprise, AL Micro Area",19924,16130,183,15947,13341,3260,11856,2291,1248,202,14,404,3390,21460,2019
"Erie, PA Metro Area",110318,90283,670,89613,69472,11843,74896,18496,4787,596,105,2721,17314,21500,2019
"Escanaba, MI Micro Area",16234,12451,84,12367,8925,2061,9084,2888,1366,375,27,363,3420,21540,2019
"Española, NM Micro Area",12730,7348,11,7337,4668,1226,5040,1830,1250,712,48,271,5111,21580,2019
"Forrest City, AR Micro Area",9388,5457,25,5432,3743,1968,2986,1426,646,230,0,662,3269,22620,2019
"Eufaula, AL-GA Micro Area",10187,6175,60,6115,4906,1686,3723,869,989,221,15,637,3375,21640,2019
"Eugene-Springfield, OR Metro Area",152312,130373,762,129611,106512,13521,108441,20075,9999,1905,118,6057,15882,21660,2019
"Eureka-Arcata, CA Micro Area",54679,45836,168,45668,34569,5415,36124,9139,4061,1117,255,1368,7475,21700,2019
"Evanston, WY Micro Area",7597,6815,13,6802,5509,776,4716,957,1398,202,15,148,634,21740,2019
"Evansville, IN-KY Metro Area",128919,104420,311,104109,79169,14332,83504,21945,8769,1628,145,3457,21042,21780,2019
"Fairbanks, AK Metro Area",36188,31351,309,31042,24070,5596,24081,6573,1942,108,27,932,3905,21820,2019
"Fairfield, IA Micro Area",6754,5399,69,5330,4128,791,3930,960,631,158,30,243,1112,21840,2019
"Fairmont, MN Micro Area",8759,7023,113,6910,5051,1248,4960,1571,878,190,12,177,1559,21860,2019
"Fairmont, WV Micro Area",22926,18816,84,18732,13269,2751,15084,4897,1249,392,8,448,3662,21900,2019
"Fallon, NV Micro Area",9940,8538,70,8468,6569,836,7149,1665,688,137,0,249,1153,21980,2019
"Fort Morgan, CO Micro Area",10928,9144,66,9078,7010,1851,6226,1599,1158,369,26,209,1575,22820,2019
"Fort Payne, AL Micro Area",26040,18876,129,18747,14613,4344,13139,3465,1747,504,12,628,6536,22840,2019
"Fort Polk South, LA Micro Area",17696,13357,95,13262,10223,2855,8623,2341,2435,570,8,734,3605,22860,2019
"Fort Smith, AR-OK Metro Area",97383,71903,449,71454,55605,14012,51471,13396,7796,1654,66,3915,21565,22900,2019
"Fargo, ND-MN Metro Area",100207,84695,285,84410,70205,9396,71241,12488,6008,944,163,4850,10662,22020,2019
"Faribault-Northfield, MN Micro Area",23005,19563,170,19393,15401,2962,15195,3505,1533,356,40,548,2894,22060,2019
"Farmington, MO Micro Area",24898,19858,87,19771,16599,4324,13476,2457,2552,611,24,609,4431,22100,2019
"Farmington, NM Metro Area",43387,29098,262,28836,21586,4964,21442,5843,3504,867,100,1784,12505,22140,2019
"Fayetteville, NC Metro Area",188642,156433,527,155906,123261,17336,133932,30218,9368,950,184,5603,26606,22180,2019
"Fayetteville-Springdale-Rogers, AR Metro Area",190853,142005,669,141336,116410,20518,112308,21731,11062,1586,202,20668,28180,22220,2019
"Fergus Falls, MN Micro Area",24687,18788,303,18485,14378,3158,14102,3624,1543,220,77,1130,4769,22260,2019
"Fernley, NV Micro Area",21189,18001,33,17968,13971,2709,13186,3150,2594,572,29,469,2719,22280,2019
"Findlay, OH Micro Area",31937,27389,168,27221,20761,2770,22792,5835,2207,425,51,767,3781,22300,2019
"Fitzgerald, GA Micro Area",6443,3600,22,3578,2648,684,2501,647,686,169,32,553,2290,22340,2019
"Flagstaff, AZ Metro Area",47447,37266,167,37099,29331,5250,28376,6083,4224,1083,196,1676,8505,22380,2019
"Flint, MI Metro Area",167902,130228,605,129623,94504,15442,109934,32767,6967,1106,90,6532,31142,22420,2019
"Florence, SC Metro Area",78672,56720,185,56535,38169,9297,43190,15787,5383,2027,117,2660,19292,22500,2019
"Florence-Muscle Shoals, AL Metro Area",60351,43409,270,43139,34783,10448,29371,7089,4603,844,24,2840,14102,22520,2019
"Fond du Lac, WI Metro Area",41542,34183,317,33866,25685,4299,26417,7205,3542,643,45,1129,6230,22540,2019
"Forest City, NC Micro Area",26683,18817,73,18744,14826,4119,11985,2925,3175,656,83,1074,6792,22580,2019
"Fort Leonard Wood, MO Micro Area",15154,12502,84,12418,8727,1675,10021,3409,1033,186,18,764,1888,22780,2019
"Fort Madison-Keokuk, IA-IL-MO Micro Area",24299,18133,197,17936,13601,2972,12968,3569,2218,531,35,847,5319,22800,2019
"Fort Wayne, IN Metro Area",158807,133843,586,133257,108793,17489,111098,22299,6853,886,279,4056,20908,23060,2019
"Frankfort, IN Micro Area",12033,9250,72,9178,7174,2061,6185,1690,947,208,73,429,2354,23140,2019
"Frankfort, KY Micro Area",29770,23793,25,23768,20197,5239,16968,3187,1928,237,70,1671,4306,23180,2019
"Fredericksburg, TX Micro Area",10694,8495,26,8469,7253,1471,5603,781,1811,370,9,290,1909,23240,2019
"Freeport, IL Micro Area",19739,15662,139,15523,12239,2686,11270,2806,1662,283,63,430,3647,23300,2019
"Fremont, NE Micro Area",15261,12178,149,12029,9167,1724,9353,2490,1242,267,13,548,2535,23340,2019
"Fremont, OH Micro Area",23574,18714,151,18563,13614,2515,14540,4207,2006,407,61,745,4115,23380,2019
"Fresno, CA Metro Area",307906,247727,937,246790,202951,40169,192963,38161,23665,2883,616,8477,51702,23420,2019
"Gadsden, AL Metro Area",38942,29948,140,29808,22371,6359,21566,6391,2773,499,59,1409,7585,23460,2019
"Gaffney, SC Micro Area",20699,13625,63,13562,9977,2786,9561,3041,1874,278,62,1216,5858,23500,2019
"Gainesville, FL Metro Area",120833,99437,521,98916,80438,9567,83514,16044,8390,1589,62,4456,16940,23540,2019
"Gainesville, GA Metro Area",64352,55372,141,55231,46163,8145,44831,8009,4841,487,63,1098,7882,23580,2019
"Gainesville, TX Micro Area",15351,11723,23,11700,9579,2493,7347,1594,2088,350,57,704,2924,23620,2019
"Galesburg, IL Micro Area",20680,15253,157,15096,11842,2852,11464,2721,1067,218,32,921,4506,23660,2019
"Gallup, NM Micro Area",20942,9452,271,9181,6724,3007,5355,1928,1199,385,10,896,10594,23700,2019
"Garden City, KS Micro Area",13720,10923,30,10893,8992,2253,8159,1575,874,170,13,390,2407,23780,2019
"Gardnerville Ranchos, NV Micro Area",20741,18551,55,18496,14045,1669,15885,4043,1632,196,12,249,1941,23820,2019
"Georgetown, SC Micro Area",25498,18937,42,18895,15623,1591,15977,2921,1619,138,39,1313,5248,23860,2019
"Gettysburg, PA Metro Area",39345,32278,418,31860,24743,3274,27181,6448,1963,187,101,1003,6064,23900,2019
"Gillette, WY Micro Area",23384,20396,44,20352,15191,4151,14135,4217,2779,740,34,694,2294,23940,2019
"Glasgow, KY Micro Area",21005,16601,119,16482,10206,1795,14318,6000,620,98,0,485,3919,23980,2019
"Glens Falls, NY Metro Area",52029,42745,330,42415,30217,4626,34164,10290,4428,1360,86,1388,7896,24020,2019
"Glenwood Springs, CO Micro Area",28965,25659,143,25516,18974,5991,17088,5427,3219,842,42,582,2724,24060,2019
"Gloversville, NY Micro Area",22557,17573,203,17370,8943,1075,15307,6109,813,187,521,720,4264,24100,2019
"Goldsboro, NC Metro Area",48343,38661,55,38606,31997,6907,29965,5909,2481,272,66,1176,8506,24140,2019
"Granbury, TX Micro Area",22152,18910,47,18863,15268,5309,12016,2956,2460,415,26,834,2408,24180,2019
"Grand Forks, ND-MN Metro Area",43086,35038,140,34898,28444,4132,29169,5677,2267,405,57,2166,5882,24220,2019
"Grand Island, NE Metro Area",29189,23579,276,23303,18146,3909,17614,4543,2286,309,43,952,4658,24260,2019
"Grand Junction, CO Metro Area",61742,53349,410,52939,43930,5946,44136,8061,3834,524,44,1302,7091,24300,2019
"Grand Rapids, MN Micro Area",19506,15460,137,15323,11945,2383,11824,2902,1529,288,8,508,3538,24330,2019
"Grand Rapids-Kentwood, MI Metro Area",391233,334663,1392,333271,273662,41309,275091,52601,23544,3575,647,10516,46054,24340,2019
"Grants, NM Micro Area",8708,5155,112,5043,2648,1255,2875,1790,902,539,21,289,3264,24380,2019
"Grants Pass, OR Metro Area",36367,29444,291,29153,20689,4008,21345,6809,4706,1087,46,1717,5206,24420,2019
"Great Bend, KS Micro Area",10624,8328,84,8244,6301,1098,6605,1487,895,213,16,392,1904,24460,2019
"Great Falls, MT Metro Area",34329,26560,134,26426,20194,2547,22156,5177,2291,652,89,824,6945,24500,2019
"Greeley, CO Metro Area",104671,90366,330,90036,74041,9542,73048,12616,11851,2049,248,3055,11250,24540,2019
"Green Bay, WI Metro Area",129648,109842,784,109058,87750,14511,88107,18861,8842,1348,163,3011,16795,24580,2019
"Greeneville, TN Micro Area",27396,19715,111,19604,15453,4169,14209,3622,1357,282,58,1018,6663,24620,2019
"Greensboro-High Point, NC Metro Area",297916,225266,860,224406,179743,25539,191643,40575,13805,1555,363,19376,53274,24660,2019
"Greensburg, IN Micro Area",10353,7949,0,7949,6433,1547,5393,1209,1049,143,64,342,2062,24700,2019
"Greenville, MS Micro Area",17988,11263,33,11230,9073,3098,7146,1784,1242,170,55,764,5961,24740,2019
"Greenville, NC Metro Area",69799,56496,130,56366,45698,12344,42024,9833,3155,371,71,3519,9784,24780,2019
"Greenville, OH Micro Area",20861,16601,211,16390,12351,2456,12535,3482,1649,328,28,693,3567,24820,2019
"Greenville-Anderson, SC Metro Area",343270,276608,794,275814,222240,35244,229287,47952,21974,2537,272,10036,56626,24860,2019
"Greenwood, MS Micro Area",13789,6758,40,6718,4658,1238,4671,1562,1471,324,2,964,6067,24900,2019
"Greenwood, SC Micro Area",27612,20339,85,20254,15037,3507,15809,4534,1679,455,17,738,6535,24940,2019
"Grenada, MS Micro Area",8391,5636,21,5615,4538,1344,3709,795,997,169,10,253,2502,24980,2019
"Guayama, PR Metro Area",26074,15771,18,15753,13982,7271,7576,1628,1006,95,18,664,9639,25020,2019
"Gulfport-Biloxi, MS Metro Area",156897,123810,482,123328,101127,22653,92946,19831,12894,1252,142,3994,29093,25060,2019
"Guymon, OK Micro Area",6768,5048,19,5029,4097,914,3890,871,298,50,0,328,1392,25100,2019
"Hagerstown-Martinsburg, MD-WV Metro Area",107441,86719,539,86180,68302,10487,71580,15565,6375,1018,119,3372,17350,25180,2019
"Hailey, ID Micro Area",8389,7255,11,7244,2483,713,5767,3949,880,640,0,96,1038,25200,2019
"Hammond, LA Metro Area",47597,37393,71,37322,31400,6124,28676,4896,3305,680,41,946,9258,25220,2019
"Hanford-Corcoran, CA Metro Area",43452,35131,187,34944,24213,3735,29026,9746,3003,603,78,1111,7210,25260,2019
"Hannibal, MO Micro Area",15601,12349,107,12242,9822,1589,9909,2030,970,253,23,488,2764,25300,2019
"Harrisburg-Carlisle, PA Metro Area",230247,191645,1182,190463,151550,18805,166028,36104,9337,1007,218,6482,32120,25420,2019
"Harrison, AR Micro Area",17970,14067,134,13933,9645,3012,10070,3934,1040,213,14,392,3511,25460,2019
"Harrisonburg, VA Metro Area",47717,36832,144,36688,29412,6249,27588,6087,3097,669,92,2826,8059,25500,2019
"Hartford-East Hartford-Middletown, CT Metro Area",473062,402486,1627,400859,311359,36138,355451,83385,16446,2300,539,13015,57561,25540,2019
"Hastings, NE Micro Area",12712,10097,96,10001,7631,1167,8093,2054,895,161,43,307,2308,25580,2019
"Hattiesburg, MS Metro Area",61584,46535,342,46193,35868,12387,29571,8136,5626,1869,22,2055,12994,25620,2019
"Hays, KS Micro Area",11544,9396,10,9386,7655,1241,7899,1672,338,46,6,405,1743,25700,2019
"Heber, UT Micro Area",24099,22226,121,22105,18616,1801,17755,2784,3450,444,68,450,1423,25720,2019
"Helena, MT Micro Area",32377,26935,209,26726,18995,2330,21680,6609,2832,815,67,845,4597,25740,2019
"Helena-West Helena, AR Micro Area",7485,4911,17,4894,4161,1417,3087,575,817,133,0,159,2415,25760,2019
"Henderson, NC Micro Area",16875,11953,70,11883,9135,1600,9630,2415,1000,235,0,406,4516,25780,2019
"Hereford, TX Micro Area",6145,4863,1,4862,4113,1922,2599,503,401,63,8,150,1132,25820,2019
"Hermiston-Pendleton, OR Micro Area",31016,24723,59,24664,18963,3902,17943,4520,3466,847,35,979,5314,25840,2019
"Hickory-Lenoir-Morganton, NC Metro Area",144508,112485,560,111925,88438,15560,89969,20658,9376,1584,116,3198,28825,25860,2019
"Hillsdale, MI Micro Area",18107,13513,148,13365,10513,2819,9120,2252,1681,347,39,587,4007,25880,2019
"Hilo, HI Micro Area",69453,54189,381,53808,40923,5618,45043,11486,4254,806,36,3084,12180,25900,2019
"Hilton Head Island-Bluffton, SC Metro Area",81746,67998,374,67624,55106,5894,59551,11203,4950,518,136,3764,9984,25940,2019
"Hinesville, GA Metro Area",29180,25091,45,25046,18884,3513,20754,5533,1909,284,15,677,3412,25980,2019
"Hobbs, NM Micro Area",22523,17554,59,17495,15427,4728,11718,1572,1554,295,43,784,4185,26020,2019
"Holland, MI Micro Area",43416,34676,216,34460,27548,10153,20200,5324,4347,1077,55,891,7849,26090,2019
"Homosassa Springs, FL Metro Area",63681,52710,420,52290,36345,5212,44551,14344,3529,655,205,1837,9134,26140,2019
"Hood River, OR Micro Area",8600,7131,44,7087,5557,538,5882,1125,1039,263,19,216,1253,26220,2019
"Hope, AR Micro Area",11491,8102,104,7998,6461,3381,3644,1068,1208,285,18,246,3143,26260,2019
"Hot Springs, AR Metro Area",40209,31719,123,31596,24222,7425,21714,6408,3738,533,76,1129,7361,26300,2019
"Houghton, MI Micro Area",14467,11340,63,11277,8683,1691,8796,2216,857,203,32,668,2459,26340,2019
"Houma-Thibodaux, LA Metro Area",76867,58939,148,58791,44398,6901,49324,12221,4837,687,135,1712,16216,26380,2019
"Houston-The Woodlands-Sugar Land, TX Metro Area",2352275,2008535,5300,2003235,1705281,302835,1624758,263713,181413,16078,2109,55545,288195,26420,2019
"Hudson, NY Micro Area",24966,20090,195,19895,14763,1924,16176,4550,1857,368,23,741,4135,26460,2019
"Huntingdon, PA Micro Area",16779,12912,176,12736,8047,1411,10449,4147,1119,242,33,464,3403,26500,2019
"Huntington, IN Micro Area",14742,11726,108,11618,8783,2252,8339,2492,1111,180,49,568,2448,26540,2019
"Huntington-Ashland, WV-KY-OH Metro Area",140894,104008,911,103097,77467,12594,84753,22057,8116,2277,112,6499,30387,26580,2019
"Huntsville, AL Metro Area",180332,154281,505,153776,124995,16592,130568,25152,10874,2288,99,5517,20534,26620,2019
"Huntsville, TX Micro Area",21963,17837,92,17745,15863,3263,13227,1606,1454,159,0,517,3609,26660,2019
"Huron, SD Micro Area",8478,6163,49,6114,3983,798,4769,1874,713,114,17,319,1996,26700,2019
"Hutchinson, KS Micro Area",25014,20024,110,19914,15389,3442,15048,3907,1822,318,73,870,4120,26740,2019
"Hutchinson, MN Micro Area",14714,12309,94,12215,9755,1551,9835,2152,1230,197,24,349,2056,26780,2019
"Idaho Falls, ID Metro Area",49526,43742,295,43447,36337,5506,34472,6008,4828,778,59,1383,4401,26820,2019
"Indiana, PA Micro Area",33246,24874,293,24581,18313,4363,17794,5184,2586,826,33,996,7376,26860,2019
"Indianapolis-Carmel-Anderson, IN Metro Area",776607,649112,2385,646727,533538,85084,535778,101158,52029,4874,680,20414,107081,26900,2019
"Indianola, MS Micro Area",8322,4974,51,4923,3663,1662,2665,835,708,232,7,238,3110,26940,2019
"Iowa City, IA Metro Area",67966,59407,318,59089,48209,5445,51281,9821,4012,536,42,2377,6182,26980,2019
"Iron Mountain, MI-WI Micro Area",13179,10155,118,10037,7147,1129,8064,2424,915,277,65,650,2374,27020,2019
"Ithaca, NY Metro Area",39618,33915,140,33775,25804,2481,29704,7320,1972,316,59,2167,3536,27060,2019
"Jackson, MI Metro Area",61805,50666,301,50365,41555,8560,38696,7639,3579,553,87,1776,9363,27100,2019
"Jackson, MS Metro Area",217785,168510,326,168184,139238,31979,122908,24247,18366,2073,440,6937,42338,27140,2019
"Jackson, OH Micro Area",12780,9696,70,9626,7549,1756,6865,1684,1154,298,0,343,2741,27160,2019
"Jackson, TN Metro Area",68815,52275,248,52027,44094,8756,40186,6872,4450,605,111,2602,13938,27180,2019
"Jackson, WY-ID Micro Area",12726,11272,64,11208,8532,1356,9023,2110,1229,335,23,437,1017,27220,2019
"Jacksonville, FL Metro Area",563946,483436,1723,481713,378994,65183,400240,94452,32006,3389,593,17865,62645,27260,2019
"Jacksonville, IL Micro Area",15658,12009,134,11875,8344,1953,8306,2966,2112,436,26,560,3089,27300,2019
"Jacksonville, NC Metro Area",64386,56196,140,56056,43580,5527,48917,11314,3866,420,52,1812,6378,27340,2019
"Jacksonville, TX Micro Area",18138,13276,52,13224,10701,4475,7038,1700,2321,466,29,807,4055,27380,2019
"Jamestown, ND Micro Area",8908,7000,24,6976,5114,636,5996,1695,391,72,45,311,1597,27420,2019
"Jamestown-Dunkirk-Fredonia, NY Micro Area",53075,40857,435,40422,28765,5254,33154,10446,2981,504,23,2346,9872,27460,2019
"Janesville-Beloit, WI Metro Area",64739,52265,375,51890,42244,6626,41868,8393,4602,702,51,3105,9369,27500,2019
"Jasper, AL Micro Area",25019,18106,99,18007,14720,4782,11043,2313,2447,412,191,712,6201,27530,2019
"Jasper, IN Micro Area",22022,17384,269,17115,11762,3516,11730,4269,2133,692,54,440,4198,27540,2019
"Jayuya, PR Micro Area",4837,2423,11,2412,1841,550,1260,415,569,122,34,101,2313,27580,2019
"Jefferson, GA Micro Area",23166,18515,137,18378,15391,2406,14718,2629,2130,168,49,579,4072,27600,2019
"Jefferson City, MO Metro Area",56683,40894,348,40546,32073,6172,30865,6878,4744,875,182,4623,11166,27620,2019
"Jennings, LA Micro Area",11726,8182,33,8149,6034,1703,5653,1771,1027,213,19,217,3327,27660,2019
"Jesup, GA Micro Area",10400,7684,20,7664,5644,1560,5396,1720,923,209,38,534,2182,27700,2019
"Johnson City, TN Metro Area",85301,65318,457,64861,51480,9340,52967,11784,4135,730,240,3459,16524,27740,2019
"Johnstown, PA Metro Area",56674,43614,441,43173,32757,5273,36026,9585,2525,434,72,1324,11736,27780,2019
"Jonesboro, AR Metro Area",50901,40936,134,40802,34261,8695,29692,5851,2989,345,67,2405,7560,27860,2019
"Joplin, MO Metro Area",67961,52496,293,52203,43031,12656,34416,7325,6075,1299,168,3452,12013,27900,2019
"Juneau, AK Micro Area",12676,11510,17,11493,9938,1120,10071,1460,448,41,3,298,868,27940,2019
"Kahului-Wailuku-Lahaina, HI Metro Area",54479,45934,162,45772,38064,3156,41674,7043,2076,127,46,1928,6617,27980,2019
"Aberdeen, SD Micro Area",17849,14297,76,14221,11196,1445,11992,2582,1118,181,30,782,2770,10100,2019
"Aberdeen, WA Micro Area",28722,23969,127,23842,18802,3391,19286,4458,1731,387,3,639,4114,10140,2019
"Abilene, TX Metro Area",60931,46767,108,46659,39468,6245,37026,5801,4870,790,108,1453,12711,10180,2019
"Ada, OK Micro Area",14278,9922,56,9866,7003,1557,6828,1748,2080,597,61,345,4011,10220,2019
"Adrian, MI Micro Area",38345,31568,264,31304,24995,4697,23831,5386,3033,512,85,1201,5576,10300,2019
"Aguadilla-Isabela, PR Metro Area",109248,60791,3854,56937,40346,18742,32666,11501,7288,2666,216,4059,44398,10380,2019
"Akron, OH Metro Area",286543,236890,1137,235753,178453,22420,206289,53280,13965,1495,323,10037,39616,10420,2019
"Alamogordo, NM Micro Area",23634,18650,153,18497,15246,2383,14865,2841,1551,232,41,563,4421,10460,2019
"Albany, GA Metro Area",55714,41722,54,41668,34667,8360,30550,5791,4593,585,71,1765,12227,10500,2019
"Albany-Lebanon, OR Metro Area",47762,39874,244,39630,32446,5146,31638,6189,3671,600,44,1634,6254,10540,2019
"Albany-Schenectady-Troy, NY Metro Area",352713,301253,1143,300110,231729,25978,266084,63688,11063,2194,280,10934,40526,10580,2019
"Albemarle, NC Micro Area",23332,19132,134,18998,14994,2953,15016,3347,1742,421,19,471,3729,10620,2019
"Albert Lea, MN Micro Area",13009,10175,117,10058,7743,1461,7840,1933,965,212,24,341,2493,10660,2019
"Albertville, AL Micro Area",34883,27746,29,27717,23358,5551,20774,3811,1767,289,61,906,6231,10700,2019
"Albuquerque, NM Metro Area",351354,280266,2523,277743,215163,38327,225724,52663,25531,4115,600,13297,57791,10740,2019
"Alexander City, AL Micro Area",20237,14974,38,14936,11748,3394,9756,2689,1932,324,13,525,4738,10760,2019
"Alexandria, LA Metro Area",55477,42532,110,42422,35336,7037,30765,5721,6048,683,106,1377,11568,10780,2019
"Alexandria, MN Micro Area",16663,13358,212,13146,7959,1291,10961,4805,1131,200,48,640,2665,10820,2019
"Alice, TX Micro Area",16498,10045,98,9947,6269,1589,7301,2896,1622,497,10,248,6205,10860,2019
"Allentown-Bethlehem-Easton, PA-NJ Metro Area",320529,268562,1702,266860,205075,23790,236159,57498,13797,1760,320,8450,43517,10900,2019
"Alma, MI Micro Area",15035,10998,99,10899,7969,1745,7458,2282,1797,448,51,675,3362,10940,2019
"Alpena, MI Micro Area",12752,9872,73,9799,7068,1703,7306,2220,920,266,56,426,2454,10980,2019
"Altoona, PA Metro Area",52126,41120,233,40887,31517,5303,33932,8489,2574,406,60,1347,9659,11020,2019
"Altus, OK Micro Area",9762,7934,58,7876,6801,1705,5365,882,892,125,15,451,1377,11060,2019
"Amarillo, TX Metro Area",97345,79444,276,79168,64881,13464,61233,12093,7079,925,204,3413,14488,11100,2019
"Americus, GA Micro Area",13374,9163,46,9117,7613,2138,6020,1215,1227,214,27,380,3831,11140,2019
"Ames, IA Metro Area",48765,38685,310,38375,30259,3643,32503,7124,3232,570,46,5916,4164,11180,2019
"Amsterdam, NY Micro Area",19660,15119,170,14949,10465,1666,12582,4136,928,140,36,728,3813,11220,2019
"Anchorage, AK Metro Area",137784,123295,373,122922,106528,15952,103924,15149,5433,354,206,3280,11209,11260,2019
"Andrews, TX Micro Area",5573,4816,13,4803,4180,753,3692,431,527,84,0,99,658,11380,2019
"Angola, IN Micro Area",14261,11443,104,11339,9428,2249,7850,1445,1546,320,35,658,2160,11420,2019
"Ann Arbor, MI Metro Area",141245,125893,292,125601,106521,10724,110398,17339,6792,719,153,4826,10526,11460,2019
"Anniston-Oxford, AL Metro Area",44605,33626,107,33519,26525,6221,24806,5759,3853,771,61,1512,9467,11500,2019
"Appleton, WI Metro Area",93455,81329,497,80832,63526,8087,68591,15321,5943,1033,125,1756,10370,11540,2019
"Arcadia, FL Micro Area",12072,7011,92,6919,4824,1436,4786,1685,879,234,6,522,4539,11580,2019
"Ardmore, OK Micro Area",21607,14520,43,14477,10640,3493,8757,2417,2516,836,102,1785,5302,11620,2019
"Arecibo, PR Metro Area",65547,39245,371,38874,32353,14720,21614,5282,2861,783,76,2369,23933,11640,2019
"Arkadelphia, AR Micro Area",8446,5815,18,5797,4712,1191,3892,760,858,157,39,482,2149,11660,2019
"Asheville, NC Metro Area",191756,154011,581,153430,121834,21577,123446,27697,12066,2254,202,6089,31656,11700,2019
"Ashland, OH Micro Area",20417,16232,71,16161,12590,2901,12080,3089,1621,267,46,548,3637,11740,2019
"Ashtabula, OH Micro Area",37832,28875,337,28538,20492,3734,23569,7256,1814,344,25,1447,7510,11780,2019
"Astoria, OR Micro Area",15800,13180,72,13108,10365,1063,11044,2279,1376,282,25,452,2168,11820,2019
"Atchison, KS Micro Area",5958,4415,70,4345,3230,670,3166,863,824,153,2,218,1325,11860,2019
"Athens, OH Micro Area",22557,17121,66,17055,13471,3264,12531,3057,1508,287,88,1749,3687,11900,2019
"Athens, TN Micro Area",20804,15237,84,15153,13087,4687,8730,1757,2013,275,0,842,4725,11940,2019
"Athens, TX Micro Area",30757,23204,144,23060,19395,4550,16442,2925,6971,316,33,841,6712,11980,2019
"Baton Rouge, LA Metro Area",308531,252399,484,251915,197987,33054,207063,50093,19997,1966,208,11794,44338,12940,2019
"Battle Creek, MI Metro Area",53991,43071,202,42869,34607,9250,30525,6872,4032,787,129,976,9944,12980,2019
"Athens-Clarke County, GA Metro Area",78662,64036,163,63873,53323,6561,54837,9262,5170,487,71,2599,12027,12020,2019
"Atlanta-Sandy Springs-Alpharetta, GA Metro Area",2104360,1818841,3745,1815096,1509237,189675,1561117,273952,146452,12661,2798,67679,217840,12060,2019
"Atlantic City-Hammonton, NJ Metro Area",99850,83692,404,83288,59508,6993,74670,22731,3373,300,45,2423,13735,12100,2019
"Atmore, AL Micro Area",13089,8055,77,7978,6878,4153,2871,726,1074,264,10,158,4876,12120,2019
"Auburn, IN Micro Area",16801,13227,104,13123,10903,2588,9027,1797,1769,275,35,576,2998,12140,2019
"Auburn, NY Micro Area",31221,25099,209,24890,19508,4104,18780,4641,2178,459,14,871,5251,12180,2019
"Auburn-Opelika, AL Metro Area",60237,49642,228,49414,40317,5697,41557,8134,5469,478,45,2561,8034,12220,2019
"Augusta-Richmond County, GA-SC Metro Area",215210,167048,688,166360,137011,26223,132057,25197,13245,1897,161,6434,41728,12260,2019
"Augusta-Waterville, ME Micro Area",52105,42974,285,42689,31549,3072,38354,10401,1820,301,81,1433,7698,12300,2019
"Austin, MN Micro Area",15565,12470,125,12345,9584,1989,9249,2327,1440,273,19,477,2618,12380,2019
"Austin-Round Rock-Georgetown, TX Metro Area",764989,677207,1451,675756,573624,69125,582231,92987,44194,4445,776,22210,65572,12420,2019
"Bainbridge, GA Micro Area",10084,5623,34,5589,4180,1646,3006,847,1088,453,35,540,3921,12460,2019
"Bakersfield, CA Metro Area",270282,216465,993,215472,175805,37882,164847,33768,21972,3266,407,7981,45836,12540,2019
"Baltimore-Columbia-Towson, MD Metro Area",1049909,901604,3054,898550,742096,94948,784055,146063,35677,3561,896,29635,118670,12580,2019
"Bangor, ME Metro Area",62156,51339,595,50744,37262,5061,43506,12117,2969,596,97,2450,8367,12620,2019
"Baraboo, WI Micro Area",26222,21667,186,21481,16417,2408,17372,4320,2221,521,43,861,3694,12660,2019
"Bardstown, KY Micro Area",17853,14774,92,14682,11705,2183,11636,2551,1191,238,51,585,2494,12680,2019
"Barnstable Town, MA Metro Area",94323,83088,330,82758,65696,5453,75834,15658,3034,331,105,2525,8710,12700,2019
"Barre, VT Micro Area",24828,20817,136,20681,13664,2251,17444,6356,1350,319,53,943,3068,12740,2019
"Bartlesville, OK Micro Area",20455,15978,58,15920,12271,2312,11578,3037,2536,382,56,755,3722,12780,2019
"Batavia, NY Micro Area",23759,19240,97,19143,14036,2183,16222,4622,997,237,20,605,3914,12860,2019
"Batesville, AR Micro Area",21769,13105,170,12935,10096,2905,8290,2199,2037,469,28,2380,6284,12900,2019
"Bay City, MI Metro Area",44339,36404,163,36241,28695,5777,28522,6677,2449,531,91,753,7182,13020,2019
"Bay City, TX Micro Area",13848,8853,75,8778,6024,1883,5343,1770,1992,784,84,638,4357,13060,2019
"Beatrice, NE Micro Area",8979,7259,127,7132,5359,957,5355,1358,1060,283,72,188,1532,13100,2019
"Beaumont-Port Arthur, TX Metro Area",145308,110369,280,110089,83288,23795,79904,23968,9788,1358,299,3229,31710,13140,2019
"Beaver Dam, WI Micro Area",34980,28911,194,28717,22225,4786,21087,5357,3036,701,85,683,5386,13180,2019
"Beckley, WV Metro Area",48644,36708,179,36529,25910,4060,30543,8157,3957,873,92,1290,10646,13220,2019
"Bedford, IN Micro Area",18781,14281,49,14232,9134,2665,10057,4474,1593,449,49,430,4070,13260,2019
"Beeville, TX Micro Area",8269,5218,14,5204,4471,1021,3616,491,861,140,5,193,2858,13300,2019
"Bellefontaine, OH Micro Area",18677,15453,107,15346,12277,2389,11951,2669,1181,253,13,592,2632,13340,2019
"Bellingham, WA Metro Area",86523,76147,154,75993,62187,7357,65281,12454,4606,694,132,2064,8312,13380,2019
"Bemidji, MN Micro Area",17372,13917,64,13853,9778,1428,12066,3859,547,70,47,619,2836,13420,2019
"Bend, OR Metro Area",74397,66265,319,65946,52686,7120,54057,10370,6105,2043,220,1618,6514,13460,2019
"Bennettsville, SC Micro Area",9613,5582,40,5542,3362,1527,2810,1344,1347,640,85,373,3658,13500,2019
"Bennington, VT Micro Area",14581,11970,146,11824,6828,903,10405,4650,687,187,28,667,1944,13540,2019
"Berlin, NH Micro Area",13768,10845,80,10765,6627,829,8964,3545,1109,420,36,493,2430,13620,2019
"Big Rapids, MI Micro Area",15808,12318,131,12187,8863,2048,8596,2665,1760,390,71,541,2949,13660,2019
"Big Spring, TX Micro Area",11064,8160,18,8142,6526,1324,6140,1478,896,86,28,359,2545,13700,2019
"Oshkosh-Neenah, WI Metro Area",70594,59802,611,59191,46395,6686,49733,11694,3920,532,97,2228,8564,36780,2019
"Oskaloosa, IA Micro Area",8927,7239,46,7193,5513,1401,5056,1318,723,245,73,211,1477,36820,2019
"Othello, WA Micro Area",5973,4479,11,4468,3577,735,3087,572,725,257,34,223,1271,36830,2019
"Ottawa, IL Micro Area",61206,49989,206,49783,40438,8823,36150,7601,5981,1155,137,1401,9816,36837,2019
"Ottawa, KS Micro Area",10118,7156,41,7115,5398,1125,4694,1193,1484,315,51,493,2469,36840,2019
"Ottumwa, IA Micro Area",14481,10997,102,10895,8166,2052,7786,2200,1149,427,28,388,3096,36900,2019
"Owatonna, MN Micro Area",14692,12505,61,12444,9987,1670,9830,2024,1088,291,39,246,1941,36940,2019
"Owensboro, KY Metro Area",47299,38850,190,38660,32166,6067,29786,5713,3693,471,121,895,7554,36980,2019
"Oak Harbor, WA Micro Area",34768,31693,182,31511,24981,2247,27771,6021,2416,258,33,686,2389,36020,2019
"Ocala, FL Metro Area",139172,113387,1086,112301,84719,11479,93221,23535,10613,1912,197,3424,22361,36100,2019
"Ocean City, NJ Metro Area",40171,34127,156,33971,24980,2655,30572,8468,1295,207,62,1002,5042,36140,2019
"Odessa, TX Metro Area",52530,43222,54,43168,37562,8801,30714,4403,4614,480,135,1106,8202,36220,2019
"Ogden-Clearfield, UT Metro Area",209117,187644,758,186886,152354,17953,155562,29963,23469,2840,277,4974,16499,36260,2019
"Ogdensburg-Massena, NY Micro Area",41933,33764,233,33531,25118,4286,27439,7500,2016,495,47,1141,7028,36300,2019
"Oil City, PA Micro Area",22050,17235,179,17056,11977,2420,13647,4530,1246,326,34,563,4252,36340,2019
"Okeechobee, FL Micro Area",13904,8634,83,8551,5800,1108,6803,2385,1087,172,0,885,4385,36380,2019
"Oklahoma City, OK Metro Area",515208,429979,1226,428753,357381,69961,335256,62177,34070,4911,784,14204,71025,36420,2019
"Olean, NY Micro Area",31779,23018,236,22782,15908,4604,14879,5071,3920,1369,21,1315,7446,36460,2019
"Olympia-Lacey-Tumwater, WA Metro Area",109983,97087,409,96678,76807,7830,85964,17810,5169,1027,99,3637,9259,36500,2019
"Omaha-Council Bluffs, NE-IA Metro Area",359324,307914,1402,306512,249706,30957,264293,52296,17564,2051,459,9734,41676,36540,2019
"Oxford, MS Micro Area",18721,15580,27,15553,12903,2632,11667,1855,1735,398,99,1029,2112,37060,2019
"Oxnard-Thousand Oaks-Ventura, CA Metro Area",271040,239530,556,238974,201824,16450,216183,33579,14792,1627,184,4310,27200,37100,2019
"Ozark, AL Micro Area",18806,14577,101,14476,11690,3468,10112,2380,1327,243,0,760,3469,37120,2019
"Paducah, KY-IL Micro Area",40598,31471,136,31335,24844,7318,22038,5288,3113,679,26,1030,8097,37140,2019
"Pahrump, NV Micro Area",19088,13957,64,13893,11108,2274,8700,1837,3568,685,86,548,4583,37220,2019
"Palatka, FL Micro Area",28943,21105,194,20911,15030,3982,14910,4899,2654,558,79,979,6859,37260,2019
"Palestine, TX Micro Area",16677,11429,98,11331,8069,2011,7504,2452,3373,657,45,411,4837,37300,2019
"Palm Bay-Melbourne-Titusville, FL Metro Area",230417,202017,1013,201004,156459,15441,179629,40953,11821,1403,93,5167,23233,37340,2019
"Pampa, TX Micro Area",8185,6040,34,6006,4388,915,4389,1242,1064,250,23,245,1900,37420,2019
"Panama City, FL Metro Area",71422,61102,197,60905,50160,8478,50930,9773,2777,397,33,1606,8714,37460,2019
"Paragould, AR Micro Area",17254,13238,33,13205,11349,3309,8844,1578,1218,216,0,796,3220,37500,2019
"Paris, TN Micro Area",13394,9687,41,9646,7423,1498,6916,1586,1362,482,3,600,3107,37540,2019
"Paris, TX Micro Area",19793,13054,27,13027,9773,2572,8359,2660,2321,465,66,1139,5600,37580,2019
"Parkersburg-Vienna, WV Metro Area",37993,30256,109,30147,21831,3688,25407,7391,1447,528,26,1026,6711,37620,2019
"Parsons, KS Micro Area",8176,6159,46,6113,4717,856,4234,1018,1026,226,58,234,1783,37660,2019
"Payson, AZ Micro Area",21945,14616,93,14523,8990,1838,11015,4356,2055,1006,14,989,6340,37740,2019
"Pearsall, TX Micro Area",4542,2866,0,2866,1893,484,2137,830,306,109,0,38,1638,37770,2019
"Pecos, TX Micro Area",3548,2196,0,2196,1581,335,1580,502,367,98,0,117,1235,37780,2019
"Pella, IA Micro Area",13365,10641,136,10505,8627,1947,7666,1657,1066,185,7,510,2214,37800,2019
"Pensacola-Ferry Pass-Brent, FL Metro Area",183618,156681,435,156246,128020,13383,136731,25260,11172,1394,112,5431,21506,37860,2019
"Peoria, IL Metro Area",163182,130663,823,129840,100160,19574,103657,26732,9293,1560,201,4099,28420,37900,2019
"Peru, IN Micro Area",13611,10444,62,10382,7898,2073,6655,1752,1949,541,29,574,2593,37940,2019
"Philadelphia-Camden-Wilmington, PA-NJ-DE-MD Metro Area",2280112,1937948,6477,1931471,1568894,173633,1725682,340775,71981,5898,1878,58478,283686,37980,2019
"Phoenix-Mesa-Chandler, AZ Metro Area",1693396,1463567,4934,1458633,1165611,170781,1223084,257581,133655,18118,1802,46307,183522,38060,2019
"Picayune, MS Micro Area",21020,16122,154,15968,11839,2580,11776,3515,2334,492,28,863,4035,38100,2019
"Pierre, SD Micro Area",8804,7157,23,7134,5296,915,5702,1618,479,59,71,200,1447,38180,2019
"Pine Bluff, AR Metro Area",33791,20395,216,20179,17054,6106,11848,2297,2684,650,42,2046,11350,38220,2019
"Pinehurst-Southern Pines, NC Micro Area",39821,32921,224,32697,25978,3721,27245,5675,3387,570,9,964,5936,38240,2019
"Pittsburg, KS Micro Area",15284,11833,57,11776,8883,1266,9760,2487,929,277,16,488,2963,38260,2019
"Pittsburgh, PA Metro Area",1009415,836062,4676,831386,652449,84289,726657,167193,32085,4800,878,23680,149673,38300,2019
"Pittsfield, MA Metro Area",54813,45468,308,45160,34320,4419,38646,9771,2638,417,113,1712,7633,38340,2019
"Plainview, TX Micro Area",10933,8483,41,8442,7198,3095,4951,1046,723,61,4,301,2149,38380,2019
"Platteville, WI Micro Area",19583,15640,245,15395,9889,1801,11823,4701,1894,500,172,449,3494,38420,2019
"Plattsburgh, NY Micro Area",31301,25097,115,24982,16930,2151,21364,7101,1991,507,31,1167,5037,38460,2019
"Plymouth, IN Micro Area",17304,12404,228,12176,8249,1888,8768,3140,1808,355,80,589,4311,38500,2019
"Pocatello, ID Metro Area",33788,28759,155,28604,24025,4077,21993,3938,3093,373,66,736,4293,38540,2019
"Point Pleasant, WV-OH Micro Area",22622,15681,92,15589,11964,2850,10174,2575,2712,802,32,1056,5885,38580,2019
"Ponca City, OK Micro Area",17610,12362,44,12318,9747,2503,8562,2040,1527,280,70,1262,3986,38620,2019
"Ponce, PR Metro Area",81129,50595,319,50276,44640,19439,28272,4806,2600,609,49,1887,28647,38660,2019
"Pontiac, IL Micro Area",14307,11396,64,11332,8950,1576,8214,1842,1716,397,48,495,2416,38700,2019
"Poplar Bluff, MO Micro Area",21449,15381,81,15300,12246,3077,10482,2385,1840,507,23,546,5522,38740,2019
"Portales, NM Micro Area",6814,5354,14,5340,4250,961,3688,883,684,114,5,234,1226,38780,2019
"Port Angeles, WA Micro Area",32958,28049,188,27861,20904,3379,22528,5983,2756,554,82,725,4184,38820,2019
"Portland-South Portland, ME Metro Area",221938,192934,1457,191477,147966,15229,171548,41201,6897,611,190,6530,22474,38860,2019
"Portland-Vancouver-Hillsboro, OR-WA Metro Area",938646,835515,3344,832171,698341,79142,723794,120545,44675,6315,1192,26346,76785,38900,2019
"Port Lavaca, TX Micro Area",7582,5984,8,5976,4899,1144,3854,679,1224,296,27,139,1459,38920,2019
"Port St. Lucie, FL Metro Area",179289,153046,619,152427,122166,15813,132375,28153,11471,721,184,5275,20968,38940,2019
"Portsmouth, OH Micro Area",29858,22512,451,22061,14911,2251,17898,5185,2244,900,52,839,6507,39020,2019
"Pottsville, PA Micro Area",58749,45403,413,44990,33296,4881,37851,10627,2930,504,14,1262,12084,39060,2019
"Poughkeepsie-Newburgh-Middletown, NY Metro Area",236429,198661,634,198027,152676,13331,181291,42604,8435,537,111,9566,28202,39100,2019
"Prescott Valley-Prescott, AZ Metro Area",98386,81482,648,80834,61978,9327,62509,14821,12972,2650,185,2784,14120,39150,2019
"Price, UT Micro Area",7829,6351,33,6318,5009,559,5275,1128,485,106,17,236,1242,39220,2019
"Prineville, OR Micro Area",9588,7825,59,7766,6196,961,5233,1130,1808,350,47,249,1514,39260,2019
"Providence-Warwick, RI-MA Metro Area",628401,525303,1738,523565,414572,52296,461947,103664,16459,1228,641,17176,85922,39300,2019
"Provo-Orem, UT Metro Area",169455,147965,500,147465,127358,10307,128357,16875,15439,1870,264,13597,7893,39340,2019
"Pueblo, CO Metro Area",64314,49331,300,49031,38914,6680,39947,8978,4732,618,59,2434,12549,39380,2019
"Pullman, WA Micro Area",17999,15167,70,15097,11982,1215,12715,2682,1461,269,24,1147,1685,39420,2019
"Punta Gorda, FL Metro Area",76891,65528,418,65110,51192,7334,55430,12710,4441,455,37,1593,9770,39460,2019
"Quincy, IL-MO Micro Area",30864,24245,207,24038,18095,4003,17941,4779,2793,751,71,858,5761,39500,2019
"Racine, WI Metro Area",76974,64725,285,64440,51702,7975,53635,11417,4808,588,97,1803,10446,39540,2019
"Raleigh-Cary, NC Metro Area",494521,440686,1391,439295,370257,32528,393895,62576,27378,2506,613,12571,41264,39580,2019
"Rapid City, SD Metro Area",55101,46120,123,45997,36709,4884,39079,8250,2861,551,80,1771,7210,39660,2019
"Raymondville, TX Micro Area",5782,3532,54,3478,2692,1199,2078,670,309,109,0,320,1930,39700,2019
"Reading, PA Metro Area",154712,128920,1130,127790,102655,15217,109127,23437,5305,588,95,2703,23089,39740,2019
"Red Bluff, CA Micro Area",24189,18509,200,18309,14149,3087,11779,2929,3754,766,126,624,5056,39780,2019
"Redding, CA Metro Area",71181,57633,449,57184,42326,6266,44515,12122,8531,1763,170,2508,11040,39820,2019
"Red Wing, MN Micro Area",19452,16354,199,16155,13072,2306,12478,2616,1645,315,34,520,2578,39860,2019
"Reno, NV Metro Area",183807,157488,502,156986,123187,16195,134801,30684,14076,1346,212,5740,20579,39900,2019
"Rexburg, ID Micro Area",15363,11983,123,11860,9454,1580,8801,1915,1578,443,2,2202,1178,39940,2019
"Richmond, IN Micro Area",26644,19830,197,19633,14855,3425,14433,4039,2309,504,41,1346,5468,39980,2019
"Rockford, IL Metro Area",133350,111233,467,110766,90493,15241,89476,17823,8665,1205,232,4330,17787,40420,2019
"Rockingham, NC Micro Area",18380,13408,35,13373,10149,2310,10204,2824,1291,257,37,238,4734,40460,2019
"Rockport, TX Micro Area",9548,7857,51,7806,6593,1502,5113,849,1257,248,22,212,1479,40530,2019
"Rock Springs, WY Micro Area",15523,13241,201,13040,10768,1226,10895,1936,1763,230,13,574,1708,40540,2019
"Rocky Mount, NC Metro Area",58162,42284,350,41934,32847,6632,32956,7783,3843,912,24,1282,14596,40580,2019
"Rolla, MO Micro Area",17981,14536,33,14503,10692,2084,11200,3241,1493,402,25,495,2950,40620,2019
"Rome, GA Metro Area",35679,27851,98,27753,23405,4620,21852,3756,2375,168,137,955,6873,40660,2019
"Roseburg, OR Micro Area",45456,37426,406,37020,28838,5017,28466,6433,4656,1157,85,1236,6794,40700,2019
"Roswell, NM Micro Area",23284,16233,61,16172,12123,3267,11119,3381,2513,359,77,1078,5973,40740,2019
"Ruidoso, NM Micro Area",7566,5715,67,5648,4453,535,4437,759,1118,210,5,426,1425,40760,2019
"Russellville, AR Micro Area",30082,22371,170,22201,15349,3161,17388,5757,2219,779,31,843,6868,40780,2019
"Ruston, LA Micro Area",17712,14650,14,14636,12909,3895,9629,1423,1551,230,8,276,2786,40820,2019
"Rutland, VT Micro Area",25338,20419,124,20295,10990,1350,18125,8571,1125,333,90,764,4155,40860,2019
"Sacramento-Roseville-Folsom, CA Metro Area",831150,735680,2694,732986,612076,76004,623838,105448,71541,6936,1061,18805,76665,40900,2019
"Safford, AZ Micro Area",11017,8366,9,8357,6327,1249,5812,1496,1596,419,0,274,2377,40940,2019
"Saginaw, MI Metro Area",78933,62424,327,62097,47954,9618,48977,12482,4817,880,98,2238,14271,40980,2019
"Richmond, VA Metro Area",481217,401888,1425,400463,329183,45241,337713,63592,24727,4089,733,13266,66063,40060,2019
"Richmond-Berea, KY Micro Area",38858,30854,235,30619,24979,4281,24481,4867,2712,397,54,1172,6832,40080,2019
"Rio Grande City-Roma, TX Micro Area",16188,9144,56,9088,4688,1412,7097,4055,698,284,9,753,6291,40100,2019
"Riverside-San Bernardino-Ontario, CA Metro Area",1360934,1168165,3457,1164708,908274,125125,984802,224982,108839,12925,2764,43797,148972,40140,2019
"Riverton, WY Micro Area",14907,11721,89,11632,5453,1523,8240,4974,1684,906,217,514,2672,40180,2019
"Roanoke, VA Metro Area",128432,101153,666,100487,80493,12176,82546,17030,7677,1509,268,3553,23726,40220,2019
"Roanoke Rapids, NC Micro Area",29564,16819,93,16726,12022,3255,12170,4007,1740,409,8,2066,10679,40260,2019
"Rochelle, IL Micro Area",21021,17271,149,17122,14009,2953,12140,2476,2408,504,15,582,3168,40300,2019
"Rochester, MN Metro Area",87500,75274,442,74832,60063,7711,62942,13268,5621,972,68,2974,9252,40340,2019
"Rochester, NY Metro Area",433113,363795,2127,361668,279391,37067,314155,76412,17096,2365,423,12253,57065,40380,2019
"St. Cloud, MN Metro Area",75931,63031,403,62628,50013,8043,49880,11228,5025,693,204,3298,9602,41060,2019
"St. George, UT Metro Area",57144,49698,269,49429,37073,5813,38366,9414,7274,2058,309,1817,5629,41100,2019
"St. Joseph, MO-KS Metro Area",47117,35771,242,35529,28878,6603,26127,5671,3630,540,56,1198,10148,41140,2019
"St. Louis, MO-IL Metro Area",1126934,943750,4237,939513,758068,107911,784167,159659,81145,11085,1710,30088,153096,41180,2019
"St. Marys, GA Micro Area",19338,16324,16,16308,12834,1675,14295,3056,1406,95,0,795,2219,41220,2019
"St. Marys, PA Micro Area",14020,11083,117,10966,7847,838,9573,2668,993,196,11,525,2412,41260,2019
"Salem, OH Micro Area",41537,32693,172,32521,25468,5559,23817,5973,3614,693,25,1658,7186,41400,2019
"Salem, OR Metro Area",148343,128495,764,127731,106201,17100,102824,18229,10992,1806,265,4128,15720,41420,2019
"Salina, KS Micro Area",24405,19544,156,19388,15144,2893,15462,3870,1425,169,57,748,4113,41460,2019
"Salinas, CA Metro Area",127155,107372,247,107125,86866,18679,80983,16236,11532,2581,114,2409,17374,41500,2019
"Salisbury, MD-DE Metro Area",160153,129934,577,129357,100121,18126,103998,25993,9290,1844,163,4010,26209,41540,2019
"Salt Lake City, UT Metro Area",395298,348858,1306,347552,290168,38107,292825,50387,31395,2754,314,17079,29361,41620,2019
"San Angelo, TX Metro Area",44454,34787,124,34663,27048,5088,27519,6704,2922,601,32,1917,7750,41660,2019
"San Antonio-New Braunfels, TX Metro Area",811335,667666,1644,666022,544191,100596,531410,106580,66482,7065,1398,29532,114137,41700,2019
"San Diego-Chula Vista-Carlsbad, CA Metro Area",1125286,1016635,2184,1014451,847482,84871,899991,151877,78237,5644,863,20228,88423,41740,2019
"Sandpoint, ID Micro Area",17537,13408,125,13283,9533,2582,7644,2282,3272,1213,62,638,3491,41760,2019
"Sandusky, OH Micro Area",31183,25289,147,25142,19383,2653,21402,5168,1705,281,3,1371,4523,41780,2019
"Sanford, NC Micro Area",21894,16249,77,16172,13061,1482,14069,2659,1317,133,16,1893,3752,41820,2019
"San Francisco-Oakland-Berkeley, CA Metro Area",1703275,1531902,3664,1528238,1324108,115870,1376910,185352,81110,6621,2060,33439,137934,41860,2019
"San Germán, PR Metro Area",41921,14537,683,13854,9276,3129,9980,4228,594,216,8,522,26862,41900,2019
"San Jose-Sunnyvale-Santa Clara, CA Metro Area",658350,605731,1593,604138,519892,42226,547466,77674,33844,2390,689,12581,40038,41940,2019
"San Juan-Bayamón-Caguas, PR Metro Area",760282,485371,4718,480653,413545,180692,270625,57628,40830,4869,481,16314,258597,41980,2019
"Sayre, PA Micro Area",25021,20070,239,19831,13070,1689,16954,6059,1520,311,39,429,4522,42380,2019
"Scottsbluff, NE Micro Area",15559,12112,51,12061,8421,1911,9081,3097,1360,409,40,540,2907,42420,2019
"Scottsboro, AL Micro Area",20695,14767,89,14678,11215,2101,11843,3120,1067,204,22,711,5217,42460,2019
"Scottsburg, IN Micro Area",8971,5954,43,5911,4205,1032,4131,1443,871,200,0,421,2596,42500,2019
"Scranton--Wilkes-Barre, PA Metro Area",226611,179771,1718,178053,138697,21728,150322,35267,10661,1137,433,4906,41934,42540,2019
"Searcy, AR Micro Area",29055,22115,68,22047,19484,6566,13443,2105,2394,369,36,873,6067,42620,2019
"Seattle-Tacoma-Bellevue, WA Metro Area",1499147,1361425,3599,1357826,1164870,107156,1220420,178339,57572,5635,1158,34544,103178,42660,2019
"Sebastian-Vero Beach, FL Metro Area",58612,48384,244,48140,34242,3809,42676,12775,3408,331,70,1339,8889,42680,2019
"Sebring-Avon Park, FL Metro Area",41740,31425,433,30992,22643,4705,23875,6847,3582,738,91,1155,9160,42700,2019
"Sedalia, MO Micro Area",16033,12435,120,12315,9602,1863,8716,2048,2072,448,61,446,3152,42740,2019
"Selinsgrove, PA Micro Area",14794,11231,108,11123,8219,1520,8928,2604,671,154,30,248,3315,42780,2019
"Selma, AL Micro Area",15910,11215,133,11082,8971,2686,7021,1632,1374,315,15,386,4309,42820,2019
"Seneca, SC Micro Area",31978,24105,193,23912,19675,5336,16364,3346,3018,631,17,1089,6784,42860,2019
"Seneca Falls, NY Micro Area",13564,10860,65,10795,8070,1478,8604,2375,696,194,30,316,2388,42900,2019
"Sevierville, TN Micro Area",37210,28920,136,28784,22988,5085,21290,4812,2940,567,33,1668,6622,42940,2019
"Seymour, IN Micro Area",16753,12456,82,12374,9036,1553,9477,2828,1684,391,0,459,3838,42980,2019
"San Luis Obispo-Paso Robles, CA Metro Area",105981,93705,394,93311,73382,8492,77251,16914,10055,1905,231,2530,9746,42020,2019
"Santa Cruz-Watsonville, CA Metro Area",95818,83879,188,83691,68567,6880,72751,12993,6881,682,122,2250,9689,42100,2019
"Santa Fe, NM Metro Area",61921,50216,279,49937,37922,5938,38718,8980,6701,2130,246,1333,10372,42140,2019
"Santa Isabel, PR Micro Area",7367,4787,0,4787,3901,2021,2641,856,126,26,0,88,2492,42180,2019
"Santa Maria-Santa Barbara, CA Metro Area",145856,128775,710,128065,109143,12903,110172,16850,8253,997,202,3676,13405,42200,2019
"Santa Rosa-Petaluma, CA Metro Area",189374,170228,814,169414,138189,15594,145487,27161,14816,1844,325,4203,14943,42220,2019
"Sault Ste. Marie, MI Micro Area",13999,11155,70,11085,6368,1023,8833,3960,1363,562,41,429,2415,42300,2019
"Savannah, GA Metro Area",142788,121480,541,120939,103223,17503,99965,16536,7540,436,23,3579,17729,42340,2019
"Shawano, WI Micro Area",18412,14452,192,14260,11409,2660,10375,2236,1464,249,30,398,3562,43020,2019
"Shawnee, OK Micro Area",25917,19479,98,19381,15398,4629,12614,3251,2488,474,133,1580,4858,43060,2019
"Sheboygan, WI Metro Area",47738,40158,155,40003,31208,4563,32999,7637,3231,661,83,1347,6233,43100,2019
"Shelby, NC Micro Area",35638,23659,99,23560,18087,3369,18612,4756,2434,419,22,2190,9789,43140,2019
"Shelbyville, TN Micro Area",17029,12728,22,12706,10546,3084,8308,1725,1734,209,35,975,3326,43180,2019
"Shelton, WA Micro Area",24278,20603,204,20399,15291,2287,16243,4251,2139,576,19,493,3182,43220,2019
"Sheridan, WY Micro Area",13251,11026,35,10991,7682,935,9296,2809,999,372,32,204,2021,43260,2019
"Sherman-Denison, TX Metro Area",48454,36943,256,36687,30193,7484,25048,4964,5117,894,170,2494,9017,43300,2019
"Show Low, AZ Micro Area",34990,22099,227,21872,15794,3587,16328,4900,2435,774,88,845,12046,43320,2019
"Shreveport-Bossier City, LA Metro Area",156062,107810,743,107067,82017,19262,80785,21474,12283,1882,96,11935,36317,43340,2019
"Sidney, OH Micro Area",18608,15282,95,15187,11356,1749,12145,3360,1346,262,49,419,2907,43380,2019
"Sierra Vista-Douglas, AZ Metro Area",50163,40317,245,40072,30712,4410,30897,6629,6509,1464,224,1102,8744,43420,2019
"Sikeston, MO Micro Area",15230,11767,4,11763,9248,2213,8667,2069,1048,301,77,382,3081,43460,2019
"Silver City, NM Micro Area",11851,8414,52,8362,6269,1489,5909,1680,1137,288,32,479,2958,43500,2019
"Sioux City, IA-NE-SD Metro Area",55391,43807,326,43481,33435,6124,34930,9072,3833,524,72,2236,9348,43580,2019
"Sioux Falls, SD Metro Area",102294,88311,394,87917,71429,9931,74431,14768,5418,742,131,2705,11278,43620,2019
"Snyder, TX Micro Area",5941,4399,32,4367,3551,594,3110,609,859,204,0,173,1369,43660,2019
"Somerset, KY Micro Area",25301,18177,76,18101,14098,2762,14008,3280,2145,405,0,1336,5788,43700,2019
"Somerset, PA Micro Area",29644,21369,207,21162,14896,3037,16342,5430,1831,559,64,850,7425,43740,2019
"Sonora, CA Micro Area",22502,18638,187,18451,14106,1874,13893,3277,3145,712,68,550,3314,43760,2019
"South Bend-Mishawaka, IN-MI Metro Area",122891,96884,636,96248,71685,12489,78416,21741,8701,1432,263,4833,21174,43780,2019
"Spartanburg, SC Metro Area",116645,92673,369,92304,76188,13746,74558,14187,7782,813,167,3383,20589,43900,2019
"Spearfish, SD Micro Area",11048,9439,42,9397,7553,1076,7716,1615,791,130,0,266,1343,43940,2019
"Spencer, IA Micro Area",7212,5886,24,5862,4649,754,4823,1056,418,93,31,222,1104,43980,2019
"Spirit Lake, IA Micro Area",8174,6774,28,6746,5367,869,5441,1150,685,107,5,263,1137,44020,2019
"Spokane-Spokane Valley, WA Metro Area",220365,190615,1099,189516,157243,21700,154219,26874,15937,3061,562,5438,24312,44060,2019
"Springfield, IL Metro Area",88899,71764,268,71496,58754,8916,57818,11002,7491,635,181,4421,12714,44100,2019
"Springfield, MA Metro Area",268830,219511,1174,218337,156561,22546,189980,56598,7381,1506,513,9549,39770,44140,2019
"Springfield, MO Metro Area",188342,145488,730,144758,117219,27793,104833,22643,17053,2798,364,10586,32268,44180,2019
"Springfield, OH Metro Area",54696,45404,153,45251,36992,6581,36678,7314,3077,482,50,1276,8016,44220,2019
"Starkville, MS Micro Area",21580,16260,72,16188,13491,4057,10756,2228,1944,276,0,1306,4014,44260,2019
"State College, PA Metro Area",58201,48035,263,47772,37278,4554,41130,9317,2619,762,170,3733,6433,44300,2019
"Statesboro, GA Micro Area",27375,21291,113,21178,17996,2993,17249,2962,1449,32,0,1173,4911,44340,2019
"Staunton, VA Metro Area",49329,37232,220,37012,28595,6728,27513,7407,2684,654,80,1860,10237,44420,2019
"Steamboat Springs, CO Micro Area",9603,8845,18,8827,7253,946,7210,1214,731,219,19,125,633,44460,2019
"Stephenville, TX Micro Area",13595,11034,51,10983,9139,1839,7959,1524,1568,228,16,709,1852,44500,2019
"Sterling, CO Micro Area",8393,7040,14,7026,5489,1019,5312,1248,819,165,72,296,1057,44540,2019
"Sterling, IL Micro Area",23084,18520,111,18409,14725,2904,13989,3008,1733,414,43,580,3984,44580,2019
"Stevens Point, WI Micro Area",28675,24614,116,24498,19598,3119,20251,4328,1629,298,30,565,3496,44620,2019
"Stillwater, OK Micro Area",30788,24791,95,24696,20255,4335,17821,3107,3200,675,147,1729,4268,44660,2019
"Stockton, CA Metro Area",228567,190449,1019,189430,157843,27557,152793,28007,17288,1972,185,5325,32793,44700,2019
"Storm Lake, IA Micro Area",7524,6362,38,6324,5098,1599,4130,973,909,135,27,159,1003,44740,2019
"Sturgis, MI Micro Area",24150,18883,188,18695,14237,3710,13509,3621,1682,492,48,626,4641,44780,2019
"Sulphur Springs, TX Micro Area",13424,10647,84,10563,8948,3740,5483,1145,1524,358,11,633,2144,44860,2019
"Summerville, GA Micro Area",9260,6466,16,6450,4561,1487,4606,1654,512,171,9,218,2576,44900,2019
"Sumter, SC Metro Area",54937,40860,281,40579,30149,5499,33402,9188,2977,562,29,2166,11911,44940,2019
"Sunbury, PA Micro Area",39075,28825,342,28483,21069,3925,23013,6619,1632,375,63,844,9406,44980,2019
"Susanville, CA Micro Area",9280,7394,80,7314,3810,1372,5428,3231,760,217,24,181,1705,45000,2019
"Sweetwater, TX Micro Area",5407,3946,8,3938,3183,677,2631,572,767,106,25,204,1257,45020,2019
"Syracuse, NY Metro Area",257280,209636,954,208682,156777,19698,183460,48439,8755,1551,244,10764,36880,45060,2019
"Tahlequah, OK Micro Area",16665,11597,47,11550,9601,3572,6315,1242,1916,521,42,706,4362,45140,2019
"Talladega-Sylacauga, AL Micro Area",31395,23122,49,23073,18796,5114,15671,3437,3031,591,55,1072,7201,45180,2019
"Tallahassee, FL Metro Area",147777,123852,440,123412,100375,13628,106057,20956,6935,898,133,4578,19347,45220,2019
"Tampa-St. Petersburg-Clearwater, FL Metro Area",1213267,1033144,3093,1030051,823262,99420,909507,194162,40749,4220,952,36891,143232,45300,2019
"Taos, NM Micro Area",12103,8264,177,8087,4611,702,6214,2662,1142,428,63,348,3491,45340,2019
"Taylorville, IL Micro Area",13901,10890,144,10746,6544,1255,8799,3848,962,207,15,362,2649,45380,2019
"Terre Haute, IN Metro Area",72902,57234,298,56936,44203,9803,42607,10730,5879,1124,307,1927,13741,45460,2019
"Texarkana, TX-AR Metro Area",55865,40744,329,40415,31271,8216,29990,7439,6977,666,6,1774,13347,45500,2019
"The Dalles, OR Micro Area",10305,8151,56,8095,5933,971,6213,1722,1092,256,34,518,1636,45520,2019
"The Villages, FL Metro Area",56230,48694,323,48371,36111,4333,42106,10835,4368,441,74,1456,6080,45540,2019
"Thomaston, GA Micro Area",10154,7035,20,7015,5394,781,5964,1437,535,52,0,446,2673,45580,2019
"Thomasville, GA Micro Area",17595,13950,44,13906,11386,1894,11322,2223,909,165,12,453,3192,45620,2019
"Tiffin, OH Micro Area",21648,17227,128,17099,12941,2096,13675,3701,1671,290,40,874,3547,45660,2019
"Tifton, GA Micro Area",15144,9888,94,9794,7042,2651,6585,2455,657,151,30,263,4993,45700,2019
"Toccoa, GA Micro Area",9543,6637,38,6599,5125,1225,4921,1119,928,112,0,443,2463,45740,2019
"Toledo, OH Metro Area",265076,218919,1079,217840,175891,27334,180315,37269,15886,2294,567,9605,36552,45780,2019
"Topeka, KS Metro Area",94658,70950,402,70548,54617,10793,53760,13327,7632,1609,282,6305,17403,45820,2019
"Torrington, CT Micro Area",74143,64632,316,64316,47186,4108,58905,16337,2367,210,58,1682,7829,45860,2019
"Traverse City, MI Micro Area",60395,50954,355,50599,40446,6650,40875,8899,3778,756,55,1654,7787,45900,2019
"Trenton-Princeton, NJ Metro Area",129936,108154,298,107856,85134,9117,97237,21371,3288,385,81,4388,17394,45940,2019
"Troy, AL Micro Area",11601,7818,132,7686,5721,1547,5478,1728,1340,184,0,307,3476,45980,2019
"Truckee-Grass Valley, CA Micro Area",40855,35231,206,35025,26659,3479,27897,6593,5372,907,165,945,4679,46020,2019
"Tucson, AZ Metro Area",404739,347028,1468,345560,284515,49479,278502,53668,26555,3470,1037,10800,46911,46060,2019
"Tullahoma-Manchester, TN Micro Area",40564,28919,173,28746,22826,5498,20738,4808,3599,661,50,2595,9050,46100,2019
"Tulsa, OK Metro Area",382217,315220,1013,314207,265920,51338,244388,40433,28920,4092,455,9923,57074,46140,2019
"Tupelo, MS Micro Area",60680,43816,119,43697,37130,13885,26128,5149,6157,932,33,2673,14191,46180,2019
"Tuscaloosa, AL Metro Area",88699,68454,150,68304,59653,13961,49275,7307,7807,896,47,2862,17383,46220,2019
"Twin Falls, ID Metro Area",39168,32128,232,31896,24821,5104,22826,5551,4704,1149,93,1292,5748,46300,2019
"Tyler, TX Metro Area",77678,62839,131,62708,49016,16490,41208,11208,7233,1527,227,2159,12680,46340,2019
"Ukiah, CA Micro Area",34408,28141,248,27893,20538,3354,19234,5160,5666,1801,134,821,5446,46380,2019
"Union, SC Micro Area",11432,7608,31,7577,5929,2171,4569,1335,1022,265,14,331,3493,46420,2019
"Union City, TN Micro Area",12717,9664,58,9606,7945,1890,6807,1297,1088,247,0,320,2733,46460,2019
"Urbana, OH Micro Area",15159,12740,62,12678,10116,1992,9794,2280,1088,125,13,426,1993,46500,2019
"Urban Honolulu, HI Metro Area",312795,271474,690,270784,227479,25974,240962,41018,9316,464,219,8453,32868,46520,2019
"Utica-Rome, NY Metro Area",114253,92672,621,92051,67460,11449,76813,22474,4639,952,204,3330,18251,46540,2019
"Uvalde, TX Micro Area",8841,5851,88,5763,3781,979,4299,1670,605,165,11,456,2534,46620,2019
"Valdosta, GA Metro Area",52892,34533,140,34393,25148,5141,27212,7896,3623,654,44,5636,12723,46660,2019
"Vallejo, CA Metro Area",149865,135975,325,135650,116680,16043,113829,16479,11842,1042,260,2534,11356,46700,2019
"Van Wert, OH Micro Area",11544,8898,95,8803,7024,881,6847,1487,1278,179,9,331,2315,46780,2019
"Vermillion, SD Micro Area",5233,4588,3,4585,3450,412,3797,1033,374,49,13,210,435,46820,2019
"Vernal, UT Micro Area",10569,8916,105,8811,7584,1247,6845,1020,809,134,7,291,1362,46860,2019
"Vernon, TX Micro Area",5180,3399,0,3399,2557,612,2460,761,497,42,0,343,1438,46900,2019
"Vicksburg, MS Micro Area",18235,13677,74,13603,11748,3338,9041,1531,1867,146,46,761,3797,46980,2019
"Victoria, TX Metro Area",34982,24766,124,24642,16422,3249,18901,7112,3214,649,154,2219,7997,47020,2019
"Vidalia, GA Micro Area",13127,9540,58,9482,7132,2464,6086,1932,1221,257,37,357,3230,47080,2019
"Vincennes, IN Micro Area",15038,12010,71,11939,9328,1978,9245,2315,765,105,29,231,2797,47180,2019
"Vineland-Bridgeton, NJ Metro Area",50729,39753,167,39586,25702,3945,34605,13029,2101,286,64,1993,8983,47220,2019
"Vineyard Haven, MA Micro Area",6765,5353,6,5347,3972,406,4761,1239,286,122,0,556,856,47240,2019
"Virginia Beach-Norfolk-Newport News, VA-NC Metro Area",663821,564655,1756,562899,470055,72855,472672,86068,29335,2712,343,24030,75136,47260,2019
"Visalia, CA Metro Area",138238,107781,418,107363,83875,25077,73123,19773,12490,2349,332,3943,26514,47300,2019
"Wabash, IN Micro Area",12862,9745,135,9610,7016,1577,7032,2247,1228,273,18,820,2297,47340,2019
"Waco, TX Metro Area",95253,73438,297,73141,58166,13387,54494,12700,7021,1230,217,4878,16937,47380,2019
"Wahpeton, ND-MN Micro Area",9595,7661,49,7612,5890,750,6416,1552,716,105,5,362,1572,47420,2019
"Walla Walla, WA Metro Area",22646,19291,39,19252,14777,2032,15919,3851,1586,313,82,811,2544,47460,2019
"Wapakoneta, OH Micro Area",18888,16174,109,16065,12578,1360,13333,3088,1367,319,9,340,2374,47540,2019
"Warner Robins, GA Metro Area",67192,55307,93,55214,44911,7277,45808,9409,4971,391,25,1852,10033,47580,2019
"Warren, PA Micro Area",17115,13267,163,13104,8735,1674,10618,3824,1143,293,19,651,3197,47620,2019
"Kingsport-Bristol, TN-VA Metro Area",128074,97482,559,96923,72751,12332,80185,21662,5847,1314,135,4119,26473,28700,2019
"Kingston, NY Metro Area",69320,59981,302,59679,40917,4177,53810,17565,2547,611,90,1535,7804,28740,2019
"Kingsville, TX Micro Area",11152,8165,25,8140,7195,2056,5801,787,522,59,3,560,2427,28780,2019
"Kinston, NC Micro Area",23148,17684,242,17442,14541,4368,11808,2326,1675,228,39,850,4614,28820,2019
"Kirksville, MO Micro Area",10733,7861,33,7828,5788,1042,6205,1790,753,102,10,550,2322,28860,2019
"Klamath Falls, OR Micro Area",27886,22464,121,22343,16759,2890,17128,4303,2761,831,173,780,4642,28900,2019
"Knoxville, TN Metro Area",341209,272750,721,272029,194712,34240,226297,71758,17480,2877,403,10198,58261,28940,2019
"Kalamazoo-Portage, MI Metro Area",103445,90168,348,89820,75229,10727,75646,13255,5087,704,109,3436,9841,28020,2019
"Kalispell, MT Micro Area",38773,32903,328,32575,23756,3998,26843,8021,2528,453,56,871,4999,28060,2019
"Kankakee, IL Metro Area",39796,31040,92,30948,25014,3042,25279,4951,3726,552,76,1303,7453,28100,2019
"Kansas City, MO-KS Metro Area",830500,707660,2576,705084,590190,85281,591245,103190,44237,5563,678,26506,96334,28140,2019
"Kapaa, HI Micro Area",22658,19360,190,19170,15141,2932,15723,3592,715,285,31,518,2780,28180,2019
"Kearney, NE Micro Area",21728,18261,86,18175,14344,2190,14439,3213,1958,460,46,666,2801,28260,2019
"Keene, NH Micro Area",30141,25458,198,25260,17959,1862,22189,6587,1763,331,33,801,3882,28300,2019
"Kendallville, IN Micro Area",18276,14770,198,14572,12369,3713,8994,1605,2090,470,23,338,3168,28340,2019
"Kennett, MO Micro Area",12342,9145,19,9126,7201,1631,6505,1601,1271,264,14,366,2831,28380,2019
"Kennewick-Richland, WA Metro Area",98844,84312,450,83862,65979,9434,68967,14969,8516,1252,437,4298,10234,28420,2019
"Kerrville, TX Micro Area",21403,17946,168,17778,14111,3098,13306,3190,1660,309,83,670,2787,28500,2019
"Ketchikan, AK Micro Area",5397,4587,13,4574,3725,524,3965,765,113,12,7,220,590,28540,2019
"Key West, FL Micro Area",32068,26838,27,26811,17220,2035,23978,9131,1742,120,39,1569,3661,28580,2019
"Kill Devil Hills, NC Micro Area",15529,14095,14,14081,10346,909,12661,3389,1208,174,0,293,1141,28620,2019
"Killeen-Temple, TX Metro Area",152818,129647,240,129407,88782,20583,101914,37508,11069,1496,109,4283,18888,28660,2019
"Kokomo, IN Metro Area",34701,27547,133,27414,20834,3390,22530,5894,2189,391,59,1504,5650,29020,2019
"Laconia, NH Micro Area",25052,21815,140,21675,16184,1493,19555,5139,1150,179,18,695,2542,29060,2019
"La Crosse-Onalaska, WI-MN Metro Area",55771,47256,326,46930,35028,4465,40860,10862,3626,318,36,1560,6955,29100,2019
"Lafayette, LA Metro Area",181798,147734,319,147415,118016,21616,119092,26467,10818,1620,317,4158,29906,29180,2019
"Lafayette-West Lafayette, IN Metro Area",85317,71016,314,70702,56401,9508,56911,12507,5286,989,261,4606,9695,29200,2019
"La Grande, OR Micro Area",10708,8780,101,8679,6649,1169,6558,1583,962,272,64,324,1604,29260,2019
"LaGrange, GA-AL Micro Area",38376,27692,122,27570,21522,4603,20294,4488,3174,536,265,1003,9681,29300,2019
"Lake Charles, LA Metro Area",80514,60629,88,60541,46266,8015,49791,13008,4951,593,144,2506,17379,29340,2019
"Lake City, FL Micro Area",25133,19858,115,19743,16484,4552,12552,2616,2770,382,100,957,4318,29380,2019
"Lake Havasu City-Kingman, AZ Metro Area",86889,69995,439,69556,49428,8814,54768,16871,8218,1604,343,2036,14858,29420,2019
"Lakeland-Winter Haven, FL Metro Area",235283,166127,1039,165088,127470,21318,137276,33668,10872,1921,179,26770,42386,29460,2019
"Lamesa, TX Micro Area",4322,2998,23,2975,2491,735,2019,383,452,65,0,213,1111,29500,2019
"Lancaster, PA Metro Area",201620,159934,1386,158548,123311,15917,137659,32358,6888,1107,270,9011,32675,29540,2019
"Lansing-East Lansing, MI Metro Area",214641,178381,966,177415,138498,22439,144317,34315,14609,2536,360,7207,29053,29620,2019
"Laramie, WY Micro Area",15944,13809,34,13775,11468,1262,11462,1944,1092,227,46,863,1272,29660,2019
"Laredo, TX Metro Area",74789,50351,304,50047,36179,5740,42739,12843,3159,359,70,2644,21794,29700,2019
"Las Cruces, NM Metro Area",77842,57063,201,56862,47750,7520,45870,7836,4860,486,178,3177,17602,29740,2019
"Las Vegas, NM Micro Area",13322,7554,20,7534,5871,1833,4667,1045,1327,385,0,531,5237,29780,2019
"Las Vegas-Henderson-Paradise, NV Metro Area",783524,651276,2409,648867,525014,73309,557204,113768,48540,3571,498,26565,105683,29820,2019
"Laurel, MS Micro Area",31487,17371,349,17022,11577,3817,11032,4130,2693,1152,10,1174,12942,29860,2019
"Laurinburg, NC Micro Area",12922,8009,85,7924,5296,1581,5717,2247,692,226,48,392,4521,29900,2019
"Lawrence, KS Metro Area",46936,41296,125,41171,35097,4024,34970,5366,3101,354,176,1689,3951,29940,2019
"Lawrenceburg, TN Micro Area",15960,11525,53,11472,9464,2578,7358,1446,1783,446,6,530,3905,29980,2019
"Lawton, OK Metro Area",45037,37867,111,37756,32899,8180,26706,4018,3792,451,99,1357,5813,30020,2019
"Lebanon, MO Micro Area",14112,10413,126,10287,7783,2759,6170,1883,1599,471,61,687,3012,30060,2019
"Lebanon, NH-VT Micro Area",88632,73378,661,72717,44165,5655,63241,25899,4576,1449,144,3806,11448,30100,2019
"Lebanon, PA Metro Area",53579,43261,278,42983,33804,5275,36229,8529,2514,295,63,1538,8780,30140,2019
"Levelland, TX Micro Area",7997,6100,35,6065,5339,1199,4370,457,1054,100,20,226,1671,30220,2019
"Lewisburg, PA Micro Area",14533,10881,177,10704,7543,970,9236,2776,766,221,10,364,3288,30260,2019
"Lewisburg, TN Micro Area",12324,9497,66,9431,8127,1869,6817,1127,1050,100,45,398,2429,30280,2019
"Lewiston, ID-WA Metro Area",25485,20601,269,20332,15905,2915,15700,3599,2009,512,107,677,4207,30300,2019
"Lewiston-Auburn, ME Metro Area",45630,37510,247,37263,27722,2814,33474,9015,1254,144,154,1619,6501,30340,2019
"Lewistown, PA Micro Area",19043,13583,141,13442,10239,1671,11063,2867,931,174,13,521,4939,30380,2019
"Lexington, NE Micro Area",9907,7886,29,7857,6501,1708,5488,1117,876,184,8,333,1688,30420,2019
"Lexington-Fayette, KY Metro Area",202126,172360,467,171893,145065,22652,143283,24415,11228,1124,158,6222,23544,30460,2019
"Liberal, KS Micro Area",7321,6045,17,6028,5405,1845,3787,556,486,50,0,85,1191,30580,2019
"Lima, OH Metro Area",40650,33138,192,32946,24852,3782,27773,7288,2203,364,68,1403,6109,30620,2019
"Lincoln, IL Micro Area",10797,8370,51,8319,6552,1174,6330,1372,762,108,0,437,1990,30660,2019
"Lincoln, NE Metro Area",130924,114955,422,114533,93183,10559,99798,19399,6949,995,195,3273,12696,30700,2019
"Little Rock-North Little Rock-Conway, AR Metro Area",284127,226605,959,225646,181804,40560,169665,36885,24803,4672,189,10680,46842,30780,2019
"Lock Haven, PA Micro Area",14690,11417,143,11274,8151,1084,9554,2705,695,233,43,456,2817,30820,2019
"Logan, UT-ID Metro Area",42790,37687,157,37530,27916,3796,29683,8132,4945,1191,36,2033,3070,30860,2019
"Logansport, IN Micro Area",14688,11193,24,11169,8436,1767,8100,2179,1430,330,34,520,2975,30900,2019
"London, KY Micro Area",54776,37363,240,37123,26788,4287,30524,8887,3393,822,6,2214,15199,30940,2019
"Longview, TX Metro Area",100968,75021,727,74294,61403,19239,48601,10446,10134,1420,249,4027,21920,30980,2019
"Longview, WA Metro Area",41952,34902,258,34644,27295,4093,27389,6249,4041,754,60,1206,5844,31020,2019
"Los Alamos, NM Micro Area",7931,7177,72,7105,5435,423,6226,1334,557,208,41,167,587,31060,2019
"Los Angeles-Long Beach-Anaheim, CA Metro Area",4354287,3748328,12651,3735677,3060794,401761,3195514,597914,325804,30915,6404,115069,490890,31080,2019
"Louisville/Jefferson County, KY-IN Metro Area",491443,403972,1240,402732,336644,54796,329822,59202,29766,3512,390,15320,72151,31140,2019
"Lubbock, TX Metro Area",117703,93961,441,93520,78113,13367,75503,13681,9218,942,132,6225,17517,31180,2019
"Ludington, MI Micro Area",12186,9360,72,9288,6647,1568,6368,2020,1361,407,102,561,2265,31220,2019
"Lufkin, TX Micro Area",31035,25653,119,25534,20937,4262,19527,4027,1996,228,51,710,4672,31260,2019
"Lumberton, NC Micro Area",45927,27189,67,27122,17683,5349,19217,7663,3103,956,261,1141,17597,31300,2019
"Lynchburg, VA Metro Area",100912,76505,608,75897,59399,14836,51455,11924,10847,3395,288,3455,20952,31340,2019
"Macomb, IL Micro Area",11408,8621,44,8577,6412,1072,7089,1943,603,75,40,360,2427,31380,2019
"Macon-Bibb County, GA Metro Area",86131,65163,337,64826,46739,9753,51742,16228,5589,894,100,2494,18474,31420,2019
"Madera, CA Metro Area",44881,35975,136,35839,29590,7390,26414,5313,3196,442,70,1276,7630,31460,2019
"Madison, IN Micro Area",12632,9643,31,9612,7595,1504,7037,1529,1297,323,70,550,2439,31500,2019
"Madison, WI Metro Area",271938,237821,1338,236483,189572,20862,205351,42831,15916,2046,353,9859,24258,31540,2019
"Madisonville, KY Micro Area",18588,13712,206,13506,10207,2247,10071,2523,1965,322,2,627,4249,31580,2019
"Magnolia, AR Micro Area",8562,5371,20,5351,4458,1550,2998,594,1023,150,1,427,2764,31620,2019
"Malone, NY Micro Area",19015,14162,107,14055,9474,1970,11059,3730,1518,422,9,810,4043,31660,2019
"Malvern, AR Micro Area",12599,8175,9,8166,6539,2398,4466,1046,1638,402,9,459,3965,31680,2019
"Manchester-Nashua, NH Metro Area",161086,145040,671,144369,115287,11590,130095,27392,4250,589,74,3330,12716,31700,2019
"Manhattan, KS Metro Area",47872,41498,123,41375,34551,4678,35081,6077,2583,286,195,1848,4526,31740,2019
"Manitowoc, WI Micro Area",34563,27716,310,27406,18643,3627,21320,7621,2992,846,60,931,5916,31820,2019
"Mankato, MN Metro Area",38976,33252,181,33071,25015,3554,27854,7138,2246,353,81,1401,4323,31860,2019
"Mansfield, OH Metro Area",48449,37450,250,37200,28063,4316,31518,8301,2310,292,110,1599,9400,31900,2019
"Marietta, OH Micro Area",25197,18627,159,18468,12446,2623,13923,4936,2213,812,52,946,5624,31930,2019
"Marinette, WI-MI Micro Area",29100,22562,250,22312,16322,4127,15332,4704,3224,923,42,899,5639,31940,2019
"Marion, IN Micro Area",26372,19162,195,18967,14098,3699,13802,4015,1988,427,86,2128,5082,31980,2019
"McAllen-Edinburg-Mission, TX Metro Area",238345,163646,511,163135,127026,40144,110337,27380,20581,5488,246,10115,64584,32580,2019
"McComb, MS Micro Area",14404,8210,75,8135,5762,1872,5330,2030,1371,147,7,584,5610,32620,2019
"McMinnville, TN Micro Area",15727,11082,79,11003,8734,1748,8954,2049,458,74,5,642,4003,32660,2019
"McPherson, KS Micro Area",12334,10030,42,9988,8127,1445,7769,1632,834,116,48,533,1771,32700,2019
"Meadville, PA Micro Area",35164,27660,334,27326,19587,3762,22239,6762,1872,540,62,812,6692,32740,2019
"Medford, OR Metro Area",88241,75051,460,74591,58453,8616,60346,13658,7123,1334,156,3338,9852,32780,2019
"Memphis, TN-MS-AR Metro Area",497232,381307,1488,379819,317002,65824,293930,54257,35616,4272,921,15887,100038,32820,2019
"Menomonie, WI Micro Area",16859,13929,173,13756,10947,2023,10592,2358,1481,242,17,655,2275,32860,2019
"Merced, CA Metro Area",80008,67516,387,67129,57352,13913,48558,8297,6199,850,108,1755,10737,32900,2019
"Meridian, MS Micro Area",39584,27022,134,26888,22337,6531,18152,3896,3029,414,0,2137,10425,32940,2019
"Marion, NC Micro Area",18173,13354,33,13321,10255,2300,9272,2278,2135,566,16,535,4284,32000,2019
"Marion, OH Micro Area",24737,19689,106,19583,15450,3576,14726,3698,1763,201,22,589,4459,32020,2019
"Marquette, MI Micro Area",26552,21406,59,21347,16050,2501,17604,4771,1314,322,8,1496,3650,32100,2019
"Marshall, MN Micro Area",10018,8439,67,8372,6542,969,6459,1553,1122,192,13,370,1209,32140,2019
"Marshall, MO Micro Area",8272,6502,52,6450,4922,1042,4620,1211,915,165,14,264,1506,32180,2019
"Marshalltown, IA Micro Area",15419,11936,133,11803,8512,2057,8951,2802,1070,213,77,483,3000,32260,2019
"Martin, TN Micro Area",13640,9614,79,9535,7549,1553,7145,1701,972,193,17,375,3651,32280,2019
"Martinsville, VA Micro Area",26750,19120,130,18990,13559,3261,14134,4613,2150,447,60,747,6883,32300,2019
"Maryville, MO Micro Area",8395,6768,122,6646,5250,720,5488,1214,596,92,8,174,1453,32340,2019
"Mason City, IA Micro Area",22413,17775,96,17679,14182,2445,14447,3076,1244,238,8,683,3955,32380,2019
"Mayagüez, PR Metro Area",38645,24404,195,24209,20322,8229,15180,3542,962,223,28,827,13414,32420,2019
"Mayfield, KY Micro Area",14316,10525,0,10525,8405,2510,7477,1875,987,81,33,424,3367,32460,2019
"Maysville, KY Micro Area",6700,5003,13,4990,4195,816,3838,645,460,65,0,87,1610,32500,2019
"McAlester, OK Micro Area",17816,13453,42,13411,10513,4113,7816,2265,1593,475,87,572,3791,32540,2019
"Mexico, MO Micro Area",9286,6916,63,6853,5533,1159,4788,955,1051,181,35,295,2075,33020,2019
"Miami, OK Micro Area",11847,8036,44,7992,6298,2049,4910,1235,1312,287,23,807,3004,33060,2019
"Miami-Fort Lauderdale-Pompano Beach, FL Metro Area",2127517,1737934,4806,1733128,1368262,198172,1488018,332687,129918,11704,1600,82270,307313,33100,2019
"Michigan City-La Porte, IN Metro Area",43039,34253,121,34132,22736,4226,27155,10196,3248,925,91,882,7904,33140,2019
"Middlesborough, KY Micro Area",10624,6723,9,6714,4582,725,5348,1745,783,186,76,391,3510,33180,2019
"Midland, MI Metro Area",34199,28693,304,28389,23077,3767,22723,4603,2223,380,47,1006,4500,33220,2019
"Midland, TX Metro Area",58692,49051,68,48983,39523,6319,38443,8136,4657,849,130,1542,8099,33260,2019
"Milledgeville, GA Micro Area",19165,13605,74,13531,7874,1385,11149,4952,1410,404,84,765,4795,33300,2019
"Milwaukee-Waukesha, WI Metro Area",631092,523793,2228,521565,432889,59706,445371,80574,30855,3221,845,15763,91536,33340,2019
"Minden, LA Micro Area",16551,8207,36,8171,6242,2459,4870,1351,1240,372,1,501,7843,33380,2019
"Mineral Wells, TX Micro Area",10255,7785,29,7756,6450,1308,5410,954,1399,215,5,359,2111,33420,2019
"Minneapolis-St. Paul-Bloomington, MN-WI Metro Area",1373979,1211239,6047,1205192,1000309,120334,1041135,185189,76510,8370,1916,36610,126130,33460,2019
"Minot, ND Micro Area",31821,27392,110,27282,22880,1682,25099,4064,1388,64,3,970,3459,33500,2019
"Missoula, MT Metro Area",49313,42559,225,42334,33734,3908,36144,7518,3234,534,58,1444,5310,33540,2019
"Mitchell, SD Micro Area",9705,8050,27,8023,6338,873,6799,1461,613,110,2,311,1344,33580,2019
"Moberly, MO Micro Area",8626,6632,30,6602,4716,1006,4846,1524,823,187,53,188,1806,33620,2019
"Mobile, AL Metro Area",162241,121742,1447,120295,99132,25095,87544,17347,11789,1576,733,5052,35447,33660,2019
"Modesto, CA Metro Area",173898,147966,420,147546,128467,21078,116712,16037,15863,1786,255,2904,23028,33700,2019
"Monroe, LA Metro Area",73870,50641,785,49856,38650,9890,35904,9245,5448,1071,223,2280,20949,33740,2019
"Monroe, MI Metro Area",59929,49192,386,48806,36046,5226,41022,11653,3817,577,72,2089,8648,33780,2019
"Montgomery, AL Metro Area",144883,115217,347,114870,93746,15993,93700,18945,7407,1321,89,4411,25255,33860,2019
"Montrose, CO Micro Area",19303,15289,164,15125,10469,2224,10846,3512,2324,615,168,464,3550,33940,2019
"Morehead City, NC Micro Area",29755,25239,70,25169,20060,2524,22058,4728,1610,157,16,873,3643,33980,2019
"Mount Vernon, OH Micro Area",23248,18754,147,18607,15392,3439,13675,2796,1677,216,40,421,4073,34540,2019
"Mount Vernon-Anacortes, WA Metro Area",48493,42815,188,42627,35521,5880,34506,6219,2956,471,93,950,4728,34580,2019
"Muncie, IN Metro Area",46026,36241,194,36047,29676,4875,29043,5593,3456,315,86,2001,7784,34620,2019
"Murray, KY Micro Area",14996,12318,43,12275,8792,2381,9280,3070,1006,230,37,554,2124,34660,2019
"Muscatine, IA Micro Area",16660,13297,94,13203,10368,2141,10148,2401,1114,259,23,647,2716,34700,2019
"Muskegon, MI Metro Area",65939,52418,379,52039,37732,8711,40490,12850,3711,917,135,2074,11447,34740,2019
"Muskogee, OK Micro Area",26234,18172,88,18084,13209,3881,11767,3400,2897,976,100,1910,6152,34780,2019
"Myrtle Beach-Conway-North Myrtle Beach, SC-NC Metro Area",187199,158505,693,157812,126615,18170,134670,27639,7619,1124,766,6554,22140,34820,2019
"Nacogdoches, TX Micro Area",23757,18873,138,18735,15908,4159,12507,2188,2789,487,20,725,4159,34860,2019
"Napa, CA Metro Area",48705,43501,121,43380,35552,3988,36403,6439,4758,798,127,1047,4157,34900,2019
"Naples-Marco Island, FL Metro Area",142979,122350,579,121771,99976,10334,108692,19685,6887,421,172,5101,15528,34940,2019
"Nashville-Davidson--Murfreesboro--Franklin, TN Metro Area",708788,605130,1467,603663,512245,78296,502460,82243,44868,4632,625,22243,81415,34980,2019
"Morgan City, LA Micro Area",19856,14498,30,14468,11217,2200,11578,2817,1455,194,0,444,4914,34020,2019
"Morgantown, WV Metro Area",51895,43639,224,43415,33176,4247,37548,9418,2292,477,53,1600,6656,34060,2019
"Morristown, TN Metro Area",53569,39886,142,39744,27852,7806,28880,10191,3748,862,112,2878,10805,34100,2019
"Moscow, ID Micro Area",15422,13248,62,13186,10429,1196,10532,2050,1681,466,88,771,1403,34140,2019
"Moses Lake, WA Micro Area",30818,25577,131,25446,20601,4314,18544,3283,3296,1024,57,869,4372,34180,2019
"Moultrie, GA Micro Area",15505,11233,65,11168,9062,2528,8227,1770,692,136,20,401,3871,34220,2019
"Mountain Home, AR Micro Area",18435,13989,240,13749,9172,1864,10735,3910,1645,285,48,1000,3446,34260,2019
"Mountain Home, ID Micro Area",10606,8839,51,8788,6591,1147,6735,1736,1024,387,30,200,1567,34300,2019
"Mount Airy, NC Micro Area",29153,19359,246,19113,13154,2009,16361,5295,1345,294,41,3150,6644,34340,2019
"Mount Gay-Shamrock, WV Micro Area",13816,10997,6,10991,6531,574,10028,4147,478,157,12,311,2508,34350,2019
"Mount Pleasant, MI Micro Area",24739,19043,75,18968,14676,3274,13708,3384,2426,528,67,2434,3262,34380,2019
"Mount Pleasant, TX Micro Area",15498,11085,28,11057,9543,4907,4839,855,2255,332,18,504,3909,34420,2019
"Mount Sterling, KY Micro Area",17959,13476,71,13405,10842,3047,9310,2182,1365,244,9,451,4032,34460,2019
"Mount Vernon, IL Micro Area",14985,12109,71,12038,10315,3296,7149,1304,1673,298,27,364,2512,34500,2019
"Natchez, MS-LA Micro Area",18399,12873,54,12819,10319,2994,8034,1469,2607,626,42,408,5118,35020,2019
"Natchitoches, LA Micro Area",14659,8835,62,8773,6251,1686,5533,1817,1786,550,29,571,5253,35060,2019
"New Bern, NC Metro Area",50687,40202,283,39919,32821,4333,33839,6282,3035,333,54,981,9504,35100,2019
"Newberry, SC Micro Area",14810,10060,84,9976,8328,3387,4839,1064,2084,356,64,454,4296,35140,2019
"New Castle, IN Micro Area",18304,13738,119,13619,10058,2119,10424,3042,1462,289,1,817,3749,35220,2019
"New Castle, PA Micro Area",37055,29191,327,28864,21214,3317,24271,6918,1491,380,41,946,6918,35260,2019
"New Haven-Milford, CT Metro Area",330572,276814,1616,275198,210654,24788,245157,59891,11015,1260,194,9169,44589,35300,2019
"New Orleans-Metairie, LA Metro Area",482358,377993,916,377077,300189,49209,314901,67242,35136,3349,312,12874,91491,35380,2019
"New Philadelphia-Dover, OH Micro Area",36631,27814,241,27573,20562,3845,21748,6143,2388,625,33,1127,7690,35420,2019
"Newport, OR Micro Area",21298,17713,160,17553,12332,1856,14383,4527,1833,453,21,710,2875,35440,2019
"Newport, TN Micro Area",14060,8968,34,8934,6568,2992,4612,1690,1603,591,0,917,4175,35460,2019
"New Ulm, MN Micro Area",10764,8816,80,8736,7007,1264,6977,1545,842,56,11,226,1722,35580,2019
"New York-Newark-Jersey City, NY-NJ-PA Metro Area",6997001,5924277,16774,5907503,4657877,553320,5257181,1170074,222752,19498,7669,182518,890206,35620,2019
"Niles, MI Metro Area",63665,48141,311,47830,37261,7058,37384,9135,4766,842,132,3915,11609,35660,2019
"Nogales, AZ Micro Area",15853,11742,51,11691,8403,1901,8610,2210,2451,392,37,467,3644,35700,2019
"Norfolk, NE Micro Area",19645,15618,155,15463,12517,2537,11390,2437,2093,321,5,772,3255,35740,2019
"North Platte, NE Micro Area",15394,12735,102,12633,10097,2397,9354,2212,972,233,53,372,2287,35820,2019
"North Port-Sarasota-Bradenton, FL Metro Area",328198,277675,736,276939,218557,27164,243698,53998,11610,1580,225,14208,36315,35840,2019
"North Vernon, IN Micro Area",10792,8235,61,8174,5739,1731,5568,2163,951,187,49,384,2173,35860,2019
"Warrensburg, MO Micro Area",19864,17157,49,17108,14638,2827,12582,1977,1761,294,51,490,2217,47660,2019
"Warsaw, IN Micro Area",30997,24913,163,24750,18039,3612,19267,5571,2536,460,168,1322,4762,47700,2019
"Washington, IN Micro Area",11227,7802,79,7723,6221,1653,5378,1229,817,192,0,219,3206,47780,2019
"Washington, NC Micro Area",19701,13738,85,13653,8833,1521,11160,4259,1180,320,59,529,5434,47820,2019
"Washington-Arlington-Alexandria, DC-VA-MD-WV Metro Area",2216997,2001490,5402,1996088,1676152,145293,1801605,294150,99275,9509,2232,47554,167953,47900,2019
"Washington Court House, OH Micro Area",11773,8991,19,8972,6794,1494,6523,1566,1438,338,29,552,2230,47920,2019
"North Wilkesboro, NC Micro Area",28753,21661,199,21462,12199,2164,18520,8643,1476,284,40,765,6327,35900,2019
"Norwalk, OH Micro Area",22935,18507,192,18315,14169,2981,13628,3529,1947,319,74,789,3639,35940,2019
"Norwich-New London, CT Metro Area",107827,93528,348,93180,74189,8682,81968,17259,5073,765,81,2377,11922,35980,2019
"Oneonta, NY Micro Area",23409,18741,180,18561,11980,1946,13686,5171,3095,1129,51,715,3953,36580,2019
"Ontario, OR-ID Micro Area",18938,14643,128,14515,11467,2930,10224,2567,1659,362,25,757,3538,36620,2019
"Waterloo-Cedar Falls, IA Metro Area",67736,55690,382,55308,43481,7106,46036,10847,3353,455,81,2188,9858,47940,2019
"Watertown, SD Micro Area",14331,11541,113,11428,7103,1389,9477,3982,787,193,18,514,2276,47980,2019
"Watertown-Fort Atkinson, WI Micro Area",32965,27584,242,27342,21734,4300,20981,4899,2335,379,91,700,4681,48020,2019
"Watertown-Fort Drum, NY Metro Area",42734,35967,161,35806,28661,4585,29457,6461,2321,387,60,987,5780,48060,2019
"Wauchula, FL Micro Area",7863,4803,125,4678,3373,998,3116,919,631,258,0,304,2756,48100,2019
"Wausau-Weston, WI Metro Area",68091,56241,563,55678,43950,7862,41849,9465,6574,1599,124,1462,10388,48140,2019
"Waycross, GA Micro Area",20871,13859,22,13837,8308,1828,10600,4548,2124,747,21,1179,5833,48180,2019
"Weatherford, OK Micro Area",10653,8492,0,8492,6984,1566,6159,1133,1000,189,7,254,1907,48220,2019
"Weirton-Steubenville, WV-OH Metro Area",49911,38358,172,38186,28480,5169,30854,8842,2927,497,58,1445,10108,48260,2019
"Wenatchee, WA Metro Area",43647,35443,98,35345,27289,3518,29064,6612,3920,758,143,1336,6868,48300,2019
"West Plains, MO Micro Area",15878,11564,98,11466,7883,2889,7298,2856,1608,480,30,603,3711,48460,2019
"West Point, MS Micro Area",7618,5489,9,5480,4192,1990,2994,894,660,299,12,160,1969,48500,2019
"Wheeling, WV-OH Metro Area",55420,40530,163,40367,27805,4951,32935,11152,3179,818,73,2357,12533,48540,2019
"Whitewater, WI Micro Area",40874,34194,230,33964,27172,3742,27967,5983,3161,334,50,1765,4915,48580,2019
"Wichita, KS Metro Area",244805,201704,834,200870,160374,25443,164369,36152,16470,2276,578,7378,35723,48620,2019
"Wichita Falls, TX Metro Area",55913,43262,150,43112,34687,6806,32928,7032,5528,740,69,2381,10270,48660,2019
"Williamsport, PA Metro Area",45608,35933,457,35476,25821,3612,29785,8451,2777,707,47,1944,7731,48700,2019
"Williston, ND Micro Area",14320,10950,85,10865,9289,1460,9110,1484,733,36,0,1861,1509,48780,2019
"Willmar, MN Micro Area",16889,13866,106,13760,9858,1909,10581,3395,1537,328,39,438,2585,48820,2019
"Wilmington, NC Metro Area",117378,99308,401,98907,75536,9309,86619,22058,5349,747,75,3437,14633,48900,2019
"Wilmington, OH Micro Area",16528,13555,127,13428,11021,2970,9257,2105,1477,207,7,403,2570,48940,2019
"Wilson, NC Micro Area",32014,24162,59,24103,20044,3385,20147,3669,938,178,0,870,6982,48980,2019
"Winchester, VA-WV Metro Area",51281,40277,183,40094,30749,5203,31036,8037,4118,873,86,2268,8736,49020,2019
"Winfield, KS Micro Area",13499,10321,110,10211,8061,1358,7856,1756,1140,265,42,292,2886,49060,2019
"Winnemucca, NV Micro Area",6500,5266,0,5266,4054,1491,2739,849,868,264,77,176,1058,49080,2019
"Winona, MN Micro Area",19442,16327,85,16242,12010,1360,13980,3769,1104,297,17,611,2504,49100,2019
"Winston-Salem, NC Metro Area",264877,211465,1145,210320,153075,28419,175271,53414,12355,1733,405,7061,46351,49180,2019
"Wisconsin Rapids-Marshfield, WI Micro Area",32332,26494,254,26240,19276,3528,21304,6225,1657,419,48,743,5095,49220,2019
"Woodward, OK Micro Area",9109,6909,26,6883,5134,1336,4672,1348,1163,235,96,399,1801,49260,2019
"Wooster, OH Micro Area",43824,35041,229,34812,27656,4470,28935,6572,1769,302,25,957,7826,49300,2019
"Worcester, MA-CT Metro Area",354904,304385,1342,303043,244081,26630,269323,55136,11713,1241,227,8565,41954,49340,2019
"Worthington, MN Micro Area",8033,6229,106,6123,4518,636,4709,1378,1025,170,14,380,1424,49380,2019
"Yakima, WA Metro Area",83048,67068,365,66703,52873,12027,49447,11917,6701,1093,242,2657,13323,49420,2019
"Yankton, SD Micro Area",9445,7385,22,7363,5652,934,5999,1557,532,86,9,450,1610,49460,2019
"Yauco, PR Metro Area",29878,17274,819,16455,13995,6205,9163,2149,575,118,9,776,11828,49500,2019
"York-Hanover, PA Metro Area",172421,141961,1229,140732,108891,16482,118838,29186,7453,1270,244,4703,25757,49620,2019
"Youngstown-Warren-Boardman, OH-PA Metro Area",230433,181738,1172,180566,133036,23594,150751,43663,10735,1651,168,7801,40894,49660,2019
"Yuba City, CA Metro Area",58990,49128,232,48896,41631,10395,35043,5787,5133,837,121,1384,8478,49700,2019
"Yuma, AZ Metro Area",73098,57478,248,57230,45878,10053,42780,7105,8490,1642,114,2035,13585,49740,2019
"Zanesville, OH Micro Area",33878,26644,205,26439,15322,3694,21212,10055,1818,827,19,973,6261,49780,2019
"Zapata, TX Micro Area",4503,2637,0,2637,1303,219,2121,1198,428,129,0,136,1730,49820,2019
"Opelousas, LA Micro Area",30485,19473,381,19092,13376,6601,10965,4865,1795,602,62,1354,9658,36660,2019
"Orangeburg, SC Micro Area",33060,22921,178,22743,18880,6869,13985,2932,3542,600,73,1171,8968,36700,2019
"Orlando-Kissimmee-Sanford, FL Metro Area",872831,761305,2044,759261,603126,74776,664530,145405,42888,4074,811,21327,90199,36740,2019
"Fort Dodge, IA Micro Area",15306,11718,108,11610,9040,2081,8953,2283,903,133,7,579,3009,22700,2019
"Fort Collins, CO Metro Area",137021,122825,505,122320,97796,9467,105029,20919,12087,2093,251,4769,9427,22660,2019
