metro_area,total_workers,car_truck_or_van,drove_alone,carpooled,public_transportation,bus,long_distance_train_or_commuter_rail,light_rail_streetcar_or_trolley,ferryboat,taxicab,motorcycle,bicycle,walked,other_means,worked_from_home,other_aggregate,worked_from_home_extended,metro_area_id,year
"Big Stone Gap, VA Micro Area",14061,13190,11858,1332,810,263,259,150,150,0,0,0,0,0,286,46,389,13720,2019
"Billings, MT Metro Area",89479,80932,72995,7937,6010,728,1199,551,538,0,0,0,13,392,2808,893,3903,13740,2019
"Binghamton, NY Metro Area",106620,95877,86776,9101,7357,1016,728,2856,2637,186,23,0,10,254,3867,630,3136,13780,2019
"Birmingham-Hoover, AL Metro Area",490858,459964,414441,45523,34887,6119,4517,2828,2689,12,25,86,16,465,5398,4406,17797,13820,2019
"Bismarck, ND Metro Area",69020,64424,58801,5623,3614,965,1044,139,135,0,0,0,4,142,1064,555,2696,13900,2019
"Blackfoot, ID Micro Area",19359,17213,14429,2784,1987,450,347,529,529,0,0,0,0,63,401,247,906,13940,2019
"Blacksburg-Christiansburg, VA Metro Area",75320,65829,60323,5506,4183,869,454,2124,1969,103,0,0,52,650,3250,655,2812,13980,2019
"Bloomington, IL Metro Area",87703,77813,70859,6954,6120,466,368,933,895,10,10,0,18,356,3804,695,4102,14010,2019
"Bloomington, IN Metro Area",81058,67384,59320,8064,6193,1052,819,2775,2755,18,2,0,0,1173,5700,620,3406,14020,2019
"Bloomsburg-Berwick, PA Metro Area",38719,35170,32362,2808,2248,347,213,123,120,0,0,0,3,77,1421,280,1648,14100,2019
"Bluefield, WV-VA Micro Area",38613,36485,33213,3272,2520,534,218,102,84,8,0,10,0,2,620,253,1151,14140,2019
"Blytheville, AR Micro Area",16733,16232,13835,2397,1746,465,186,56,49,7,0,0,0,12,55,190,188,14180,2019
"Bogalusa, LA Micro Area",17078,15915,13948,1967,1585,293,89,36,36,0,0,0,0,0,287,362,478,14220,2019
"Boise City, ID Metro Area",336417,298631,268635,29996,22591,4066,3339,1199,1081,43,41,8,26,4186,5774,3613,23014,14260,2019
"Bonham, TX Micro Area",13800,12500,11088,1412,1130,225,57,0,0,0,0,0,0,7,306,181,806,14300,2019
"Boone, NC Micro Area",25148,21018,18764,2254,1762,371,121,437,437,0,0,0,0,73,1506,122,1992,14380,2019
"Borger, TX Micro Area",8705,8346,7275,1071,769,180,122,30,30,0,0,0,0,0,77,29,223,14420,2019
"Boston-Cambridge-Newton, MA-NH Metro Area",2578101,1896543,1711657,184886,144097,24155,16634,344950,105319,172123,57707,6600,3201,27153,139308,34408,135739,14460,2019
"Boulder, CO Metro Area",172617,124697,112237,12460,9941,1507,1012,8423,8174,42,0,112,95,7217,8564,1597,22119,14500,2019
"Bowling Green, KY Metro Area",79952,73957,65306,8651,6548,1099,1004,155,155,0,0,0,0,165,2311,870,2494,14540,2019
"Bozeman, MT Micro Area",60638,49724,43993,5731,4368,628,735,283,283,0,0,0,0,1548,3583,560,4940,14580,2019
"Bradford, PA Micro Area",17961,16477,14497,1980,1578,279,123,150,150,0,0,0,0,29,590,43,672,14620,2019
"Brainerd, MN Micro Area",42905,38384,34597,3787,2833,532,422,169,156,3,3,2,5,198,1019,371,2764,14660,2019
"Branson, MO Micro Area",24748,22160,18475,3685,2847,645,193,132,127,0,0,0,5,0,414,219,1823,14700,2019
"Breckenridge, CO Micro Area",19271,15287,14766,521,195,273,53,824,824,0,0,0,0,73,1021,85,1981,14720,2019
"Bremerton-Silverdale-Port Orchard, WA Metro Area",127515,97293,88104,9189,7355,1149,685,11808,3869,62,39,9,7829,755,6934,2652,8073,14740,2019
"Brenham, TX Micro Area",15294,14192,12910,1282,981,211,90,1,1,0,0,0,0,31,171,238,661,14780,2019
"Brevard, NC Micro Area",13556,11940,11057,883,772,81,30,24,24,0,0,0,0,145,358,40,1049,14820,2019
"Bridgeport-Stamford-Norwalk, CT Metro Area",468064,375988,337947,38041,28763,6004,3274,47049,10730,1456,34517,299,47,706,11596,4448,28277,14860,2019
"Brookhaven, MS Micro Area",13136,12571,11994,577,377,120,80,90,17,0,0,0,73,0,91,111,273,15020,2019
"Brookings, OR Micro Area",7332,6167,5415,752,598,55,99,15,4,11,0,0,0,49,254,82,765,15060,2019
"Brookings, SD Micro Area",19098,16882,14985,1897,1416,334,147,37,37,0,0,0,0,160,912,88,1019,15100,2019
"Brownsville, TN Micro Area",7244,6918,6375,543,491,33,19,0,0,0,0,0,0,14,82,121,109,15140,2019
"Brownsville-Harlingen, TX Metro Area",159411,148141,135021,13120,9366,2259,1495,1126,1126,0,0,0,0,260,2264,1921,5699,15180,2019
"Brownwood, TX Micro Area",16155,15056,13629,1427,1135,223,69,41,41,0,0,0,0,71,283,97,607,15220,2019
"Brunswick, GA Metro Area",51048,47286,42253,5033,3743,798,492,264,217,47,0,0,0,132,704,710,1952,15260,2019
"Bucyrus-Galion, OH Micro Area",18508,17438,15928,1510,1326,82,102,54,41,0,13,0,0,41,335,282,358,15340,2019
"Buffalo-Cheektowaga, NY Metro Area",540720,486118,446133,39985,32446,4438,3101,17555,16207,1000,162,133,53,2272,13569,4633,16573,15380,2019
"Burley, ID Micro Area",19343,17947,15769,2178,1685,375,118,37,37,0,0,0,0,34,462,62,801,15420,2019
"Burlington, IA-IL Micro Area",21935,19895,18251,1644,1274,261,109,89,71,5,13,0,0,65,641,438,807,15460,2019
"Burlington, NC Metro Area",76425,72204,65546,6658,5039,769,850,139,139,0,0,0,0,66,1112,403,2501,15500,2019
"Burlington-South Burlington, VT Metro Area",118966,99194,88977,10217,8132,1356,729,2655,2542,75,15,23,0,1870,7784,922,6541,15540,2019
"Butte-Silver Bow, MT Micro Area",15733,14385,12858,1527,1105,149,273,148,132,0,0,0,16,22,590,218,370,15580,2019
"Cadillac, MI Micro Area",19967,18093,15718,2375,1799,406,170,72,67,0,0,0,5,140,598,171,893,15620,2019
"Calhoun, GA Micro Area",25787,23615,20681,2934,1980,509,445,189,189,0,0,0,0,97,210,467,1209,15660,2019
"California-Lexington Park, MD Metro Area",56117,51305,46206,5099,3818,697,584,945,852,63,30,0,0,177,1096,489,2105,15680,2019
"Cambridge, MD Micro Area",14461,13171,11283,1888,1555,196,137,112,85,18,9,0,0,111,393,121,553,15700,2019
"Cambridge, OH Micro Area",16442,15244,14087,1157,871,123,163,47,47,0,0,0,0,17,386,376,372,15740,2019
"Camden, AR Micro Area",11466,10944,10045,899,613,182,104,5,5,0,0,0,0,11,185,118,203,15780,2019
"Campbellsville, KY Micro Area",15231,14157,12458,1699,1413,231,55,37,37,0,0,0,0,0,376,86,575,15820,2019
"Cañon City, CO Micro Area",14189,12861,11428,1433,1178,130,125,24,8,0,0,0,16,18,272,96,918,15860,2019
"Canton-Massillon, OH Metro Area",187112,172461,158613,13848,10761,1681,1406,2181,2145,10,0,10,16,238,3124,1328,7780,15940,2019
"Cape Coral-Fort Myers, FL Metro Area",303259,270483,239614,30869,22403,4157,4309,2030,1890,20,34,53,33,1958,3543,6127,19118,15980,2019
"Cheyenne, WY Metro Area",48514,44662,39524,5138,4232,548,358,256,243,0,0,13,0,170,868,491,2067,16940,2019
"Chicago-Naperville-Elgin, IL-IN-WI Metro Area",4665317,3624761,3265642,359119,274750,51038,33331,566109,205859,204026,151986,3775,463,32072,140722,59036,242617,16980,2019
"Cape Girardeau, MO-IL Metro Area",44118,40453,35484,4969,3873,715,381,228,199,0,29,0,0,70,1093,583,1691,16020,2019
"Carbondale-Marion, IL Metro Area",56505,51070,46321,4749,3779,705,265,517,492,0,25,0,0,427,1863,476,2152,16060,2019
"Carlsbad-Artesia, NM Micro Area",26308,25288,22965,2323,1538,391,394,203,203,0,0,0,0,12,192,185,428,16100,2019
"Carroll, IA Micro Area",10461,9449,8644,805,616,121,68,5,5,0,0,0,0,53,207,97,650,16140,2019
"Carson City, NV Metro Area",25172,23150,20138,3012,2426,332,254,200,200,0,0,0,0,150,508,328,836,16180,2019
"Casper, WY Metro Area",40704,37854,34437,3417,2337,719,361,232,232,0,0,0,0,115,570,317,1616,16220,2019
"Cedar City, UT Micro Area",22364,19875,17001,2874,2304,289,281,18,18,0,0,0,0,22,727,288,1434,16260,2019
"Cedar Rapids, IA Metro Area",140061,129071,118588,10483,8212,1391,880,757,741,0,9,0,7,464,2846,1005,5918,16300,2019
"Cedartown, GA Micro Area",17873,16677,14894,1783,992,398,393,51,23,0,0,0,28,29,307,204,605,16340,2019
"Celina, OH Micro Area",20755,19814,18308,1506,1114,237,155,80,70,0,10,0,0,27,332,71,431,16380,2019
"Central City, KY Micro Area",11521,11188,10093,1095,852,133,110,12,12,0,0,0,0,0,85,161,75,16420,2019
"Centralia, IL Micro Area",15848,15030,13564,1466,1178,222,66,28,21,0,7,0,0,18,345,55,372,16460,2019
"Centralia, WA Micro Area",30855,28188,24517,3671,2775,299,597,106,53,27,12,0,14,50,966,213,1332,16500,2019
"Chambersburg-Waynesboro, PA Metro Area",72840,67076,59970,7106,5295,746,1065,185,180,0,5,0,0,54,1616,754,3155,16540,2019
"Champaign-Urbana, IL Metro Area",109677,87769,79042,8727,6391,1408,928,5818,5746,42,19,11,0,2387,8215,1107,4381,16580,2019
"Charleston, WV Metro Area",104068,94735,86255,8480,6769,1114,597,1766,1759,0,0,0,7,78,2867,916,3706,16620,2019
"Charleston-Mattoon, IL Micro Area",29767,26571,23374,3197,2543,496,158,172,141,0,25,0,6,165,1346,153,1360,16660,2019
"Charleston-North Charleston, SC Metro Area",381932,340838,309577,31261,24089,4863,2309,3018,2809,47,16,41,105,2550,8803,4592,22131,16700,2019
"Charlotte-Concord-Gastonia, NC-SC Metro Area",1249383,1116339,1004542,111797,85153,15759,10885,19448,14200,2283,1011,1825,129,1257,17006,12956,82377,16740,2019
"Charlottesville, VA Metro Area",106240,86916,76639,10277,8548,1106,623,3333,3218,53,45,0,17,1017,4907,1374,8693,16820,2019
"Chattanooga, TN-GA Metro Area",254994,233295,210218,23077,18794,2667,1616,1994,1937,4,15,30,8,484,4254,1916,13051,16860,2019
"Chico, CA Metro Area",93125,80739,70701,10038,7162,1734,1142,1105,1002,76,9,18,0,2218,2821,997,5245,17020,2019
"Chillicothe, OH Micro Area",30609,29010,25932,3078,2487,412,179,256,256,0,0,0,0,22,390,150,781,17060,2019
"Cincinnati, OH-KY-IN Metro Area",1075297,970752,885083,85669,68024,11309,6336,19054,18775,118,31,70,60,1784,21727,8688,53292,17140,2019
"Clarksburg, WV Micro Area",39433,36664,33261,3403,2764,486,153,205,198,0,7,0,0,14,808,418,1324,17220,2019
"Clarksdale, MS Micro Area",7756,7033,6003,1030,727,200,103,49,49,0,0,0,0,0,362,31,281,17260,2019
"Clarksville, TN-KY Metro Area",135570,124916,113903,11013,8291,1553,1169,905,895,10,0,0,0,99,4224,1796,3630,17300,2019
"Clearlake, CA Micro Area",23281,18858,16028,2830,2248,244,338,163,162,1,0,0,0,28,772,145,3315,17340,2019
"Cleveland, MS Micro Area",10529,9857,8864,993,754,132,107,0,0,0,0,0,0,0,298,149,225,17380,2019
"Cleveland, TN Metro Area",55134,51446,45662,5784,4707,734,343,92,92,0,0,0,0,77,838,662,2019,17420,2019
"Cleveland-Elyria, OH Metro Area",977422,870771,795950,74821,58261,9586,6974,29258,25958,1853,519,798,130,2801,21303,10024,43265,17460,2019
"Clewiston, FL Micro Area",17246,13583,10789,2794,1100,721,973,1146,1146,0,0,0,0,167,716,868,766,17500,2019
"Clinton, IA Micro Area",21648,19578,17919,1659,1346,239,74,127,127,0,0,0,0,38,521,210,1174,17540,2019
"Clovis, NM Micro Area",22315,21222,18672,2550,1826,445,279,37,37,0,0,0,0,98,429,244,285,17580,2019
"Coamo, PR Micro Area",10928,10200,10057,143,81,30,32,9,0,0,0,9,0,0,417,38,264,17620,2019
"Coco, PR Micro Area",7674,7324,7008,316,270,7,39,12,0,0,0,12,0,33,176,0,129,17640,2019
"Coeur d'Alene, ID Metro Area",71889,64804,58118,6686,5203,808,675,230,219,0,0,0,11,315,1400,741,4399,17660,2019
"Coffeyville, KS Micro Area",14342,13075,11393,1682,1295,159,228,0,0,0,0,0,0,20,609,215,423,17700,2019
"Coldwater, MI Micro Area",18277,17004,15125,1879,1410,281,188,68,49,0,19,0,0,69,278,231,627,17740,2019
"College Station-Bryan, TX Metro Area",119122,107795,95079,12716,9634,1722,1360,2025,1975,0,15,0,35,1588,2258,1238,4218,17780,2019
"Colorado Springs, CO Metro Area",357486,312665,275340,37325,28129,5943,3253,2481,2268,113,0,56,44,1597,12286,3472,24985,17820,2019
"Columbia, MO Metro Area",104134,93267,82140,11127,9706,750,671,880,859,0,0,21,0,830,3472,959,4726,17860,2019
"Columbia, SC Metro Area",393169,351162,317184,33978,26413,4528,3037,2810,2515,55,8,150,82,456,17278,7320,14143,17900,2019
"Columbus, GA-AL Metro Area",136435,122163,109560,12603,9482,1770,1351,1188,1086,15,57,30,0,320,2713,2447,7604,17980,2019
"Cullman, AL Micro Area",33790,32642,29248,3394,2637,438,319,22,22,0,0,0,0,7,251,158,710,18980,2019
"Columbus, IN Metro Area",39409,37001,33253,3748,2855,576,317,129,118,0,0,0,11,65,482,279,1453,18020,2019
"Columbus, MS Micro Area",25200,23498,22171,1327,1073,171,83,3,3,0,0,0,0,60,273,212,1154,18060,2019
"Columbus, NE Micro Area",17120,15741,13779,1962,1638,175,149,17,17,0,0,0,0,31,521,167,643,18100,2019
"Columbus, OH Metro Area",1037419,931843,852801,79042,63295,9230,6517,17179,16959,118,56,38,8,3646,22805,9900,52046,18140,2019
"Concord, NH Micro Area",78708,69931,63677,6254,4941,840,473,259,227,11,16,0,5,199,1954,811,5554,18180,2019
"Connersville, IN Micro Area",9936,9288,8605,683,522,124,37,21,21,0,0,0,0,39,146,126,316,18220,2019
"Cookeville, TN Micro Area",47520,44683,40292,4391,3024,777,590,16,11,0,0,5,0,0,687,415,1719,18260,2019
"Coos Bay, OR Micro Area",24461,21328,18927,2401,1868,265,268,130,35,0,95,0,0,73,868,472,1590,18300,2019
"Cordele, GA Micro Area",8873,8283,7120,1163,986,82,95,29,29,0,0,0,0,0,155,107,299,18380,2019
"Corinth, MS Micro Area",15019,14630,13032,1598,1317,237,44,17,17,0,0,0,0,4,90,84,194,18420,2019
"Cornelia, GA Micro Area",18317,17356,15180,2176,1631,254,291,115,100,0,15,0,0,0,158,217,471,18460,2019
"Corning, NY Micro Area",42052,37995,33853,4142,2907,593,642,263,251,5,5,0,2,235,1569,447,1543,18500,2019
"Corpus Christi, TX Metro Area",192082,178958,160978,17980,13255,2559,2166,1993,1902,5,32,39,15,438,3064,1845,5784,18580,2019
"Corsicana, TX Micro Area",20410,19173,16890,2283,1800,274,209,76,70,0,0,6,0,41,218,87,815,18620,2019
"Cortland, NY Micro Area",22493,19949,17589,2360,2037,265,58,206,168,38,0,0,0,139,1122,160,917,18660,2019
"Corvallis, OR Metro Area",43301,32195,28804,3391,2777,343,271,1069,1018,0,36,0,15,3413,3441,476,2707,18700,2019
"Coshocton, OH Micro Area",15630,13904,12209,1695,960,240,495,58,58,0,0,0,0,163,446,456,603,18740,2019
"Craig, CO Micro Area",6128,5506,4386,1120,625,282,213,61,41,0,20,0,0,26,236,32,267,18780,2019
"Crawfordsville, IN Micro Area",18228,16951,14953,1998,1645,221,132,105,74,0,31,0,0,11,566,56,539,18820,2019
"Crescent City, CA Micro Area",8838,7884,6653,1231,946,200,85,33,33,0,0,0,0,52,467,37,365,18860,2019
"Crestview-Fort Walton Beach-Destin, FL Metro Area",127281,114749,102856,11893,9198,1799,896,528,419,30,9,0,70,779,2184,1859,7182,18880,2019
"Crossville, TN Micro Area",21291,19955,17496,2459,1949,194,316,0,0,0,0,0,0,12,213,221,890,18900,2019
"Decatur, IN Micro Area",15210,13856,11298,2558,1019,207,1332,113,113,0,0,0,0,28,305,180,728,19540,2019
"Defiance, OH Micro Area",18502,17292,15872,1420,908,264,248,53,42,0,0,11,0,10,443,149,555,19580,2019
"Del Rio, TX Micro Area",20685,18677,16630,2047,1289,435,323,105,24,0,81,0,0,84,597,767,455,19620,2019
"Deltona-Daytona Beach-Ormond Beach, FL Metro Area",266251,235885,215544,20341,15907,2859,1575,2462,2063,50,254,90,5,1778,3305,4201,18620,19660,2019
"Deming, NM Micro Area",7475,6921,6139,782,426,173,183,63,63,0,0,0,0,0,150,98,243,19700,2019
"Denver-Aurora-Lakewood, CO Metro Area",1557240,1298381,1171954,126427,97085,17741,11601,64826,43764,8941,5374,6663,84,12672,34156,16144,131061,19740,2019
"DeRidder, LA Micro Area",14329,13614,11785,1829,1282,192,355,15,15,0,0,0,0,37,200,195,268,19760,2019
"Des Moines-West Des Moines, IA Metro Area",356921,326380,298364,28016,21681,3946,2389,4002,3755,125,0,41,81,794,6570,2636,16539,19780,2019
"Detroit-Warren-Dearborn, MI Metro Area",1989169,1834440,1667223,167217,130231,21617,15369,26369,25296,425,156,326,166,4909,27940,17712,77799,19820,2019
"Dickinson, ND Micro Area",16276,14660,13397,1263,878,116,269,203,153,0,38,2,10,57,461,98,797,19860,2019
"Dixon, IL Micro Area",15229,14295,13109,1186,919,169,98,56,56,0,0,0,0,37,192,162,487,19940,2019
"Dodge City, KS Micro Area",16564,15958,13428,2530,1676,780,74,18,18,0,0,0,0,7,143,137,301,19980,2019
"Cullowhee, NC Micro Area",23947,21731,19376,2355,1646,310,399,87,87,0,0,0,0,21,958,315,835,19000,2019
"Cumberland, MD-WV Metro Area",39196,36297,32853,3444,2779,354,311,276,248,19,9,0,0,8,1392,286,937,19060,2019
"Dallas-Fort Worth-Arlington, TX Metro Area",3631432,3279621,2928513,351108,261687,53543,35878,49460,30979,7077,8317,2836,251,5387,45361,41977,209626,19100,2019
"Dalton, GA Metro Area",64372,62072,55225,6847,5113,851,883,54,54,0,0,0,0,42,483,557,1164,19140,2019
"Danville, IL Metro Area",31036,28589,26179,2410,2024,273,113,219,219,0,0,0,0,36,652,193,1347,19180,2019
"Danville, KY Micro Area",21607,19423,17361,2062,1614,199,249,88,88,0,0,0,0,32,742,103,1219,19220,2019
"Danville, VA Micro Area",43258,39901,35999,3902,3287,470,145,475,472,3,0,0,0,10,660,849,1363,19260,2019
"Daphne-Fairhope-Foley, AL Metro Area",93141,85257,78015,7242,5700,1021,521,45,45,0,0,0,0,76,559,1147,6057,19300,2019
"Davenport-Moline-Rock Island, IA-IL Metro Area",180340,166567,154342,12225,9155,1630,1440,1646,1627,5,14,0,0,444,3542,1566,6575,19340,2019
"Dayton, TN Micro Area",12639,11805,10705,1100,788,147,165,23,23,0,0,0,0,0,271,127,413,19420,2019
"Dayton-Kettering, OH Metro Area",371441,338039,307703,30336,24019,3534,2783,6571,6405,76,33,57,0,827,9484,2629,13891,19430,2019
"Decatur, AL Metro Area",63474,61222,56035,5187,3812,762,613,115,115,0,0,0,0,15,395,413,1314,19460,2019
"Decatur, IL Metro Area",45703,42663,38948,3715,3012,540,163,620,598,14,4,2,2,13,770,306,1331,19500,2019
"Dothan, AL Metro Area",60696,57828,53217,4611,3702,596,313,19,17,2,0,0,0,68,403,745,1633,20020,2019
"Douglas, GA Micro Area",19894,18577,16692,1885,1367,241,277,26,26,0,0,0,0,0,225,822,244,20060,2019
"Dover, DE Metro Area",80857,74095,66621,7474,5109,1222,1143,862,774,19,27,42,0,212,1731,648,3309,20100,2019
"Dublin, GA Micro Area",23496,22515,19910,2605,1854,316,435,8,8,0,0,0,0,8,259,245,461,20140,2019
"DuBois, PA Micro Area",33388,30981,27593,3388,2491,658,239,91,88,0,0,0,3,35,864,426,991,20180,2019
"Dubuque, IA Metro Area",49887,45337,41467,3870,3107,496,267,501,470,18,0,13,0,131,1599,333,1986,20220,2019
"Duluth, MN-WI Metro Area",139472,123436,111649,11787,8991,1318,1478,2533,2463,27,0,12,31,659,5689,1151,6004,20260,2019
"Dumas, TX Micro Area",9823,9329,8043,1286,937,279,70,25,5,0,0,20,0,21,225,156,67,20300,2019
"Duncan, OK Micro Area",17935,16629,14930,1699,1282,222,195,13,13,0,0,0,0,96,286,220,691,20340,2019
"Durango, CO Micro Area",28818,23238,21219,2019,1527,366,126,262,244,0,18,0,0,924,1606,258,2530,20420,2019
"Durant, OK Micro Area",19464,17909,15824,2085,1702,220,163,49,49,0,0,0,0,49,555,251,651,20460,2019
"Durham-Chapel Hill, NC Metro Area",308416,262632,235881,26751,20489,4146,2116,10606,10505,54,6,26,15,2126,8665,3849,20538,20500,2019
"Dyersburg, TN Micro Area",16051,15275,14024,1251,1100,71,80,0,0,0,0,0,0,0,165,193,418,20540,2019
"Eagle Pass, TX Micro Area",21352,20447,17419,3028,1808,557,663,42,42,0,0,0,0,125,205,88,445,20580,2019
"Easton, MD Micro Area",17533,15327,13542,1785,1380,263,142,299,178,46,55,0,20,50,444,78,1335,20660,2019
"East Stroudsburg, PA Metro Area",78377,69166,61277,7889,6295,1112,482,3425,3087,338,0,0,0,0,1238,883,3665,20700,2019
"Eau Claire, WI Metro Area",86764,77160,70468,6692,5166,748,778,359,345,14,0,0,0,624,2537,638,5446,20740,2019
"Edwards, CO Micro Area",33587,27236,25363,1873,1283,359,231,1103,1083,20,0,0,0,316,1015,462,3455,20780,2019
"Effingham, IL Micro Area",17053,15631,14429,1202,874,184,144,79,66,1,0,0,12,46,518,160,619,20820,2019
"El Campo, TX Micro Area",17687,17075,15459,1616,1144,161,311,20,20,0,0,0,0,4,145,98,345,20900,2019
"El Centro, CA Metro Area",59343,53262,47938,5324,3247,965,1112,555,555,0,0,0,0,186,1501,1132,2707,20940,2019
"El Dorado, AR Micro Area",15422,14804,13804,1000,698,175,127,76,76,0,0,0,0,0,262,83,197,20980,2019
"Elizabeth City, NC Micro Area",22151,20546,18150,2396,1657,459,280,25,25,0,0,0,0,50,504,336,690,21020,2019
"Elizabethtown-Fort Knox, KY Metro Area",68605,64157,57162,6995,5324,965,706,209,179,0,0,0,30,35,1319,797,2088,21060,2019
"Elk City, OK Micro Area",8551,7910,7206,704,626,38,40,100,100,0,0,0,0,0,224,105,212,21120,2019
"Elkhart-Goshen, IN Metro Area",94790,87094,73822,13272,10287,1614,1371,265,215,0,5,20,25,1101,1594,1192,3544,21140,2019
"Elkins, WV Micro Area",11096,10132,8941,1191,882,192,117,21,21,0,0,0,0,22,391,224,306,21180,2019
"Elko, NV Micro Area",26713,20635,16954,3681,1808,573,1300,3539,3539,0,0,0,0,132,1243,248,916,21220,2019
"Ellensburg, WA Micro Area",21851,17843,16086,1757,1215,405,137,340,331,9,0,0,0,116,2193,339,1020,21260,2019
"Elmira, NY Metro Area",36723,33451,30197,3254,2534,522,198,804,783,4,17,0,0,176,1244,253,795,21300,2019
"El Paso, TX Metro Area",363145,331489,293093,38396,28262,6063,4071,4982,4859,59,42,8,14,522,5839,7634,12679,21340,2019
"Emporia, KS Micro Area",17892,16287,14091,2196,1693,203,300,89,89,0,0,0,0,78,565,181,692,21380,2019
"Enid, OK Metro Area",28852,26914,23588,3326,2585,376,365,91,28,0,0,0,63,127,315,581,824,21420,2019
"Enterprise, AL Micro Area",22345,21202,19450,1752,1365,257,130,4,0,0,0,0,4,115,188,269,567,21460,2019
"Erie, PA Metro Area",124756,111947,98665,13282,10265,1937,1080,2302,2245,0,43,14,0,426,4383,1042,4656,21500,2019
"Escanaba, MI Micro Area",15266,13925,12475,1450,981,257,212,131,131,0,0,0,0,30,425,242,513,21540,2019
"Española, NM Micro Area",14015,13014,12061,953,657,188,108,121,121,0,0,0,0,19,124,197,540,21580,2019
"Forrest City, AR Micro Area",8390,7636,6927,709,578,77,54,1,1,0,0,0,0,17,119,188,429,22620,2019
"Eufaula, AL-GA Micro Area",9028,8489,7392,1097,775,117,205,27,27,0,0,0,0,9,227,136,140,21640,2019
"Eugene-Springfield, OR Metro Area",170333,139330,120511,18819,15422,2202,1195,4957,4871,2,0,34,50,5568,8071,2054,10353,21660,2019
"Eureka-Arcata, CA Micro Area",59460,48758,42418,6340,5072,988,280,1063,977,86,0,0,0,821,3809,754,4255,21700,2019
"Evanston, WY Micro Area",9155,8478,6946,1532,1094,307,131,302,302,0,0,0,0,15,90,75,195,21740,2019
"Evansville, IN-KY Metro Area",149868,140005,129575,10430,8172,1360,898,1585,1497,0,10,76,2,150,2937,1608,3583,21780,2019
"Fairbanks, AK Metro Area",51000,45537,37883,7654,5710,1206,738,457,419,0,17,21,0,466,1772,905,1863,21820,2019
"Fairfield, IA Micro Area",8931,7052,5889,1163,1043,84,36,5,5,0,0,0,0,73,709,168,924,21840,2019
"Fairmont, MN Micro Area",9727,8534,7799,735,576,84,75,40,40,0,0,0,0,39,306,95,713,21860,2019
"Fairmont, WV Micro Area",24369,22522,20264,2258,1873,141,244,84,74,10,0,0,0,6,618,163,976,21900,2019
"Fallon, NV Micro Area",10343,9395,8377,1018,665,292,61,81,81,0,0,0,0,73,335,64,395,21980,2019
"Fort Morgan, CO Micro Area",13327,12204,9878,2326,1937,237,152,11,11,0,0,0,0,2,371,159,580,22820,2019
"Fort Payne, AL Micro Area",29311,27904,24674,3230,2444,444,342,51,51,0,0,0,0,11,350,115,880,22840,2019
"Fort Polk South, LA Micro Area",21245,19836,18186,1650,1249,208,193,11,11,0,0,0,0,98,682,365,253,22860,2019
"Fort Smith, AR-OK Metro Area",104673,98320,87713,10607,8455,1324,828,292,267,0,0,0,25,81,1838,1280,2862,22900,2019
"Fargo, ND-MN Metro Area",136760,124122,112363,11759,8786,2005,968,1052,963,39,2,46,2,665,3798,1076,6047,22020,2019
"Faribault-Northfield, MN Micro Area",33362,26995,24329,2666,1809,550,307,101,98,0,3,0,0,121,931,329,4885,22060,2019
"Farmington, MO Micro Area",26979,25722,22524,3198,2309,433,456,0,0,0,0,0,0,0,350,188,719,22100,2019
"Farmington, NM Metro Area",49071,46204,41205,4999,3642,828,529,163,159,0,0,4,0,25,843,284,1552,22140,2019
"Fayetteville, NC Metro Area",230278,208429,187187,21242,16902,2233,2107,925,779,13,9,120,4,236,9750,3168,7770,22180,2019
"Fayetteville-Springdale-Rogers, AR Metro Area",245135,227754,201053,26701,18618,4679,3404,895,782,69,27,0,17,882,3805,1392,10407,22220,2019
"Fergus Falls, MN Micro Area",28092,24224,21526,2698,1874,490,334,336,325,0,0,8,3,70,1258,255,1949,22260,2019
"Fernley, NV Micro Area",22302,20777,17694,3083,2305,456,322,209,166,0,0,43,0,52,276,246,742,22280,2019
"Findlay, OH Micro Area",37800,35596,32079,3517,2832,382,303,137,137,0,0,0,0,146,533,231,1157,22300,2019
"Fitzgerald, GA Micro Area",6133,5913,5433,480,310,57,113,0,0,0,0,0,0,12,0,162,46,22340,2019
"Flagstaff, AZ Metro Area",65367,52796,45014,7782,6027,927,828,1059,980,4,58,2,15,1271,5878,902,3461,22380,2019
"Flint, MI Metro Area",169036,157325,141611,15714,12291,1976,1447,2449,2423,0,0,0,26,227,1830,945,6260,22420,2019
"Florence, SC Metro Area",86345,80824,73621,7203,5596,1022,585,225,203,0,2,20,0,156,900,954,3286,22500,2019
"Florence-Muscle Shoals, AL Metro Area",62208,59676,55245,4431,3446,638,347,25,25,0,0,0,0,92,656,383,1376,22520,2019
"Fond du Lac, WI Metro Area",53174,48423,44283,4140,3162,480,498,115,107,3,3,0,2,262,1715,448,2211,22540,2019
"Forest City, NC Micro Area",26394,24771,21757,3014,2308,306,400,44,44,0,0,0,0,30,419,348,782,22580,2019
"Fort Leonard Wood, MO Micro Area",28437,18982,17141,1841,1586,178,77,120,120,0,0,0,0,93,4382,220,4640,22780,2019
"Fort Madison-Keokuk, IA-IL-MO Micro Area",26566,24297,22325,1972,1580,304,88,81,73,0,0,0,8,67,638,406,1077,22800,2019
"Fort Wayne, IN Metro Area",196193,182238,164647,17591,12971,2652,1968,1335,1193,48,0,16,78,504,2705,1186,8225,23060,2019
"Frankfort, IN Micro Area",14633,13261,11835,1426,1132,191,103,12,12,0,0,0,0,38,233,324,765,23140,2019
"Frankfort, KY Micro Area",34569,32541,28722,3819,2656,736,427,131,131,0,0,0,0,31,597,197,1072,23180,2019
"Fredericksburg, TX Micro Area",11937,10558,8624,1934,1382,250,302,26,0,0,0,26,0,51,413,78,811,23240,2019
"Freeport, IL Micro Area",20654,18385,16059,2326,1853,320,153,181,173,8,0,0,0,47,570,340,1131,23300,2019
"Fremont, NE Micro Area",18056,16982,14919,2063,1391,498,174,22,18,0,0,0,4,139,388,97,428,23340,2019
"Fremont, OH Micro Area",27835,26329,24120,2209,1795,279,135,129,129,0,0,0,0,74,454,113,736,23380,2019
"Fresno, CA Metro Area",395689,358839,310668,48171,32081,8185,7905,4408,4248,54,30,38,38,1951,6363,6127,18001,23420,2019
"Gadsden, AL Metro Area",41552,39472,36088,3384,2767,285,332,37,20,0,0,2,15,37,414,296,1296,23460,2019
"Gaffney, SC Micro Area",22732,22058,19252,2806,2042,364,400,36,36,0,0,0,0,0,119,198,321,23500,2019
"Gainesville, FL Metro Area",145070,124058,108537,15521,12723,1779,1019,4389,4368,0,0,0,21,2764,4089,2415,7355,23540,2019
"Gainesville, GA Metro Area",92200,85075,74335,10740,7129,2023,1588,246,191,55,0,0,0,83,1023,1579,4194,23580,2019
"Gainesville, TX Micro Area",18985,17396,14467,2929,2089,540,300,20,15,5,0,0,0,23,268,183,1095,23620,2019
"Galesburg, IL Micro Area",20906,18817,16876,1941,1609,260,72,91,88,3,0,0,0,86,981,257,674,23660,2019
"Gallup, NM Micro Area",23319,19532,17083,2449,1702,323,424,261,229,0,32,0,0,25,1001,284,2216,23700,2019
"Garden City, KS Micro Area",20007,18732,16247,2485,1941,373,171,111,99,0,0,0,12,77,240,79,768,23780,2019
"Gardnerville Ranchos, NV Micro Area",20908,18434,16111,2323,1967,253,103,56,56,0,0,0,0,80,328,244,1766,23820,2019
"Georgetown, SC Micro Area",24640,22051,19841,2210,1425,601,184,187,187,0,0,0,0,21,394,285,1702,23860,2019
"Gettysburg, PA Metro Area",49843,45399,40845,4554,3430,835,289,203,145,2,56,0,0,154,1810,259,2018,23900,2019
"Gillette, WY Micro Area",30679,26470,23621,2849,1665,628,556,914,914,0,0,0,0,77,755,311,2152,23940,2019
"Glasgow, KY Micro Area",21967,20470,18081,2389,1723,487,179,37,25,12,0,0,0,4,314,204,938,23980,2019
"Glens Falls, NY Metro Area",59763,54141,48979,5162,4194,661,307,477,435,7,35,0,0,281,1755,525,2584,24020,2019
"Glenwood Springs, CO Micro Area",42702,31813,27648,4165,3008,519,638,3513,3513,0,0,0,0,981,2223,494,3678,24060,2019
"Gloversville, NY Micro Area",24040,22259,20224,2035,1758,215,62,120,112,8,0,0,0,23,530,644,464,24100,2019
"Goldsboro, NC Metro Area",53988,50977,44061,6916,5243,1067,606,258,258,0,0,0,0,72,929,230,1522,24140,2019
"Granbury, TX Micro Area",24593,22860,21353,1507,1095,244,168,52,35,0,0,0,17,0,117,140,1424,24180,2019
"Grand Forks, ND-MN Metro Area",53894,48392,43637,4755,3491,833,431,486,476,10,0,0,0,324,2128,432,2132,24220,2019
"Grand Island, NE Metro Area",38229,35740,31394,4346,2960,856,530,138,98,13,0,27,0,107,610,385,1249,24260,2019
"Grand Junction, CO Metro Area",69249,60307,54643,5664,3883,965,816,226,226,0,0,0,0,521,1904,1329,4962,24300,2019
"Grand Rapids, MN Micro Area",19585,17445,15642,1803,1366,330,107,152,152,0,0,0,0,39,460,324,1165,24330,2019
"Grand Rapids-Kentwood, MI Metro Area",530337,482336,434179,48157,36419,6828,4910,7525,7261,146,52,30,36,2531,11768,3934,22243,24340,2019
"Grants, NM Micro Area",9013,7624,6749,875,538,215,122,22,22,0,0,0,0,13,262,456,636,24380,2019
"Grants Pass, OR Metro Area",31519,27637,24844,2793,2196,451,146,100,78,0,22,0,0,417,1091,458,1816,24420,2019
"Great Bend, KS Micro Area",13091,12121,11038,1083,703,163,217,93,93,0,0,0,0,50,248,94,485,24460,2019
"Great Falls, MT Metro Area",38629,35177,31080,4097,2843,711,543,296,254,0,0,16,26,159,1097,374,1526,24500,2019
"Greeley, CO Metro Area",150170,135219,120732,14487,10900,2073,1514,808,808,0,0,0,0,524,2800,1489,9330,24540,2019
"Green Bay, WI Metro Area",166271,152545,139354,13191,10050,2115,1026,1105,1105,0,0,0,0,351,3002,1504,7764,24580,2019
"Greeneville, TN Micro Area",27695,26129,24292,1837,1388,230,219,9,8,0,0,1,0,7,232,452,866,24620,2019
"Greensboro-High Point, NC Metro Area",350855,321747,290113,31634,24689,3549,3396,3272,3174,52,30,9,7,521,4915,3131,17269,24660,2019
"Greensburg, IN Micro Area",13124,12403,10983,1420,1237,146,37,72,72,0,0,0,0,13,256,95,285,24700,2019
"Greenville, MS Micro Area",16122,15463,13904,1559,1149,278,132,15,11,0,0,0,4,13,238,216,177,24740,2019
"Greenville, NC Metro Area",83463,76673,68882,7791,6398,989,404,1048,1043,0,0,5,0,180,1034,607,3921,24780,2019
"Greenville, OH Micro Area",24592,22567,20557,2010,1679,212,119,114,100,0,14,0,0,44,534,293,1040,24820,2019
"Greenville-Anderson, SC Metro Area",415496,384010,344454,39556,30699,5266,3591,1652,1491,81,10,0,70,734,5871,3779,19450,24860,2019
"Greenwood, MS Micro Area",12639,12010,11233,777,605,87,85,82,82,0,0,0,0,0,104,5,438,24900,2019
"Greenwood, SC Micro Area",29856,28397,25303,3094,2416,351,327,157,98,0,0,0,59,0,360,236,706,24940,2019
"Grenada, MS Micro Area",8191,7797,7233,564,456,57,51,21,21,0,0,0,0,0,126,169,78,24980,2019
"Guayama, PR Metro Area",16900,15891,14119,1772,1103,464,205,111,80,0,0,31,0,0,503,64,331,25020,2019
"Gulfport-Biloxi, MS Metro Area",178099,166361,151448,14913,11714,1773,1426,460,362,12,0,0,86,297,4555,2384,4042,25060,2019
"Guymon, OK Micro Area",10677,9806,8084,1722,1251,40,431,36,17,0,0,0,19,7,368,75,385,25100,2019
"Hagerstown-Martinsburg, MD-WV Metro Area",130509,119818,106867,12951,10343,1683,925,1429,916,93,397,16,7,171,1991,1265,5835,25180,2019
"Hailey, ID Micro Area",12643,10451,9637,814,708,61,45,211,211,0,0,0,0,103,367,225,1286,25200,2019
"Hammond, LA Metro Area",56916,53327,45388,7939,6105,1266,568,177,124,0,0,53,0,161,863,499,1889,25220,2019
"Hanford-Corcoran, CA Metro Area",56799,51917,43737,8180,4161,1438,2581,129,129,0,0,0,0,403,1096,614,2640,25260,2019
"Hannibal, MO Micro Area",17713,16200,14817,1383,1119,183,81,11,11,0,0,0,0,4,373,208,917,25300,2019
"Harrisburg-Carlisle, PA Metro Area",285493,253127,228488,24639,19207,2957,2475,3838,3501,93,154,90,0,1101,9527,3122,14778,25420,2019
"Harrison, AR Micro Area",18637,17346,15395,1951,1527,270,154,13,0,0,13,0,0,0,326,122,830,25460,2019
"Harrisonburg, VA Metro Area",63596,55363,48379,6984,5305,851,828,598,567,22,0,9,0,618,3507,733,2777,25500,2019
"Hartford-East Hartford-Middletown, CT Metro Area",606547,538298,491965,46333,38123,4739,3471,16723,15506,221,850,66,80,1146,14709,5078,30593,25540,2019
"Hastings, NE Micro Area",15485,14281,12818,1463,980,165,318,88,45,0,0,0,43,75,295,158,588,25580,2019
"Hattiesburg, MS Metro Area",71530,64758,59586,5172,3904,810,458,168,167,1,0,0,0,132,1083,4231,1158,25620,2019
"Hays, KS Micro Area",15920,14799,13618,1181,586,456,139,45,45,0,0,0,0,9,379,19,669,25700,2019
"Heber, UT Micro Area",37863,31417,27926,3491,2453,702,336,502,484,10,1,0,7,154,938,629,4223,25720,2019
"Helena, MT Micro Area",39860,35069,30820,4249,3319,524,406,165,165,0,0,0,0,355,1530,473,2268,25740,2019
"Helena-West Helena, AR Micro Area",6481,6209,5390,819,700,108,11,0,0,0,0,0,0,4,100,74,94,25760,2019
"Henderson, NC Micro Area",18187,17138,14772,2366,1580,525,261,13,13,0,0,0,0,0,162,157,717,25780,2019
"Hereford, TX Micro Area",8176,7761,7024,737,480,75,182,83,83,0,0,0,0,0,44,27,261,25820,2019
"Hermiston-Pendleton, OR Micro Area",36412,33897,29766,4131,3013,574,544,177,170,0,0,4,3,185,804,207,1142,25840,2019
"Hickory-Lenoir-Morganton, NC Metro Area",162561,151588,138002,13586,11097,1591,898,353,353,0,0,0,0,79,1415,3598,5528,25860,2019
"Hillsdale, MI Micro Area",18989,16823,15256,1567,1160,262,145,47,47,0,0,0,0,19,845,203,1052,25880,2019
"Hilo, HI Micro Area",86037,75484,62245,13239,9592,2136,1511,1112,1106,0,6,0,0,272,1925,958,6286,25900,2019
"Hilton Head Island-Bluffton, SC Metro Area",93573,82438,72594,9844,7399,1581,864,428,312,73,0,0,43,255,1748,1546,7158,25940,2019
"Hinesville, GA Metro Area",34455,31567,27967,3600,2969,358,273,186,151,0,10,0,25,127,1009,739,827,25980,2019
"Hobbs, NM Micro Area",28672,27541,24172,3369,2186,507,676,36,6,0,0,30,0,43,287,119,646,26020,2019
"Holland, MI Micro Area",54724,51118,47032,4086,3519,310,257,132,54,65,7,0,6,86,776,359,2253,26090,2019
"Homosassa Springs, FL Metro Area",45250,40957,37263,3694,2835,690,169,137,120,17,0,0,0,130,288,1092,2646,26140,2019
"Hood River, OR Micro Area",11481,9221,7821,1400,920,170,310,34,32,2,0,0,0,126,897,129,1074,26220,2019
"Hope, AR Micro Area",12162,11584,10136,1448,986,263,199,49,49,0,0,0,0,1,185,65,278,26260,2019
"Hot Springs, AR Metro Area",40327,37106,32926,4180,3403,557,220,213,213,0,0,0,0,5,780,729,1494,26300,2019
"Houghton, MI Micro Area",15468,12675,11261,1414,1095,171,148,35,23,0,0,0,12,102,1640,175,841,26340,2019
"Houma-Thibodaux, LA Metro Area",88164,80039,72358,7681,5682,1308,691,392,368,0,0,0,24,314,1093,3413,2913,26380,2019
"Houston-The Woodlands-Sugar Land, TX Metro Area",3243744,2937466,2619911,317555,233926,49183,34446,65292,61556,1297,665,1501,273,7857,41199,44552,147378,26420,2019
"Hudson, NY Micro Area",28927,24248,21796,2452,1885,345,222,765,74,462,219,10,0,164,1299,374,2077,26460,2019
"Huntingdon, PA Micro Area",18221,16335,14212,2123,1454,351,318,40,34,0,4,0,2,2,874,320,650,26500,2019
"Huntington, IN Micro Area",18229,16962,16039,923,779,54,90,25,25,0,0,0,0,15,544,68,615,26540,2019
"Huntington-Ashland, WV-KY-OH Metro Area",140205,130595,118697,11898,9329,1576,993,821,744,26,29,2,20,188,3131,1426,4044,26580,2019
"Huntsville, AL Metro Area",215698,203208,189886,13322,10428,1660,1234,398,398,0,0,0,0,188,1774,2156,7974,26620,2019
"Huntsville, TX Micro Area",25989,23278,21433,1845,1563,97,185,133,133,0,0,0,0,37,983,314,1244,26660,2019
"Huron, SD Micro Area",9858,8742,7745,997,687,129,181,134,131,3,0,0,0,8,324,189,461,26700,2019
"Hutchinson, KS Micro Area",29045,26330,23910,2420,1778,413,229,81,36,0,0,0,45,334,688,536,1076,26740,2019
"Hutchinson, MN Micro Area",18784,17373,15977,1396,1020,220,156,80,80,0,0,0,0,96,410,112,713,26780,2019
"Idaho Falls, ID Metro Area",64026,56901,50195,6706,4839,934,933,1888,1866,0,17,5,0,186,1158,634,3259,26820,2019
"Indiana, PA Micro Area",36318,32389,28880,3509,2765,283,461,217,207,8,0,2,0,165,2088,352,1107,26860,2019
"Indianapolis-Carmel-Anderson, IN Metro Area",999710,914555,831474,83081,66873,10533,5675,8682,8428,107,17,27,103,2649,15271,9251,49302,26900,2019
"Indianola, MS Micro Area",8067,7519,6524,995,668,228,99,51,51,0,0,0,0,9,211,116,161,26940,2019
"Iowa City, IA Metro Area",93358,74168,65451,8717,6082,1043,1592,4719,4661,0,7,0,51,1776,7368,1099,4228,26980,2019
"Iron Mountain, MI-WI Micro Area",12907,11979,10786,1193,849,176,168,17,17,0,0,0,0,14,209,184,504,27020,2019
"Ithaca, NY Metro Area",49101,34234,29577,4657,3708,644,305,3286,3188,79,19,0,0,737,6855,425,3564,27060,2019
"Jackson, MI Metro Area",67818,63146,57432,5714,4617,585,512,260,260,0,0,0,0,166,1552,477,2217,27100,2019
"Jackson, MS Metro Area",263461,251322,225141,26181,20652,3302,2227,776,776,0,0,0,0,173,2470,1844,6876,27140,2019
"Jackson, OH Micro Area",13156,12196,11086,1110,874,77,159,38,38,0,0,0,0,0,500,139,283,27160,2019
"Jackson, TN Metro Area",76317,70806,64518,6288,5165,775,348,253,253,0,0,0,0,120,874,1869,2395,27180,2019
"Jackson, WY-ID Micro Area",19907,15308,13447,1861,1475,262,124,538,538,0,0,0,0,504,1618,146,1793,27220,2019
"Jacksonville, FL Metro Area",715164,637608,578889,58719,47196,7343,4180,8678,8481,49,77,40,31,3462,10817,11967,42632,27260,2019
"Jacksonville, IL Micro Area",17619,15952,14543,1409,1093,247,69,119,74,0,10,35,0,86,527,189,746,27300,2019
"Jacksonville, NC Metro Area",99236,84536,71067,13469,9459,2653,1357,345,296,0,0,0,49,240,8168,1496,4451,27340,2019
"Jacksonville, TX Micro Area",19977,18790,15748,3042,2381,334,327,52,52,0,0,0,0,69,278,96,692,27380,2019
"Jamestown, ND Micro Area",10501,9590,8542,1048,673,250,125,18,18,0,0,0,0,6,336,208,343,27420,2019
"Jamestown-Dunkirk-Fredonia, NY Micro Area",54703,49362,44393,4969,4153,473,343,182,131,20,26,0,5,219,2190,798,1952,27460,2019
"Janesville-Beloit, WI Metro Area",78443,72975,65109,7866,5902,1197,767,449,449,0,0,0,0,255,1504,789,2471,27500,2019
"Jasper, AL Micro Area",23982,22851,20267,2584,1882,555,147,28,28,0,0,0,0,13,248,236,606,27530,2019
"Jasper, IN Micro Area",27859,26370,24630,1740,1382,151,207,39,39,0,0,0,0,30,358,118,944,27540,2019
"Jayuya, PR Micro Area",3137,2787,2596,191,191,0,0,17,17,0,0,0,0,0,246,0,87,27580,2019
"Jefferson, GA Micro Area",30652,28495,25741,2754,1736,623,395,132,129,3,0,0,0,3,110,335,1577,27600,2019
"Jefferson City, MO Metro Area",71131,66789,59829,6960,5258,937,765,230,216,0,14,0,0,105,870,1044,2093,27620,2019
"Jennings, LA Micro Area",11975,11299,9874,1425,979,291,155,30,30,0,0,0,0,11,173,233,229,27660,2019
"Jesup, GA Micro Area",10630,9860,8772,1088,666,285,137,67,67,0,0,0,0,0,16,376,311,27700,2019
"Johnson City, TN Metro Area",88513,81365,76018,5347,4087,802,458,385,340,1,28,16,0,38,1186,1612,3927,27740,2019
"Johnstown, PA Metro Area",55741,51011,45838,5173,3883,624,666,656,650,0,3,0,3,83,1442,608,1941,27780,2019
"Jonesboro, AR Metro Area",58262,54904,48628,6276,4910,794,572,257,257,0,0,0,0,40,1024,232,1805,27860,2019
"Joplin, MO Metro Area",81747,75952,67386,8566,6628,963,975,247,193,3,0,48,3,177,1179,887,3305,27900,2019
"Juneau, AK Micro Area",17110,14009,11640,2369,1795,377,197,747,621,4,0,0,122,191,1148,184,831,27940,2019
"Kahului-Wailuku-Lahaina, HI Metro Area",83031,72545,61614,10931,7444,1892,1595,1984,1858,36,0,24,66,340,2017,1231,4914,27980,2019
"Aberdeen, SD Micro Area",22599,20123,18316,1807,1227,411,169,16,13,0,0,3,0,129,675,253,1403,10100,2019
"Aberdeen, WA Micro Area",27749,24347,21356,2991,2518,290,183,267,265,0,2,0,0,138,842,298,1857,10140,2019
"Abilene, TX Metro Area",77559,70475,62273,8202,6377,1025,800,396,396,0,0,0,0,206,1507,710,4265,10180,2019
"Ada, OK Micro Area",17312,16349,14709,1640,1343,204,93,123,120,3,0,0,0,48,356,156,280,10220,2019
"Adrian, MI Micro Area",43688,40388,36591,3797,2858,491,448,150,150,0,0,0,0,195,1230,252,1473,10300,2019
"Aguadilla-Isabela, PR Metro Area",78523,73173,65207,7966,5329,1880,757,325,82,55,0,106,82,292,2200,651,1882,10380,2019
"Akron, OH Metro Area",342768,314823,290234,24589,18892,3512,2185,4467,4390,9,0,29,39,332,5460,2105,15581,10420,2019
"Alamogordo, NM Micro Area",25668,23423,20477,2946,2227,458,261,219,212,0,0,7,0,88,764,305,869,10460,2019
"Albany, GA Metro Area",59476,55092,48289,6803,5242,1122,439,592,588,0,0,4,0,78,943,539,2232,10500,2019
"Albany-Lebanon, OR Metro Area",53881,48759,42726,6033,4725,857,451,92,71,3,16,2,0,348,1199,810,2673,10540,2019
"Albany-Schenectady-Troy, NY Metro Area",443109,387074,351556,35518,28703,4405,2410,16033,15314,207,364,66,82,1243,14765,3810,20184,10580,2019
"Albemarle, NC Micro Area",28221,26216,23562,2654,2110,314,230,28,28,0,0,0,0,0,470,262,1245,10620,2019
"Albert Lea, MN Micro Area",14808,13628,12277,1351,1025,244,82,85,83,2,0,0,0,120,392,133,450,10660,2019
"Albertville, AL Micro Area",38759,37036,33601,3435,2317,815,303,169,169,0,0,0,0,1,344,188,1021,10700,2019
"Albuquerque, NM Metro Area",414137,373474,333885,39589,29859,6154,3576,6254,5357,22,805,24,46,3243,6858,4381,19927,10740,2019
"Alexander City, AL Micro Area",19006,18017,16190,1827,1487,268,72,15,15,0,0,0,0,0,215,179,580,10760,2019
"Alexandria, LA Metro Area",61254,55753,49819,5934,4827,571,536,997,983,14,0,0,0,109,1243,1737,1415,10780,2019
"Alexandria, MN Micro Area",19113,17053,15950,1103,835,181,87,89,84,0,0,0,5,57,312,161,1441,10820,2019
"Alice, TX Micro Area",19970,18595,16299,2296,1508,528,260,3,3,0,0,0,0,0,522,244,606,10860,2019
"Allentown-Bethlehem-Easton, PA-NJ Metro Area",406612,366210,332131,34079,26080,4994,3005,6965,6281,219,338,41,86,761,9580,4392,18704,10900,2019
"Alma, MI Micro Area",16092,14633,13196,1437,1132,153,152,66,66,0,0,0,0,64,469,105,755,10940,2019
"Alpena, MI Micro Area",12375,11439,10577,862,766,81,15,101,95,0,0,6,0,96,241,43,455,10980,2019
"Altoona, PA Metro Area",55724,51098,46309,4789,3775,457,557,640,629,4,7,0,0,101,1600,385,1900,11020,2019
"Altus, OK Micro Area",11375,10688,9158,1530,1154,287,89,3,3,0,0,0,0,40,199,180,265,11060,2019
"Amarillo, TX Metro Area",125336,117555,104252,13303,9149,2413,1741,375,366,0,0,0,9,255,1910,1266,3975,11100,2019
"Americus, GA Micro Area",13625,12810,11258,1552,1254,133,165,5,5,0,0,0,0,2,205,196,407,11140,2019
"Ames, IA Metro Area",64188,52927,48047,4880,4128,509,243,3180,3174,0,6,0,0,1077,3642,423,2939,11180,2019
"Amsterdam, NY Micro Area",21234,18476,17025,1451,1251,156,44,160,140,20,0,0,0,85,879,738,896,11220,2019
"Anchorage, AK Metro Area",196295,171242,148641,22601,17385,2924,2292,2646,2620,4,0,0,22,2009,5227,6257,8914,11260,2019
"Andrews, TX Micro Area",8130,7772,6407,1365,791,101,473,10,10,0,0,0,0,0,59,180,109,11380,2019
"Angola, IN Micro Area",17303,16012,14159,1853,1403,207,243,28,28,0,0,0,0,51,530,136,546,11420,2019
"Ann Arbor, MI Metro Area",185365,147886,133178,14708,11479,2209,1020,9543,9385,138,0,20,0,2881,12994,1118,10943,11460,2019
"Anniston-Oxford, AL Metro Area",47207,44800,39831,4969,3783,518,668,185,124,0,0,61,0,0,636,387,1199,11500,2019
"Appleton, WI Metro Area",126653,116321,108293,8028,6133,1186,709,625,619,0,0,0,6,479,2699,875,5654,11540,2019
"Arcadia, FL Micro Area",13381,11406,9186,2220,1169,304,747,595,595,0,0,0,0,45,316,79,940,11580,2019
"Ardmore, OK Micro Area",24527,23043,20377,2666,2114,362,190,38,38,0,0,0,0,36,427,268,715,11620,2019
"Arecibo, PR Metro Area",50091,47515,45133,2382,1745,384,253,164,78,0,0,69,17,47,966,185,1214,11640,2019
"Arkadelphia, AR Micro Area",10449,9533,8143,1390,988,214,188,82,82,0,0,0,0,14,466,78,276,11660,2019
"Asheville, NC Metro Area",213127,187463,168808,18655,13308,3526,1821,929,811,17,0,17,84,464,4205,2092,17974,11700,2019
"Ashland, OH Micro Area",24986,22463,20952,1511,1273,183,55,99,99,0,0,0,0,57,1126,348,893,11740,2019
"Ashtabula, OH Micro Area",39407,36780,33316,3464,2541,411,512,171,171,0,0,0,0,31,767,631,1027,11780,2019
"Astoria, OR Micro Area",17728,14756,12886,1870,1441,214,215,199,199,0,0,0,0,226,1444,298,805,11820,2019
"Atchison, KS Micro Area",7667,6658,6063,595,425,143,27,1,1,0,0,0,0,6,551,30,421,11860,2019
"Athens, OH Micro Area",27769,21887,19782,2105,1798,151,156,297,278,0,0,0,19,518,3922,120,1025,11900,2019
"Athens, TN Micro Area",20802,19530,18079,1451,1027,264,160,57,28,0,0,0,29,0,280,124,811,11940,2019
"Athens, TX Micro Area",31861,29879,26299,3580,2830,571,179,167,13,7,0,98,49,15,347,149,1304,11980,2019
"Baton Rouge, LA Metro Area",393379,367640,333574,34066,24364,6144,3558,3332,3239,0,42,25,26,1021,5999,3381,12006,12940,2019
"Battle Creek, MI Metro Area",58637,53622,48332,5290,4099,643,548,582,558,6,0,0,18,195,1796,442,2000,12980,2019
"Athens-Clarke County, GA Metro Area",97111,84098,74075,10023,6969,2513,541,2725,2708,17,0,0,0,866,2851,1130,5441,12020,2019
"Atlanta-Sandy Springs-Alpharetta, GA Metro Area",2857053,2473116,2209681,263435,196318,39546,27571,85842,57308,24061,3285,975,213,5429,37775,44734,210157,12060,2019
"Atlantic City-Hammonton, NJ Metro Area",124793,106611,96855,9756,7722,901,1133,6858,6329,98,371,35,25,492,4568,2301,3963,12100,2019
"Atmore, AL Micro Area",12649,12351,11365,986,691,219,76,39,39,0,0,0,0,7,74,46,132,12120,2019
"Auburn, IN Micro Area",21207,20189,18237,1952,1557,259,136,4,4,0,0,0,0,84,190,162,578,12140,2019
"Auburn, NY Micro Area",35549,31670,29440,2230,1962,146,122,267,263,1,0,3,0,36,1499,634,1443,12180,2019
"Auburn-Opelika, AL Metro Area",73873,67981,61355,6626,5325,877,424,534,481,53,0,0,0,202,1595,617,2944,12220,2019
"Augusta-Richmond County, GA-SC Metro Area",258693,240157,217496,22661,17156,3014,2491,2119,2026,18,42,0,33,377,4012,4029,7999,12260,2019
"Augusta-Waterville, ME Micro Area",58527,52725,46825,5900,4505,635,760,72,62,0,0,0,10,46,2207,493,2984,12300,2019
"Austin, MN Micro Area",18855,17093,14761,2332,1577,412,343,353,353,0,0,0,0,115,511,143,640,12380,2019
"Austin-Round Rock-Georgetown, TX Metro Area",1114985,952333,850278,102055,77433,14397,10225,22570,20080,704,1466,220,100,8492,20222,13285,98083,12420,2019
"Bainbridge, GA Micro Area",10207,9631,8100,1531,1210,210,111,75,75,0,0,0,0,6,46,282,167,12460,2019
"Bakersfield, CA Metro Area",337438,312464,271759,40705,26525,7720,6460,2760,2550,14,39,81,76,1168,3416,6175,11455,12540,2019
"Baltimore-Columbia-Towson, MD Metro Area",1402907,1187162,1073294,113868,90206,14196,9466,86943,58916,13674,12844,1112,397,4205,36361,16967,71269,12580,2019
"Bangor, ME Metro Area",71300,63941,56872,7069,5628,907,534,301,281,20,0,0,0,160,2698,949,3251,12620,2019
"Baraboo, WI Micro Area",33663,30416,27442,2974,2246,478,250,47,39,0,0,5,3,156,1158,427,1459,12660,2019
"Bardstown, KY Micro Area",21133,19948,18082,1866,1431,293,142,0,0,0,0,0,0,0,211,166,808,12680,2019
"Barnstable Town, MA Metro Area",103802,90685,82835,7850,6668,840,342,1526,859,196,80,34,357,507,2435,1072,7577,12700,2019
"Barre, VT Micro Area",30659,25573,22793,2780,2185,429,166,298,267,26,0,0,5,116,1934,288,2450,12740,2019
"Bartlesville, OK Micro Area",22017,20405,17802,2603,2012,420,171,32,32,0,0,0,0,96,409,257,818,12780,2019
"Batavia, NY Micro Area",28903,26392,23960,2432,1915,391,126,51,24,21,0,1,5,191,983,456,830,12860,2019
"Batesville, AR Micro Area",21554,20261,17490,2771,2164,417,190,43,43,0,0,0,0,12,277,250,711,12900,2019
"Bay City, MI Metro Area",46051,43026,39817,3209,2431,505,273,272,272,0,0,0,0,234,618,228,1673,13020,2019
"Bay City, TX Micro Area",15449,14565,13056,1509,1174,257,78,129,129,0,0,0,0,111,147,55,442,13060,2019
"Beatrice, NE Micro Area",10816,9596,8687,909,668,163,78,11,11,0,0,0,0,28,385,108,688,13100,2019
"Beaumont-Port Arthur, TX Metro Area",165383,158471,145958,12513,9688,1644,1181,789,724,30,0,35,0,104,1529,1330,3160,13140,2019
"Beaver Dam, WI Micro Area",44569,41164,37186,3978,3180,571,227,49,43,0,0,0,6,46,1267,282,1761,13180,2019
"Beckley, WV Metro Area",42991,39401,34815,4586,3884,407,295,113,113,0,0,0,0,17,1075,754,1631,13220,2019
"Bedford, IN Micro Area",20717,19585,17713,1872,1566,82,224,8,8,0,0,0,0,0,250,198,676,13260,2019
"Beeville, TX Micro Area",9851,9263,8245,1018,883,45,90,0,0,0,0,0,0,52,171,150,215,13300,2019
"Bellefontaine, OH Micro Area",21069,19418,17360,2058,1466,272,320,48,48,0,0,0,0,101,413,125,964,13340,2019
"Bellingham, WA Metro Area",104723,88877,79910,8967,6592,1013,1362,2626,2559,26,5,0,36,1874,3873,1083,6390,13380,2019
"Bemidji, MN Micro Area",20638,17633,15513,2120,1635,322,163,412,407,0,0,0,5,80,922,195,1396,13420,2019
"Bend, OR Metro Area",89194,74677,66401,8276,6722,909,645,236,220,0,16,0,0,1475,1883,901,10022,13460,2019
"Bennettsville, SC Micro Area",8979,8729,7776,953,814,128,11,13,13,0,0,0,0,10,38,16,173,13500,2019
"Bennington, VT Micro Area",16937,14196,12985,1211,1023,137,51,95,60,23,12,0,0,47,936,286,1377,13540,2019
"Berlin, NH Micro Area",13972,12185,10660,1525,1274,107,144,26,17,4,0,0,5,26,341,362,1032,13620,2019
"Big Rapids, MI Micro Area",17956,15740,14112,1628,1148,227,253,88,88,0,0,0,0,36,928,241,923,13660,2019
"Big Spring, TX Micro Area",14115,13443,11185,2258,1449,670,139,25,25,0,0,0,0,17,209,151,270,13700,2019
"Oshkosh-Neenah, WI Metro Area",86951,79777,73560,6217,4775,969,473,574,566,8,0,0,0,613,1926,653,3408,36780,2019
"Oskaloosa, IA Micro Area",10927,9623,8632,991,801,91,99,57,37,0,0,20,0,58,511,131,547,36820,2019
"Othello, WA Micro Area",7405,6710,5325,1385,1060,162,163,14,14,0,0,0,0,4,152,98,427,36830,2019
"Ottawa, IL Micro Area",69307,64457,58747,5710,4232,815,663,155,100,0,10,45,0,357,1186,682,2470,36837,2019
"Ottawa, KS Micro Area",12581,11737,10737,1000,797,111,92,13,13,0,0,0,0,0,203,147,481,36840,2019
"Ottumwa, IA Micro Area",15900,14848,13233,1615,1247,186,182,102,102,0,0,0,0,8,270,262,410,36900,2019
"Owatonna, MN Micro Area",18660,17126,15869,1257,1080,113,64,157,157,0,0,0,0,13,420,142,802,36940,2019
"Owensboro, KY Metro Area",52445,49554,45393,4161,3037,629,495,238,238,0,0,0,0,184,793,529,1147,36980,2019
"Oak Harbor, WA Micro Area",37301,31361,27070,4291,3079,573,639,951,525,0,98,0,328,229,1450,542,2768,36020,2019
"Ocala, FL Metro Area",123940,111973,99983,11990,9292,1671,1027,475,453,16,0,6,0,245,945,1907,8395,36100,2019
"Ocean City, NJ Metro Area",41894,36559,33451,3108,2573,385,150,699,570,21,97,0,11,561,1954,344,1777,36140,2019
"Odessa, TX Metro Area",73910,69671,60220,9451,6791,1485,1175,272,258,0,9,5,0,35,1308,565,2059,36220,2019
"Ogden-Clearfield, UT Metro Area",314219,282572,252245,30327,22610,4303,3414,5480,3100,134,2105,85,56,1250,4017,3190,17710,36260,2019
"Ogdensburg-Massena, NY Micro Area",42818,37344,32875,4469,3357,549,563,152,148,2,0,2,0,57,2718,362,2185,36300,2019
"Oil City, PA Micro Area",22315,20651,18055,2596,2151,246,199,78,73,0,3,0,2,24,741,167,654,36340,2019
"Okeechobee, FL Micro Area",15192,14213,12260,1953,1375,317,261,19,19,0,0,0,0,83,304,172,401,36380,2019
"Oklahoma City, OK Metro Area",661603,612729,550251,62478,48074,8157,6247,2755,2430,98,23,162,42,1914,10630,6574,27001,36420,2019
"Olean, NY Micro Area",32891,29747,27157,2590,2177,264,149,128,111,5,0,0,12,108,1467,332,1109,36460,2019
"Olympia-Lacey-Tumwater, WA Metro Area",129904,115072,102537,12535,9732,1647,1156,2631,2443,0,169,19,0,917,2345,1642,7297,36500,2019
"Omaha-Council Bluffs, NE-IA Metro Area",481819,443433,403925,39508,30866,4745,3897,4161,3988,41,31,78,23,858,8315,4865,20187,36540,2019
"Oxford, MS Micro Area",24559,22678,20163,2515,1900,332,283,183,183,0,0,0,0,254,532,101,811,37060,2019
"Oxnard-Thousand Oaks-Ventura, CA Metro Area",407902,366144,321004,45140,32340,7840,4960,4582,3359,179,967,18,59,2033,7105,3574,24464,37100,2019
"Ozark, AL Micro Area",20189,18851,17444,1407,1243,88,76,7,7,0,0,0,0,27,631,228,445,37120,2019
"Paducah, KY-IL Micro Area",41215,38537,35765,2772,2209,264,299,202,170,0,32,0,0,29,533,574,1340,37140,2019
"Pahrump, NV Micro Area",14521,12945,11136,1809,1193,282,334,102,102,0,0,0,0,30,573,255,616,37220,2019
"Palatka, FL Micro Area",25535,23508,20692,2816,2279,259,278,71,71,0,0,0,0,223,365,199,1169,37260,2019
"Palestine, TX Micro Area",18989,17899,15954,1945,1563,312,70,88,61,0,6,21,0,0,108,199,695,37300,2019
"Palm Bay-Melbourne-Titusville, FL Metro Area",249363,222892,203679,19213,15325,2146,1742,1338,1173,27,44,55,39,1914,2779,4613,15827,37340,2019
"Pampa, TX Micro Area",9206,8703,7539,1164,925,156,83,0,0,0,0,0,0,0,206,239,58,37420,2019
"Panama City, FL Metro Area",84130,77249,68460,8789,6976,1015,798,877,808,0,0,56,13,343,900,1351,3410,37460,2019
"Paragould, AR Micro Area",18088,17174,15092,2082,1759,213,110,18,18,0,0,0,0,0,323,206,367,37500,2019
"Paris, TN Micro Area",12336,11349,10310,1039,893,121,25,18,15,0,0,0,3,15,97,515,342,37540,2019
"Paris, TX Micro Area",21258,19496,17647,1849,1307,323,219,30,30,0,0,0,0,14,727,339,652,37580,2019
"Parkersburg-Vienna, WV Metro Area",37293,34457,30802,3655,3054,363,238,365,365,0,0,0,0,60,822,323,1266,37620,2019
"Parsons, KS Micro Area",9386,8646,7901,745,649,52,44,27,21,6,0,0,0,34,270,86,323,37660,2019
"Payson, AZ Micro Area",18221,16746,14623,2123,1703,238,182,30,30,0,0,0,0,0,319,173,953,37740,2019
"Pearsall, TX Micro Area",6523,6102,5663,439,120,76,243,0,0,0,0,0,0,0,82,30,309,37770,2019
"Pecos, TX Micro Area",5807,5483,4715,768,645,59,64,0,0,0,0,0,0,0,112,60,152,37780,2019
"Pella, IA Micro Area",16705,14686,13027,1659,1265,198,196,83,78,0,0,0,5,94,829,96,917,37800,2019
"Pensacola-Ferry Pass-Brent, FL Metro Area",219952,193669,170387,23282,18866,2877,1539,949,909,0,0,13,27,1077,4831,3015,16411,37860,2019
"Peoria, IL Metro Area",183209,168857,155527,13330,10788,1506,1036,1996,1968,0,15,0,13,517,3778,1556,6505,37900,2019
"Peru, IN Micro Area",15019,14204,12991,1213,953,161,99,29,22,0,7,0,0,81,182,220,303,37940,2019
"Philadelphia-Camden-Wilmington, PA-NJ-DE-MD Metro Area",2945223,2358757,2136151,222606,173427,28820,20359,279068,148393,56476,67828,5810,561,18882,105618,30676,152222,37980,2019
"Phoenix-Mesa-Chandler, AZ Metro Area",2195573,1914171,1670926,243245,186168,34884,22193,41056,36448,1281,539,2656,132,16566,33569,36937,153274,38060,2019
"Picayune, MS Micro Area",21134,19646,17052,2594,1824,502,268,1,1,0,0,0,0,5,345,382,755,38100,2019
"Pierre, SD Micro Area",11001,9954,9175,779,595,126,58,113,113,0,0,0,0,8,449,30,447,38180,2019
"Pine Bluff, AR Metro Area",31740,29588,27569,2019,1554,329,136,75,64,0,0,11,0,22,705,517,833,38220,2019
"Pinehurst-Southern Pines, NC Micro Area",42434,38026,34645,3381,2574,444,363,22,22,0,0,0,0,20,472,712,3182,38240,2019
"Pittsburg, KS Micro Area",18343,17123,15767,1356,1040,206,110,11,11,0,0,0,0,87,525,171,426,38260,2019
"Pittsburgh, PA Metro Area",1138648,965987,871741,94246,77667,10330,6249,64890,58358,2479,142,3797,114,3641,38274,9030,56826,38300,2019
"Pittsfield, MA Metro Area",62726,53315,47955,5360,4093,816,451,844,703,123,16,0,2,305,4033,536,3693,38340,2019
"Plainview, TX Micro Area",13882,13210,11847,1363,1018,189,156,57,57,0,0,0,0,0,172,28,415,38380,2019
"Platteville, WI Micro Area",25687,21854,20031,1823,1442,247,134,59,58,0,1,0,0,99,1474,395,1806,38420,2019
"Plattsburgh, NY Micro Area",34916,31789,28297,3492,2589,629,274,246,128,4,2,0,112,82,1254,607,938,38460,2019
"Plymouth, IN Micro Area",20733,18766,16426,2340,1814,224,302,105,77,0,0,28,0,424,479,257,702,38500,2019
"Pocatello, ID Metro Area",40143,35600,30837,4763,3230,861,672,401,389,0,0,12,0,349,1302,462,2029,38540,2019
"Point Pleasant, WV-OH Micro Area",21818,20438,19083,1355,1119,110,126,20,20,0,0,0,0,12,359,165,824,38580,2019
"Ponca City, OK Micro Area",18511,17262,15319,1943,1321,391,231,32,32,0,0,0,0,19,407,196,595,38620,2019
"Ponce, PR Metro Area",61231,57431,52460,4971,3757,764,450,170,41,0,0,129,0,225,1526,694,1185,38660,2019
"Pontiac, IL Micro Area",15732,14106,12832,1274,962,126,186,30,27,0,0,0,3,122,548,317,609,38700,2019
"Poplar Bluff, MO Micro Area",22250,20183,17741,2442,1887,338,217,239,239,0,0,0,0,86,440,261,1041,38740,2019
"Portales, NM Micro Area",8021,7059,6114,945,735,92,118,30,30,0,0,0,0,14,418,326,174,38780,2019
"Port Angeles, WA Micro Area",28466,24732,21788,2944,2168,485,291,307,262,37,0,0,8,126,956,353,1992,38820,2019
"Portland-South Portland, ME Metro Area",284995,246892,224363,22529,18623,2354,1552,2982,2405,61,220,21,275,1769,11732,2804,18816,38860,2019
"Portland-Vancouver-Hillsboro, OR-WA Metro Area",1234660,980290,867544,112746,89904,14156,8686,80563,58800,8031,2815,10768,149,26807,41385,13654,91961,38900,2019
"Port Lavaca, TX Micro Area",9405,8950,7795,1155,912,224,19,44,44,0,0,0,0,6,61,19,325,38920,2019
"Port St. Lucie, FL Metro Area",195596,175857,155925,19932,15164,2733,2035,679,613,0,55,11,0,1148,2494,3523,11895,38940,2019
"Portsmouth, OH Micro Area",27477,25736,24032,1704,1329,249,126,59,52,0,0,7,0,40,608,113,921,39020,2019
"Pottsville, PA Micro Area",61484,57291,51300,5991,4631,844,516,302,255,8,11,8,20,68,1599,514,1710,39060,2019
"Poughkeepsie-Newburgh-Middletown, NY Metro Area",319119,265814,239931,25883,19735,3458,2690,16872,6853,1299,8463,210,47,625,12186,4842,18780,39100,2019
"Prescott Valley-Prescott, AZ Metro Area",86002,74495,65474,9021,6876,1436,709,303,303,0,0,0,0,560,2507,1302,6835,39150,2019
"Price, UT Micro Area",8398,7655,6919,736,369,204,163,40,34,0,6,0,0,21,286,49,347,39220,2019
"Prineville, OR Micro Area",8777,8086,6968,1118,873,135,110,0,0,0,0,0,0,34,213,64,380,39260,2019
"Providence-Warwick, RI-MA Metro Area",801772,716381,647406,68975,53133,8963,6879,20928,11715,1398,7664,52,99,1817,25130,6604,30912,39300,2019
"Provo-Orem, UT Metro Area",281449,237791,205712,32079,24736,4080,3263,6195,2962,546,2394,267,26,2638,11527,3104,20194,39340,2019
"Pueblo, CO Metro Area",67418,63003,55611,7392,5139,1548,705,489,459,12,9,5,4,206,1390,465,1865,39380,2019
"Pullman, WA Micro Area",22214,16064,13618,2446,1933,314,199,1240,1240,0,0,0,0,218,3558,161,973,39420,2019
"Punta Gorda, FL Metro Area",60672,53080,48223,4857,3991,448,418,113,58,17,0,0,38,573,495,932,5479,39460,2019
"Quincy, IL-MO Micro Area",36501,33188,30058,3130,2492,457,181,211,178,4,3,0,26,89,849,289,1875,39500,2019
"Racine, WI Metro Area",93229,86173,78551,7622,6090,1099,433,1236,1112,0,103,0,21,139,1321,1138,3222,39540,2019
"Raleigh-Cary, NC Metro Area",680305,598626,542415,56211,42345,8200,5666,6068,5579,340,80,48,21,1534,7355,6284,60438,39580,2019
"Rapid City, SD Metro Area",69505,63265,57224,6041,4736,799,506,414,384,0,0,12,18,210,1387,562,3667,39660,2019
"Raymondville, TX Micro Area",7622,7002,6346,656,384,226,46,0,0,0,0,0,0,0,274,36,310,39700,2019
"Reading, PA Metro Area",201319,179304,161148,18156,13631,2311,2214,3121,2883,107,86,0,45,475,6642,3308,8469,39740,2019
"Red Bluff, CA Micro Area",24008,21877,19470,2407,1467,582,358,66,57,0,9,0,0,27,706,181,1151,39780,2019
"Redding, CA Metro Area",72331,64829,58933,5896,4344,1028,524,421,374,7,0,0,40,484,1531,808,4258,39820,2019
"Red Wing, MN Micro Area",23845,21223,19530,1693,1266,301,126,359,359,0,0,0,0,24,786,149,1304,39860,2019
"Reno, NV Metro Area",229889,204914,177418,27496,20365,4351,2780,4207,4166,19,7,6,9,1440,5877,2582,10869,39900,2019
"Rexburg, ID Micro Area",23172,19732,16832,2900,2446,274,180,159,159,0,0,0,0,192,1661,212,1216,39940,2019
"Richmond, IN Micro Area",29642,26740,24233,2507,1905,341,261,86,86,0,0,0,0,25,850,744,1197,39980,2019
"Rockford, IL Metro Area",155746,144763,129148,15615,11921,2261,1433,1512,1371,0,85,56,0,454,1814,1313,5890,40420,2019
"Rockingham, NC Micro Area",17588,16575,15265,1310,925,167,218,81,81,0,0,0,0,0,418,110,404,40460,2019
"Rockport, TX Micro Area",9531,8348,7360,988,862,102,24,19,19,0,0,0,0,30,180,84,870,40530,2019
"Rock Springs, WY Micro Area",21188,19207,16003,3204,2207,591,406,612,606,0,0,0,6,33,655,210,471,40540,2019
"Rocky Mount, NC Metro Area",63040,58168,52793,5375,3912,972,491,256,232,0,0,24,0,29,1023,1468,2096,40580,2019
"Rolla, MO Micro Area",18739,17086,14943,2143,1670,350,123,61,61,0,0,0,0,43,692,291,566,40620,2019
"Rome, GA Metro Area",41094,37223,33436,3787,2597,632,558,157,145,12,0,0,0,110,1329,455,1820,40660,2019
"Roseburg, OR Micro Area",42205,38149,33376,4773,3872,535,366,121,114,0,7,0,0,149,1089,315,2382,40700,2019
"Roswell, NM Micro Area",26631,24981,22267,2714,1876,322,516,284,280,4,0,0,0,23,472,280,591,40740,2019
"Ruidoso, NM Micro Area",7533,6482,5624,858,641,153,64,11,11,0,0,0,0,0,234,9,797,40760,2019
"Russellville, AR Micro Area",35259,32560,29107,3453,2607,524,322,165,132,0,17,0,16,53,710,389,1382,40780,2019
"Ruston, LA Micro Area",20784,19174,17498,1676,1057,328,291,0,0,0,0,0,0,7,577,149,877,40820,2019
"Rutland, VT Micro Area",29280,25961,23619,2342,1903,183,256,264,247,4,12,1,0,34,1316,220,1485,40860,2019
"Sacramento-Roseville-Folsom, CA Metro Area",1046390,901566,803296,98270,73735,14027,10508,24241,16438,1913,2559,3183,148,14831,18404,12834,74514,40900,2019
"Safford, AZ Micro Area",12848,11993,10094,1899,1144,244,511,22,22,0,0,0,0,9,221,83,520,40940,2019
"Saginaw, MI Metro Area",81392,75631,67649,7982,6438,910,634,367,333,0,0,23,11,421,1689,625,2659,40980,2019
"Richmond, VA Metro Area",633512,568035,513633,54402,42764,6965,4673,9905,9034,294,402,120,55,2914,10768,8286,33604,40060,2019
"Richmond-Berea, KY Micro Area",46186,41892,37071,4821,4078,540,203,75,75,0,0,0,0,68,1982,589,1580,40080,2019
"Rio Grande City-Roma, TX Micro Area",21143,18622,14875,3747,2796,554,397,58,58,0,0,0,0,0,854,97,1512,40100,2019
"Riverside-San Bernardino-Ontario, CA Metro Area",1913758,1730013,1510688,219325,160000,32404,26921,25171,16439,1095,7189,369,79,5119,27778,24973,100704,40140,2019
"Riverton, WY Micro Area",17093,14343,12724,1619,1227,310,82,192,192,0,0,0,0,335,688,327,1208,40180,2019
"Roanoke, VA Metro Area",147191,132298,122001,10297,7833,1275,1189,1981,1854,75,10,42,0,294,3030,1505,8083,40220,2019
"Roanoke Rapids, NC Micro Area",25685,24292,21452,2840,2311,394,135,21,21,0,0,0,0,14,400,224,734,40260,2019
"Rochelle, IL Micro Area",24628,22664,20066,2598,2017,436,145,124,75,7,0,0,42,11,338,245,1246,40300,2019
"Rochester, MN Metro Area",114520,98078,84867,13211,10476,1639,1096,4640,4638,0,0,0,2,674,4087,944,6097,40340,2019
"Rochester, NY Metro Area",513924,457683,416782,40901,33559,4136,3206,11007,10514,289,112,28,64,2100,16407,4314,22413,40380,2019
"St. Cloud, MN Metro Area",105224,93103,85154,7949,5866,1206,877,1512,1399,38,51,14,10,547,3918,877,5267,41060,2019
"St. George, UT Metro Area",67912,58815,52167,6648,4970,972,706,361,343,18,0,0,0,334,859,1038,6505,41100,2019
"St. Joseph, MO-KS Metro Area",57039,53130,47660,5470,4238,787,445,256,221,23,0,0,12,52,1070,720,1811,41140,2019
"St. Louis, MO-IL Metro Area",1378942,1243535,1145968,97567,76157,12454,8956,31472,26560,3383,804,691,34,2984,23066,11773,66112,41180,2019
"St. Marys, GA Micro Area",25204,22838,20987,1851,1531,175,145,43,43,0,0,0,0,65,1377,260,621,41220,2019
"St. Marys, PA Micro Area",15131,14240,12962,1278,995,260,23,54,54,0,0,0,0,43,389,38,367,41260,2019
"Salem, OH Micro Area",44198,41400,37834,3566,2727,586,253,145,145,0,0,0,0,0,879,429,1345,41400,2019
"Salem, OR Metro Area",187025,165463,144546,20917,15220,3418,2279,2851,2637,2,65,102,45,1031,5409,2276,9995,41420,2019
"Salina, KS Micro Area",30059,27382,24737,2645,2182,325,138,247,205,40,0,2,0,195,593,603,1039,41460,2019
"Salinas, CA Metro Area",189872,155684,136038,19646,14453,3082,2111,3006,2842,22,118,6,18,1076,5421,15871,8814,41500,2019
"Salisbury, MD-DE Metro Area",178366,160947,146933,14014,9983,2292,1739,1373,1205,119,42,0,7,460,3161,2007,10418,41540,2019
"Salt Lake City, UT Metro Area",613428,530658,462289,68369,52115,8584,7670,21838,12632,2013,3114,4038,41,4719,13164,5266,37783,41620,2019
"San Angelo, TX Metro Area",58346,52152,46594,5558,4173,981,404,125,72,53,0,0,0,161,2245,1191,2472,41660,2019
"San Antonio-New Braunfels, TX Metro Area",1141218,1029634,907110,122524,91026,19963,11535,22468,22083,125,7,108,145,1761,19431,14507,53417,41700,2019
"San Diego-Chula Vista-Carlsbad, CA Metro Area",1627544,1380466,1240027,140439,108790,19009,12640,48043,40488,560,3319,3450,226,10032,47774,27697,113532,41740,2019
"Sandpoint, ID Micro Area",17787,14948,13034,1914,1520,310,84,180,180,0,0,0,0,216,501,211,1731,41760,2019
"Sandusky, OH Micro Area",35413,33079,30253,2826,2323,279,224,404,367,0,0,36,1,23,451,489,967,41780,2019
"Sanford, NC Micro Area",26409,25107,21646,3461,2823,313,325,140,129,11,0,0,0,0,261,146,755,41820,2019
"San Francisco-Oakland-Berkeley, CA Metro Area",2373021,1591967,1365800,226167,160648,42056,23463,417810,181028,179264,35645,13398,8475,45243,111365,48944,157692,41860,2019
"San Germán, PR Metro Area",31486,28912,27654,1258,986,179,93,109,91,0,0,18,0,11,889,159,1406,41900,2019
"San Jose-Sunnyvale-Santa Clara, CA Metro Area",995229,851042,745233,105809,81041,14549,10219,43142,23518,2692,14564,2326,42,17241,21077,13160,49567,41940,2019
"San Juan-Bayamón-Caguas, PR Metro Area",685356,620199,562898,57301,44724,8382,4195,15482,6229,2811,60,6054,328,1261,19180,13553,15681,41980,2019
"Sayre, PA Micro Area",26361,23479,21315,2164,1678,388,98,50,50,0,0,0,0,69,1035,321,1407,42380,2019
"Scottsbluff, NE Micro Area",17779,16453,14595,1858,1506,206,146,23,23,0,0,0,0,38,298,110,857,42420,2019
"Scottsboro, AL Micro Area",19927,19001,17222,1779,1401,295,83,9,0,0,9,0,0,19,267,118,513,42460,2019
"Scottsburg, IN Micro Area",10078,9490,8554,936,734,150,52,0,0,0,0,0,0,123,112,77,276,42500,2019
"Scranton--Wilkes-Barre, PA Metro Area",259480,236209,208579,27630,21413,2573,3644,2525,2313,152,25,0,35,384,7296,2103,10963,42540,2019
"Searcy, AR Micro Area",32106,29902,26589,3313,2156,841,316,71,71,0,0,0,0,74,905,240,914,42620,2019
"Seattle-Tacoma-Bellevue, WA Metro Area",2005245,1554687,1354325,200362,152810,26226,21326,200482,174372,8103,10908,4852,2247,21850,80981,22633,124612,42660,2019
"Sebastian-Vero Beach, FL Metro Area",57577,51256,46336,4920,3273,1364,283,224,186,21,17,0,0,435,472,762,4428,42680,2019
"Sebring-Avon Park, FL Metro Area",32924,29577,26117,3460,2715,545,200,349,303,39,7,0,0,144,699,455,1700,42700,2019
"Sedalia, MO Micro Area",18339,16850,15300,1550,1104,287,159,57,57,0,0,0,0,18,238,241,935,42740,2019
"Selinsgrove, PA Micro Area",19747,17230,15487,1743,1335,176,232,23,23,0,0,0,0,224,850,118,1302,42780,2019
"Selma, AL Micro Area",14029,13385,12734,651,516,82,53,0,0,0,0,0,0,13,211,154,266,42820,2019
"Seneca, SC Micro Area",31411,29652,26382,3270,2319,545,406,185,179,0,0,0,6,0,314,194,1066,42860,2019
"Seneca Falls, NY Micro Area",14992,13469,12001,1468,1207,112,149,92,87,5,0,0,0,67,503,209,652,42900,2019
"Sevierville, TN Micro Area",45553,41589,35027,6562,5287,847,428,196,145,13,10,28,0,335,740,221,2472,42940,2019
"Seymour, IN Micro Area",20463,19184,16808,2376,1797,304,275,98,98,0,0,0,0,51,490,276,364,42980,2019
"San Luis Obispo-Paso Robles, CA Metro Area",130710,109505,95359,14146,10589,1858,1699,1752,1741,0,0,0,11,2655,6014,1112,9672,42020,2019
"Santa Cruz-Watsonville, CA Metro Area",132921,103999,91775,12224,9395,1768,1061,3997,3898,32,56,11,0,3953,6537,4035,10400,42100,2019
"Santa Fe, NM Metro Area",69747,60946,54822,6124,4760,908,456,727,632,45,50,0,0,308,1406,481,5879,42140,2019
"Santa Isabel, PR Micro Area",7623,7233,6939,294,210,12,72,14,0,0,0,14,0,10,199,0,167,42180,2019
"Santa Maria-Santa Barbara, CA Metro Area",209569,172144,142415,29729,20572,5082,4075,6277,6119,20,93,34,11,6734,9273,2025,13116,42200,2019
"Santa Rosa-Petaluma, CA Metro Area",249638,214381,186165,28216,20699,4133,3384,4526,3966,100,396,30,34,2395,6677,3131,18528,42220,2019
"Sault Ste. Marie, MI Micro Area",15271,13599,11643,1956,1604,249,103,49,45,3,0,0,1,48,767,227,581,42300,2019
"Savannah, GA Metro Area",184454,164583,146732,17851,14547,2165,1139,3479,3300,98,19,16,46,1434,4365,2829,7764,42340,2019
"Shawano, WI Micro Area",21208,18867,17322,1545,1235,216,94,75,72,3,0,0,0,36,547,178,1505,43020,2019
"Shawnee, OK Micro Area",29767,27387,25076,2311,1814,333,164,20,14,0,0,0,6,40,615,721,984,43060,2019
"Sheboygan, WI Metro Area",58620,53783,49358,4425,3325,721,379,197,185,0,4,0,8,447,1425,518,2250,43100,2019
"Shelby, NC Micro Area",39146,36975,33052,3923,3193,545,185,105,105,0,0,0,0,7,889,446,724,43140,2019
"Shelbyville, TN Micro Area",21611,20301,17143,3158,2156,634,368,35,25,0,0,10,0,0,209,311,755,43180,2019
"Shelton, WA Micro Area",24593,22064,18670,3394,2442,560,392,399,328,0,0,0,71,7,380,281,1462,43220,2019
"Sheridan, WY Micro Area",14985,13157,11803,1354,922,258,174,10,10,0,0,0,0,86,446,44,1242,43260,2019
"Sherman-Denison, TX Metro Area",59942,54631,47613,7018,5232,909,877,196,132,0,6,58,0,163,960,698,3294,43300,2019
"Show Low, AZ Micro Area",32824,27129,23939,3190,2659,261,270,442,442,0,0,0,0,141,1642,824,2646,43320,2019
"Shreveport-Bossier City, LA Metro Area",171037,160693,147184,13509,10682,1565,1262,1954,1937,0,0,0,17,305,2124,1441,4520,43340,2019
"Sidney, OH Micro Area",24734,23147,20951,2196,1983,130,83,21,19,2,0,0,0,123,394,141,908,43380,2019
"Sierra Vista-Douglas, AZ Metro Area",46499,41345,36683,4662,3306,702,654,311,311,0,0,0,0,206,1346,1139,2152,43420,2019
"Sikeston, MO Micro Area",16574,15773,13783,1990,1410,249,331,33,1,0,11,0,21,0,232,45,491,43460,2019
"Silver City, NM Micro Area",10077,9121,8298,823,603,186,34,103,103,0,0,0,0,74,197,31,551,43500,2019
"Sioux City, IA-NE-SD Metro Area",72133,66792,59233,7559,5721,1260,578,512,495,0,0,0,17,72,1616,344,2797,43580,2019
"Sioux Falls, SD Metro Area",140786,130085,118737,11348,8283,1750,1315,752,752,0,0,0,0,522,2895,817,5715,43620,2019
"Snyder, TX Micro Area",6793,6547,5669,878,690,59,129,0,0,0,0,0,0,76,73,47,50,43660,2019
"Somerset, KY Micro Area",25175,23957,22135,1822,1396,296,130,64,46,0,0,0,18,0,291,296,567,43700,2019
"Somerset, PA Micro Area",31529,28575,25774,2801,2160,349,292,29,10,3,0,0,16,22,825,364,1714,43740,2019
"Sonora, CA Micro Area",20071,17981,16644,1337,996,240,101,111,111,0,0,0,0,68,429,291,1191,43760,2019
"South Bend-Mishawaka, IN-MI Metro Area",149802,134797,121815,12982,10290,1574,1118,1644,1420,6,136,70,12,895,5233,1150,6083,43780,2019
"Spartanburg, SC Metro Area",138757,131108,117661,13447,10582,1899,966,502,407,40,40,0,15,177,1608,989,4373,43900,2019
"Spearfish, SD Micro Area",13315,11874,10232,1642,1263,237,142,30,30,0,0,0,0,28,699,55,629,43940,2019
"Spencer, IA Micro Area",7903,7035,6184,851,571,150,130,65,65,0,0,0,0,24,209,56,514,43980,2019
"Spirit Lake, IA Micro Area",9078,8105,7388,717,532,63,122,39,39,0,0,0,0,109,229,117,479,44020,2019
"Spokane-Spokane Valley, WA Metro Area",246510,214639,191207,23432,18997,2762,1673,6295,6276,0,3,0,16,1136,6848,2586,15006,44060,2019
"Springfield, IL Metro Area",99025,90327,82454,7873,6540,900,433,1336,1241,82,0,0,13,504,1650,976,4232,44100,2019
"Springfield, MA Metro Area",332243,288018,262329,25689,20591,2987,2111,7509,7212,144,144,0,9,1631,14742,3566,16777,44140,2019
"Springfield, MO Metro Area",212871,195810,175426,20384,16494,2244,1646,1507,1465,2,27,13,0,664,4063,1750,9077,44180,2019
"Springfield, OH Metro Area",60047,55216,49278,5938,4357,877,704,446,446,0,0,0,0,243,1457,396,2289,44220,2019
"Starkville, MS Micro Area",23835,22054,20143,1911,1427,422,62,127,127,0,0,0,0,31,505,343,775,44260,2019
"State College, PA Metro Area",75715,58673,51753,6920,5447,959,514,4342,4287,42,0,13,0,1311,6792,861,3736,44300,2019
"Statesboro, GA Micro Area",33599,30277,27048,3229,2445,562,222,384,384,0,0,0,0,343,749,332,1514,44340,2019
"Staunton, VA Metro Area",56766,52579,48192,4387,3404,675,308,286,274,3,0,0,9,42,1082,420,2357,44420,2019
"Steamboat Springs, CO Micro Area",14210,10930,9729,1201,685,373,143,358,336,22,0,0,0,628,740,54,1500,44460,2019
"Stephenville, TX Micro Area",19736,17997,16092,1905,1316,376,213,8,8,0,0,0,0,0,575,89,1067,44500,2019
"Sterling, CO Micro Area",10990,9862,8474,1388,879,300,209,76,76,0,0,0,0,31,355,82,584,44540,2019
"Sterling, IL Micro Area",25942,24224,21739,2485,1998,297,190,113,113,0,0,0,0,39,677,163,726,44580,2019
"Stevens Point, WI Micro Area",37104,32617,29802,2815,2211,443,161,188,183,4,1,0,0,453,2004,284,1558,44620,2019
"Stillwater, OK Micro Area",36428,32459,29036,3423,3033,197,193,277,264,0,0,0,13,458,1790,273,1171,44660,2019
"Stockton, CA Metro Area",303147,277817,238729,39088,27163,6897,5028,5055,2106,762,2033,154,0,1228,4164,2455,12428,44700,2019
"Storm Lake, IA Micro Area",10176,8650,7196,1454,1159,203,92,32,19,0,0,13,0,156,760,63,515,44740,2019
"Sturgis, MI Micro Area",27394,24979,20621,4358,3494,462,402,167,106,42,19,0,0,149,932,173,994,44780,2019
"Sulphur Springs, TX Micro Area",16125,15267,13694,1573,1092,351,130,46,44,0,2,0,0,30,121,84,577,44860,2019
"Summerville, GA Micro Area",8827,8465,7543,922,636,154,132,21,21,0,0,0,0,26,143,30,142,44900,2019
"Sumter, SC Metro Area",56653,53224,47563,5661,4200,643,818,153,152,0,0,0,1,147,1109,574,1446,44940,2019
"Sunbury, PA Micro Area",40846,37750,34053,3697,3000,422,275,80,79,0,1,0,0,81,1088,316,1531,44980,2019
"Susanville, CA Micro Area",8340,7552,6713,839,582,86,171,26,24,0,2,0,0,19,206,8,529,45000,2019
"Sweetwater, TX Micro Area",6159,5793,4924,869,493,166,210,0,0,0,0,0,0,0,144,125,97,45020,2019
"Syracuse, NY Metro Area",305311,269413,245154,24259,20195,2558,1506,6906,6769,90,9,38,0,917,11712,2779,13584,45060,2019
"Tahlequah, OK Micro Area",19404,17762,15498,2264,1443,482,339,46,46,0,0,0,0,53,548,167,828,45140,2019
"Talladega-Sylacauga, AL Micro Area",30439,28542,25405,3137,1903,863,371,70,70,0,0,0,0,32,571,458,766,45180,2019
"Tallahassee, FL Metro Area",178756,161538,145036,16502,13155,2299,1048,2596,2500,0,0,0,96,1035,3631,2240,7716,45220,2019
"Tampa-St. Petersburg-Clearwater, FL Metro Area",1419997,1244458,1120016,124442,96432,16048,11962,18206,17774,177,126,19,110,9155,20116,22507,105555,45300,2019
"Taos, NM Micro Area",13553,10961,9078,1883,1606,106,171,262,262,0,0,0,0,65,492,163,1610,45340,2019
"Taylorville, IL Micro Area",14508,13453,11913,1540,1242,158,140,76,76,0,0,0,0,30,363,88,498,45380,2019
"Terre Haute, IN Metro Area",81066,74837,66467,8370,6632,945,793,481,408,46,2,0,25,304,2447,725,2272,45460,2019
"Texarkana, TX-AR Metro Area",58890,55821,51357,4464,3560,487,417,252,252,0,0,0,0,52,571,682,1512,45500,2019
"The Dalles, OR Micro Area",11471,9896,8749,1147,931,95,121,29,29,0,0,0,0,52,517,116,861,45520,2019
"The Villages, FL Metro Area",24569,19811,18431,1380,1015,243,122,39,31,0,0,0,8,16,251,1744,2708,45540,2019
"Thomaston, GA Micro Area",10063,9723,8892,831,673,56,102,0,0,0,0,0,0,0,35,198,107,45580,2019
"Thomasville, GA Micro Area",19068,18140,15224,2916,1975,650,291,39,39,0,0,0,0,97,215,126,451,45620,2019
"Tiffin, OH Micro Area",26039,23822,21724,2098,1621,325,152,107,100,7,0,0,0,78,1091,382,559,45660,2019
"Tifton, GA Micro Area",18231,17444,15409,2035,1250,314,471,52,52,0,0,0,0,75,218,161,281,45700,2019
"Toccoa, GA Micro Area",10371,9606,8696,910,770,57,83,0,0,0,0,0,0,0,213,78,474,45740,2019
"Toledo, OH Metro Area",302645,278829,256204,22625,17929,2706,1990,3784,3683,22,0,20,59,936,7514,2766,8816,45780,2019
"Topeka, KS Metro Area",110625,102722,91264,11458,8680,1860,918,1005,989,0,0,0,16,134,1910,877,3977,45820,2019
"Torrington, CT Micro Area",95123,84820,79132,5688,4181,643,864,1345,353,398,534,60,0,157,2324,1114,5363,45860,2019
"Traverse City, MI Micro Area",71056,63198,56372,6826,5416,1013,397,760,721,5,6,0,28,460,1580,625,4433,45900,2019
"Trenton-Princeton, NJ Metro Area",176016,143642,124442,19200,13739,3027,2434,13357,3703,505,8953,196,0,720,7616,1782,8899,45940,2019
"Troy, AL Micro Area",13900,13127,11878,1249,1113,64,72,38,38,0,0,0,0,20,235,179,301,45980,2019
"Truckee-Grass Valley, CA Micro Area",42907,34464,31190,3274,2531,481,262,151,151,0,0,0,0,318,1199,922,5853,46020,2019
"Tucson, AZ Metro Area",442389,384105,339953,44152,32225,7236,4691,10109,9677,40,46,335,11,6583,10013,7515,24064,46060,2019
"Tullahoma-Manchester, TN Micro Area",45167,42247,38366,3881,3003,438,440,24,6,0,18,0,0,51,911,153,1781,46100,2019
"Tulsa, OK Metro Area",459388,424732,380533,44199,34707,5658,3834,2168,2054,10,44,20,40,888,5738,6781,19081,46140,2019
"Tupelo, MS Micro Area",70735,68005,61687,6318,4672,1060,586,41,41,0,0,0,0,25,435,798,1431,46180,2019
"Tuscaloosa, AL Metro Area",106708,100618,90994,9624,7648,1277,699,531,493,22,9,7,0,257,1159,516,3627,46220,2019
"Twin Falls, ID Metro Area",50265,45956,41005,4951,3925,820,206,158,141,0,17,0,0,123,1152,464,2412,46300,2019
"Tyler, TX Metro Area",100354,92652,83605,9047,6084,2008,955,360,360,0,0,0,0,450,915,1151,4826,46340,2019
"Ukiah, CA Micro Area",36446,30220,26446,3774,2720,538,516,108,108,0,0,0,0,235,2280,252,3351,46380,2019
"Union, SC Micro Area",11470,11005,9870,1135,810,204,121,11,11,0,0,0,0,8,119,113,214,46420,2019
"Union City, TN Micro Area",12615,11895,10964,931,738,115,78,27,11,16,0,0,0,0,235,126,332,46460,2019
"Urbana, OH Micro Area",17769,16816,14926,1890,1785,77,28,0,0,0,0,0,0,19,381,94,459,46500,2019
"Urban Honolulu, HI Metro Area",500034,394225,323443,70782,51165,12372,7245,40274,40089,114,21,36,14,4676,27287,13519,20053,46520,2019
"Utica-Rome, NY Metro Area",128193,115475,104857,10618,8102,1392,1124,1166,1080,56,4,10,16,122,4676,1112,5642,46540,2019
"Uvalde, TX Micro Area",11037,10403,8762,1641,1132,277,232,0,0,0,0,0,0,38,152,135,309,46620,2019
"Valdosta, GA Metro Area",61463,57367,51812,5555,4317,865,373,199,179,0,5,15,0,105,1435,805,1552,46660,2019
"Vallejo, CA Metro Area",205287,184262,157069,27193,17692,5542,3959,6552,2979,1250,736,13,1574,692,2437,2109,9235,46700,2019
"Van Wert, OH Micro Area",13490,12756,11826,930,699,134,97,28,28,0,0,0,0,0,214,223,269,46780,2019
"Vermillion, SD Micro Area",7323,5676,5083,593,438,115,40,65,65,0,0,0,0,142,926,23,491,46820,2019
"Vernal, UT Micro Area",14657,13583,11309,2274,1313,301,660,54,54,0,0,0,0,56,305,98,561,46860,2019
"Vernon, TX Micro Area",6089,5877,4803,1074,838,100,136,3,3,0,0,0,0,11,87,46,65,46900,2019
"Vicksburg, MS Micro Area",19136,18393,16646,1747,1247,211,289,47,47,0,0,0,0,14,171,288,223,46980,2019
"Victoria, TX Metro Area",44669,41108,35551,5557,4219,793,545,439,439,0,0,0,0,141,732,267,1982,47020,2019
"Vidalia, GA Micro Area",13546,12859,11314,1545,1228,210,107,57,45,12,0,0,0,39,243,128,220,47080,2019
"Vincennes, IN Micro Area",17778,16575,15315,1260,981,195,84,66,66,0,0,0,0,105,432,262,338,47180,2019
"Vineland-Bridgeton, NJ Metro Area",60362,55679,48628,7051,5130,1109,812,960,872,24,28,19,17,134,1074,1044,1471,47220,2019
"Vineyard Haven, MA Micro Area",8372,6596,6158,438,368,46,24,96,62,5,12,6,11,203,292,141,1044,47240,2019
"Virginia Beach-Norfolk-Newport News, VA-NC Metro Area",880062,788826,715715,73111,57663,9433,6015,13431,12539,399,171,246,76,3395,28826,12282,33302,47260,2019
"Visalia, CA Metro Area",173640,160561,137084,23477,15043,3581,4853,1192,1147,0,20,25,0,660,2512,2368,6347,47300,2019
"Wabash, IN Micro Area",14341,13144,12359,785,608,69,108,100,100,0,0,0,0,0,625,90,382,47340,2019
"Waco, TX Metro Area",118971,110256,98428,11828,9019,1586,1223,472,430,42,0,0,0,255,2508,1227,4253,47380,2019
"Wahpeton, ND-MN Micro Area",11469,10258,9207,1051,772,156,123,29,27,0,0,0,2,20,384,107,671,47420,2019
"Walla Walla, WA Metro Area",26080,22024,18981,3043,2220,451,372,223,223,0,0,0,0,254,1878,231,1470,47460,2019
"Wapakoneta, OH Micro Area",23216,21731,20316,1415,1159,163,93,78,68,0,0,10,0,63,485,130,729,47540,2019
"Warner Robins, GA Metro Area",83056,78972,70655,8317,7039,840,438,215,207,8,0,0,0,229,848,972,1820,47580,2019
"Warren, PA Micro Area",17845,16304,14519,1785,1556,136,93,87,87,0,0,0,0,37,643,178,596,47620,2019
"Kingsport-Bristol, TN-VA Metro Area",125563,117495,107769,9726,7873,1382,471,273,235,17,0,21,0,138,1632,1624,4401,28700,2019
"Kingston, NY Metro Area",85533,71979,65653,6326,5316,509,501,2195,1095,561,532,0,7,233,3325,997,6804,28740,2019
"Kingsville, TX Micro Area",13417,12215,10630,1585,1213,240,132,0,0,0,0,0,0,0,800,184,218,28780,2019
"Kinston, NC Micro Area",22447,21302,18125,3177,2432,181,564,156,122,0,0,0,34,84,270,241,394,28820,2019
"Kirksville, MO Micro Area",12395,11274,9840,1434,944,249,241,30,27,0,0,0,3,37,370,97,587,28860,2019
"Klamath Falls, OR Micro Area",26196,23718,21441,2277,1736,303,238,150,135,0,0,0,15,92,545,244,1447,28900,2019
"Knoxville, TN Metro Area",392829,361683,330638,31045,24902,4230,1913,1985,1750,18,106,12,99,606,5412,2827,20316,28940,2019
"Kalamazoo-Portage, MI Metro Area",130681,117785,107826,9959,7961,1238,760,2221,2207,10,4,0,0,628,3889,930,5228,28020,2019
"Kalispell, MT Micro Area",47648,41305,38227,3078,2211,503,364,300,300,0,0,0,0,309,1314,566,3854,28060,2019
"Kankakee, IL Metro Area",50062,45206,40989,4217,3294,361,562,793,616,31,146,0,0,139,1121,1059,1744,28100,2019
"Kansas City, MO-KS Metro Area",1072695,981429,897400,84029,65428,10689,7912,9488,8986,77,46,255,124,1586,13367,8903,57922,28140,2019
"Kapaa, HI Micro Area",35697,31673,28107,3566,2507,565,494,219,216,0,3,0,0,103,670,347,2685,28180,2019
"Kearney, NE Micro Area",30259,27803,25158,2645,1823,392,430,58,58,0,0,0,0,191,857,312,1038,28260,2019
"Keene, NH Micro Area",39297,33441,30227,3214,2495,512,207,103,50,24,29,0,0,269,1238,508,3738,28300,2019
"Kendallville, IN Micro Area",22584,21112,18734,2378,1656,298,424,25,25,0,0,0,0,115,341,284,707,28340,2019
"Kennett, MO Micro Area",11375,10476,8920,1556,1075,313,168,34,20,0,0,14,0,81,314,91,379,28380,2019
"Kennewick-Richland, WA Metro Area",126231,116926,101864,15062,9451,1774,3837,826,825,1,0,0,0,327,1548,1166,5438,28420,2019
"Kerrville, TX Micro Area",21747,19914,17101,2813,2033,560,220,8,8,0,0,0,0,53,451,158,1163,28500,2019
"Ketchikan, AK Micro Area",7104,5886,4605,1281,990,182,109,273,182,0,0,0,91,13,537,204,191,28540,2019
"Key West, FL Micro Area",40537,30819,27891,2928,2375,453,100,398,236,11,32,0,119,2791,1910,2031,2588,28580,2019
"Kill Devil Hills, NC Micro Area",18016,15650,13882,1768,1413,88,267,9,9,0,0,0,0,184,421,254,1498,28620,2019
"Killeen-Temple, TX Metro Area",195807,178159,155889,22270,16559,3667,2044,824,715,14,32,38,25,426,6055,1905,8438,28660,2019
"Kokomo, IN Metro Area",36380,33861,30388,3473,2913,366,194,163,102,0,0,61,0,96,464,358,1438,29020,2019
"Laconia, NH Micro Area",30807,27608,24690,2918,2376,363,179,49,49,0,0,0,0,90,754,487,1819,29060,2019
"La Crosse-Onalaska, WI-MN Metro Area",71704,63387,57980,5407,4164,943,300,528,524,0,0,0,4,858,3143,768,3020,29100,2019
"Lafayette, LA Metro Area",217978,202682,184782,17900,13061,2937,1902,1079,1073,0,0,6,0,978,4222,2462,6555,29180,2019
"Lafayette-West Lafayette, IN Metro Area",110576,95503,84969,10534,8747,1199,588,2885,2856,0,17,12,0,1258,6680,900,3350,29200,2019
"La Grande, OR Micro Area",11333,9719,8607,1112,973,77,62,31,27,0,0,0,4,98,720,73,692,29260,2019
"LaGrange, GA-AL Micro Area",43406,41237,36572,4665,3602,806,257,54,54,0,0,0,0,0,510,777,828,29300,2019
"Lake Charles, LA Metro Area",91835,86400,78833,7567,5863,1225,479,388,386,0,0,2,0,240,1436,1154,2217,29340,2019
"Lake City, FL Micro Area",25974,24325,20904,3421,2848,466,107,23,9,14,0,0,0,139,198,257,1032,29380,2019
"Lake Havasu City-Kingman, AZ Metro Area",71243,65011,56329,8682,6952,1204,526,704,676,0,0,0,28,112,751,1466,3199,29420,2019
"Lakeland-Winter Haven, FL Metro Area",281139,260788,234448,26340,20398,3681,2261,1476,1428,35,7,6,0,1002,2703,3815,11355,29460,2019
"Lamesa, TX Micro Area",4299,3968,3302,666,532,60,74,0,0,0,0,0,0,0,104,44,183,29500,2019
"Lancaster, PA Metro Area",267221,235043,208063,26980,17563,4205,5212,3177,2365,24,773,0,15,1968,10538,2942,13553,29540,2019
"Lansing-East Lansing, MI Metro Area",260984,231426,207970,23456,18715,2773,1968,5896,5876,0,0,2,18,2463,8633,2077,10489,29620,2019
"Laramie, WY Micro Area",20741,16563,14725,1838,1345,382,111,284,284,0,0,0,0,873,2037,98,886,29660,2019
"Laredo, TX Metro Area",108124,100518,88263,12255,8864,1888,1503,1274,1189,5,67,13,0,97,1675,1517,3043,29700,2019
"Las Cruces, NM Metro Area",88174,80504,70923,9581,6147,2184,1250,391,381,10,0,0,0,672,1983,759,3865,29740,2019
"Las Vegas, NM Micro Area",10884,9127,7819,1308,1115,114,79,91,91,0,0,0,0,103,562,105,896,29780,2019
"Las Vegas-Henderson-Paradise, NV Metro Area",1018288,902254,802144,100110,77408,13100,9602,34323,33825,263,32,149,54,2675,14806,21929,42301,29820,2019
"Laurel, MS Micro Area",34318,32776,30040,2736,1951,369,416,37,37,0,0,0,0,0,553,624,328,29860,2019
"Laurinburg, NC Micro Area",11704,11289,10140,1149,870,168,111,27,27,0,0,0,0,25,147,63,153,29900,2019
"Lawrence, KS Metro Area",67000,57929,52083,5846,4409,764,673,1379,1369,10,0,0,0,587,3558,614,2933,29940,2019
"Lawrenceburg, TN Micro Area",16399,15188,13785,1403,1059,156,188,16,16,0,0,0,0,0,351,309,535,29980,2019
"Lawton, OK Metro Area",57581,48208,41786,6422,5119,693,610,684,684,0,0,0,0,81,1251,658,6699,30020,2019
"Lebanon, MO Micro Area",15395,14550,12689,1861,1516,164,181,0,0,0,0,0,0,0,195,192,458,30060,2019
"Lebanon, NH-VT Micro Area",108318,93988,83522,10466,8299,1430,737,947,873,60,12,2,0,597,5172,1429,6185,30100,2019
"Lebanon, PA Metro Area",67294,61339,55066,6273,4884,923,466,593,542,0,51,0,0,105,2341,441,2475,30140,2019
"Levelland, TX Micro Area",9991,9402,7566,1836,1285,269,282,10,10,0,0,0,0,11,206,92,270,30220,2019
"Lewisburg, PA Micro Area",17684,14696,13013,1683,1254,202,227,38,38,0,0,0,0,297,1338,114,1201,30260,2019
"Lewisburg, TN Micro Area",14474,13904,12859,1045,791,113,141,21,21,0,0,0,0,0,66,51,432,30280,2019
"Lewiston, ID-WA Metro Area",28398,25365,23109,2256,1709,287,260,87,83,4,0,0,0,136,841,358,1611,30300,2019
"Lewiston-Auburn, ME Metro Area",53112,48165,42130,6035,4320,1098,617,80,80,0,0,0,0,167,1895,457,2348,30340,2019
"Lewistown, PA Micro Area",21106,19354,16825,2529,1589,200,740,9,9,0,0,0,0,0,506,328,909,30380,2019
"Lexington, NE Micro Area",12985,12225,10154,2071,1229,529,313,38,36,2,0,0,0,7,259,72,384,30420,2019
"Lexington-Fayette, KY Metro Area",253618,226290,202726,23564,19223,2805,1536,3333,3257,40,0,0,36,1097,7962,3345,11591,30460,2019
"Liberal, KS Micro Area",10768,9955,7714,2241,1377,437,427,30,7,0,0,23,0,20,294,125,344,30580,2019
"Lima, OH Metro Area",47375,44303,40709,3594,3139,352,103,325,321,4,0,0,0,24,724,670,1329,30620,2019
"Lincoln, IL Micro Area",12211,11094,9806,1288,903,149,236,52,52,0,0,0,0,77,359,30,599,30660,2019
"Lincoln, NE Metro Area",179003,161521,145574,15947,12303,2385,1259,2048,1991,24,0,10,23,1909,5896,1092,6537,30700,2019
"Little Rock-North Little Rock-Conway, AR Metro Area",343281,320504,287893,32611,24774,4615,3222,1744,1625,62,4,42,11,524,4584,3883,12042,30780,2019
"Lock Haven, PA Micro Area",17492,15605,13687,1918,1432,253,233,37,34,0,0,3,0,34,931,332,553,30820,2019
"Logan, UT-ID Metro Area",65851,56512,48932,7580,5282,1236,1062,1362,1317,5,28,12,0,955,2343,636,4043,30860,2019
"Logansport, IN Micro Area",17396,16532,14545,1987,1540,298,149,84,84,0,0,0,0,19,231,162,368,30900,2019
"London, KY Micro Area",51160,48325,43109,5216,4150,684,382,42,42,0,0,0,0,24,957,302,1510,30940,2019
"Longview, TX Metro Area",119782,112232,101234,10998,8205,1814,979,104,96,0,0,0,8,49,1928,1156,4313,30980,2019
"Longview, WA Metro Area",43638,40079,35770,4309,3104,799,406,96,96,0,0,0,0,227,885,283,2068,31020,2019
"Los Alamos, NM Micro Area",9666,8237,7549,688,630,14,44,332,324,0,0,0,8,255,345,144,353,31060,2019
"Los Angeles-Long Beach-Anaheim, CA Metro Area",6373454,5390117,4783853,606264,459950,85245,61069,309975,258556,28589,17075,4707,1048,47612,159110,98219,368421,31080,2019
"Louisville/Jefferson County, KY-IN Metro Area",610468,552511,500706,51805,41683,6325,3797,11195,11035,2,16,71,71,1339,9757,7837,27829,31140,2019
"Lubbock, TX Metro Area",152661,141697,122232,19465,15662,2472,1331,1215,1164,0,0,27,24,540,3196,1286,4727,31180,2019
"Ludington, MI Micro Area",12626,11777,10259,1518,1251,151,116,15,15,0,0,0,0,5,316,109,404,31220,2019
"Lufkin, TX Micro Area",35888,33736,28876,4860,3661,699,500,99,99,0,0,0,0,19,676,321,1037,31260,2019
"Lumberton, NC Micro Area",47986,46304,41706,4598,2914,646,1038,110,98,0,0,7,5,12,362,435,763,31300,2019
"Lynchburg, VA Metro Area",119561,108471,97499,10972,9047,1387,538,1133,1082,8,12,0,31,154,2746,1866,5191,31340,2019
"Macomb, IL Micro Area",13223,11326,10033,1293,1042,224,27,183,183,0,0,0,0,58,984,164,508,31380,2019
"Macon-Bibb County, GA Metro Area",92777,86433,77807,8626,6493,1111,1022,724,698,18,8,0,0,77,1681,1045,2817,31420,2019
"Madera, CA Metro Area",54942,49655,42077,7578,5066,1208,1304,264,209,8,0,9,38,128,934,1957,2004,31460,2019
"Madison, IN Micro Area",14161,12896,11857,1039,800,172,67,17,15,0,2,0,0,0,505,156,587,31500,2019
"Madison, WI Metro Area",366510,302569,275055,27514,22299,2999,2216,15646,15456,57,87,18,28,8118,18161,3370,18646,31540,2019
"Madisonville, KY Micro Area",18548,17626,16612,1014,731,105,178,58,58,0,0,0,0,0,209,266,389,31580,2019
"Magnolia, AR Micro Area",8826,8137,7491,646,528,68,50,12,12,0,0,0,0,21,547,15,94,31620,2019
"Malone, NY Micro Area",18859,16704,14829,1875,1494,236,145,170,158,2,0,3,7,45,731,161,1048,31660,2019
"Malvern, AR Micro Area",12983,12345,10807,1538,1228,148,162,26,26,0,0,0,0,0,344,45,223,31680,2019
"Manchester-Nashua, NH Metro Area",222739,199307,181344,17963,13902,2511,1550,2263,1787,55,284,91,46,324,4658,1889,14298,31700,2019
"Manhattan, KS Metro Area",70275,60665,53620,7045,5494,917,634,210,210,0,0,0,0,890,4508,711,3291,31740,2019
"Manitowoc, WI Micro Area",40183,36661,33968,2693,1994,396,303,229,204,0,18,0,7,293,882,346,1772,31820,2019
"Mankato, MN Metro Area",55440,47950,43989,3961,2870,613,478,778,735,2,2,9,30,302,1855,403,4152,31860,2019
"Mansfield, OH Metro Area",51512,48225,43717,4508,3465,562,481,485,457,28,0,0,0,130,681,338,1653,31900,2019
"Marietta, OH Micro Area",26670,24269,22070,2199,1905,172,122,138,128,0,0,0,10,103,1016,88,1056,31930,2019
"Marinette, WI-MI Micro Area",28996,26716,24003,2713,2259,250,204,66,64,0,0,2,0,137,741,340,996,31940,2019
"Marion, IN Micro Area",28501,24644,22278,2366,1933,181,252,53,53,0,0,0,0,52,1956,356,1440,31980,2019
"McAllen-Edinburg-Mission, TX Metro Area",321731,285092,257310,27782,19135,5738,2909,1137,919,0,65,153,0,420,3409,13044,18629,32580,2019
"McComb, MS Micro Area",13771,13177,11939,1238,1000,140,98,47,47,0,0,0,0,4,131,230,182,32620,2019
"McMinnville, TN Micro Area",16937,16136,14676,1460,1065,245,150,3,3,0,0,0,0,2,223,59,514,32660,2019
"McPherson, KS Micro Area",14548,13119,12104,1015,694,237,84,10,10,0,0,0,0,42,706,166,505,32700,2019
"Meadville, PA Micro Area",37750,33247,29273,3974,2856,498,620,182,175,0,0,7,0,114,2148,394,1665,32740,2019
"Medford, OR Metro Area",93137,80174,71135,9039,7156,1204,679,958,935,9,0,0,14,1153,2600,796,7456,32780,2019
"Memphis, TN-MS-AR Metro Area",613085,574793,518612,56181,44071,7299,4811,4688,4372,95,97,96,28,611,6196,6635,20162,32820,2019
"Menomonie, WI Micro Area",22977,19683,18132,1551,1306,136,109,24,24,0,0,0,0,265,1472,150,1383,32860,2019
"Merced, CA Metro Area",100895,89287,79793,9494,6068,1743,1683,1177,1077,45,31,24,0,463,2378,4025,3565,32900,2019
"Meridian, MS Micro Area",41200,38686,34486,4200,3139,545,516,8,8,0,0,0,0,21,849,1039,597,32940,2019
"Marion, NC Micro Area",18248,17319,15344,1975,1744,200,31,6,6,0,0,0,0,0,137,125,661,32000,2019
"Marion, OH Micro Area",26011,24252,21294,2958,2343,433,182,258,245,0,0,13,0,29,349,271,852,32020,2019
"Marquette, MI Micro Area",29906,26567,23885,2682,1866,616,200,132,132,0,0,0,0,279,1699,195,1034,32100,2019
"Marshall, MN Micro Area",13241,11707,10489,1218,947,157,114,51,51,0,0,0,0,101,527,121,734,32140,2019
"Marshall, MO Micro Area",10300,9324,8033,1291,1038,110,143,7,7,0,0,0,0,15,261,128,565,32180,2019
"Marshalltown, IA Micro Area",18572,17190,14205,2985,2429,333,223,21,21,0,0,0,0,110,447,147,657,32260,2019
"Martin, TN Micro Area",14158,12747,11779,968,781,145,42,29,22,0,0,7,0,52,476,567,287,32280,2019
"Martinsville, VA Micro Area",24623,23311,20818,2493,2040,319,134,204,171,0,0,0,33,0,114,371,623,32300,2019
"Maryville, MO Micro Area",10922,9839,8834,1005,795,117,93,7,7,0,0,0,0,59,487,61,469,32340,2019
"Mason City, IA Micro Area",25745,23011,21117,1894,1473,284,137,117,117,0,0,0,0,162,751,338,1366,32380,2019
"Mayagüez, PR Metro Area",25064,23537,21380,2157,1659,188,310,294,90,53,0,151,0,68,681,107,377,32420,2019
"Mayfield, KY Micro Area",15422,14719,13809,910,721,106,83,46,46,0,0,0,0,0,113,227,317,32460,2019
"Maysville, KY Micro Area",7204,6690,5979,711,355,66,290,23,23,0,0,0,0,9,127,37,318,32500,2019
"McAlester, OK Micro Area",17079,15802,13979,1823,1392,261,170,16,16,0,0,0,0,23,444,147,647,32540,2019
"Mexico, MO Micro Area",10744,9732,8762,970,685,112,173,0,0,0,0,0,0,6,295,175,536,33020,2019
"Miami, OK Micro Area",12595,11960,10925,1035,825,146,64,39,35,2,2,0,0,16,223,119,238,33060,2019
"Miami-Fort Lauderdale-Pompano Beach, FL Metro Area",2910343,2531846,2266104,265742,198408,41948,25386,96485,81307,8835,4917,1197,229,16869,46121,52043,166979,33100,2019
"Michigan City-La Porte, IN Metro Area",46739,43000,38694,4306,3065,869,372,515,282,41,192,0,0,193,954,383,1694,33140,2019
"Middlesborough, KY Micro Area",7364,6890,5831,1059,838,183,38,20,20,0,0,0,0,11,179,97,167,33180,2019
"Midland, MI Metro Area",37576,34965,32122,2843,2221,444,178,335,323,0,12,0,0,69,473,268,1466,33220,2019
"Midland, TX Metro Area",86965,82229,73768,8461,6259,1235,967,131,131,0,0,0,0,101,942,731,2831,33260,2019
"Milledgeville, GA Micro Area",19727,18544,17099,1445,1109,187,149,127,119,8,0,0,0,25,411,263,357,33300,2019
"Milwaukee-Waukesha, WI Metro Area",785023,696296,635362,60934,48845,6741,5348,25273,24595,104,485,47,42,3719,20404,5726,33605,33340,2019
"Minden, LA Micro Area",14446,13505,12748,757,563,149,45,54,54,0,0,0,0,18,116,121,632,33380,2019
"Mineral Wells, TX Micro Area",11553,10280,9022,1258,991,93,174,39,25,0,0,14,0,79,215,232,708,33420,2019
"Minneapolis-St. Paul-Bloomington, MN-WI Metro Area",1921266,1643456,1488717,154739,119790,19420,15529,88940,77981,3903,3033,3807,216,16165,43250,17502,111953,33460,2019
"Minot, ND Micro Area",42630,39651,35396,4255,3204,542,509,196,172,19,0,5,0,36,909,300,1538,33500,2019
"Missoula, MT Metro Area",63604,52443,46446,5997,4120,1307,570,1302,1266,0,8,0,28,2648,3244,692,3275,33540,2019
"Mitchell, SD Micro Area",12092,10802,10164,638,341,180,117,188,188,0,0,0,0,17,342,236,507,33580,2019
"Moberly, MO Micro Area",10289,9732,8856,876,680,103,93,37,37,0,0,0,0,6,127,95,292,33620,2019
"Mobile, AL Metro Area",178065,165834,153043,12791,9828,1582,1381,767,726,22,19,0,0,200,1910,1802,7552,33660,2019
"Modesto, CA Metro Area",221055,203005,180751,22254,15975,3888,2391,1854,1566,118,102,27,41,601,2681,2418,10496,33700,2019
"Monroe, LA Metro Area",80539,76111,68622,7489,5680,1108,701,760,752,0,8,0,0,267,870,672,1859,33740,2019
"Monroe, MI Metro Area",68933,64721,59513,5208,4055,593,560,163,163,0,0,0,0,145,787,557,2560,33780,2019
"Montgomery, AL Metro Area",162166,152724,138396,14328,11416,1853,1059,662,657,5,0,0,0,107,2180,1150,5343,33860,2019
"Montrose, CO Micro Area",19568,17035,14959,2076,1325,482,269,61,50,0,0,0,11,87,653,170,1562,33940,2019
"Morehead City, NC Micro Area",30621,27895,25176,2719,2076,317,326,156,141,11,0,0,4,189,389,461,1531,33980,2019
"Mount Vernon, OH Micro Area",28111,24551,21789,2762,1958,384,420,202,202,0,0,0,0,94,1248,491,1525,34540,2019
"Mount Vernon-Anacortes, WA Metro Area",55983,49816,44266,5550,4174,650,726,491,359,0,0,66,66,294,1356,511,3515,34580,2019
"Muncie, IN Metro Area",51709,45124,40840,4284,3386,539,359,951,951,0,0,0,0,405,2729,758,1742,34620,2019
"Murray, KY Micro Area",17998,15589,13900,1689,1450,145,94,31,23,8,0,0,0,140,1306,173,759,34660,2019
"Muscatine, IA Micro Area",21051,19614,18188,1426,1163,209,54,128,128,0,0,0,0,69,309,79,852,34700,2019
"Muskegon, MI Metro Area",74646,70941,63052,7889,6213,951,725,339,336,0,3,0,0,251,795,313,2007,34740,2019
"Muskogee, OK Micro Area",26193,24188,21940,2248,1784,311,153,155,134,21,0,0,0,94,393,504,859,34780,2019
"Myrtle Beach-Conway-North Myrtle Beach, SC-NC Metro Area",196567,178412,160340,18072,13161,2944,1967,604,459,41,17,19,68,315,2884,2631,11721,34820,2019
"Nacogdoches, TX Micro Area",27223,25013,21541,3472,2643,452,377,58,53,0,0,0,5,85,1166,109,792,34860,2019
"Napa, CA Metro Area",69238,59596,52449,7147,4748,1373,1026,1201,728,37,5,5,426,791,2749,820,4081,34900,2019
"Naples-Marco Island, FL Metro Area",154198,134882,115828,19054,13377,2825,2852,2415,2343,64,8,0,0,1407,2072,2191,11231,34940,2019
"Nashville-Davidson--Murfreesboro--Franklin, TN Metro Area",959479,864859,774979,89880,68049,13740,8091,9622,8487,64,824,212,35,1172,12674,10682,60470,34980,2019
"Morgan City, LA Micro Area",18902,17813,16088,1725,1273,255,197,16,16,0,0,0,0,22,309,280,462,34020,2019
"Morgantown, WV Metro Area",63228,54751,48685,6066,5128,574,364,1387,1259,100,7,21,0,195,3528,390,2977,34060,2019
"Morristown, TN Metro Area",58843,55083,48334,6749,5334,1065,350,148,127,0,9,0,12,59,567,576,2410,34100,2019
"Moscow, ID Micro Area",19659,15160,12954,2206,1785,149,272,230,227,3,0,0,0,600,2675,185,809,34140,2019
"Moses Lake, WA Micro Area",40176,35360,29579,5781,4459,708,614,260,255,0,0,0,5,106,1312,704,2434,34180,2019
"Moultrie, GA Micro Area",18245,16989,14447,2542,1729,273,540,265,204,8,53,0,0,11,212,337,431,34220,2019
"Mountain Home, AR Micro Area",15791,14779,13276,1503,1201,131,171,1,1,0,0,0,0,0,415,67,529,34260,2019
"Mountain Home, ID Micro Area",11942,10954,9457,1497,1064,266,167,43,11,32,0,0,0,18,222,216,489,34300,2019
"Mount Airy, NC Micro Area",30747,29374,26563,2811,1781,625,405,86,78,0,0,0,8,15,283,250,739,34340,2019
"Mount Gay-Shamrock, WV Micro Area",9471,9019,8021,998,803,145,50,29,29,0,0,0,0,0,245,3,175,34350,2019
"Mount Pleasant, MI Micro Area",32653,28268,25511,2757,2245,256,256,328,328,0,0,0,0,338,2077,306,1336,34380,2019
"Mount Pleasant, TX Micro Area",19618,18667,16325,2342,1810,354,178,54,54,0,0,0,0,0,106,371,420,34420,2019
"Mount Sterling, KY Micro Area",18469,17646,15235,2411,1902,334,175,0,0,0,0,0,0,0,143,107,573,34460,2019
"Mount Vernon, IL Micro Area",15713,14446,12864,1582,1253,184,145,119,119,0,0,0,0,5,277,237,629,34500,2019
"Natchez, MS-LA Micro Area",16524,15647,14534,1113,830,214,69,106,106,0,0,0,0,21,98,308,344,35020,2019
"Natchitoches, LA Micro Area",11941,11324,9907,1417,1002,344,71,78,76,0,0,0,2,23,218,78,220,35060,2019
"New Bern, NC Metro Area",54729,50182,44220,5962,4091,1216,655,150,133,0,0,0,17,213,1186,830,2168,35100,2019
"Newberry, SC Micro Area",16616,15632,14486,1146,711,160,275,13,13,0,0,0,0,47,507,112,305,35140,2019
"New Castle, IN Micro Area",19581,18464,16629,1835,1513,219,103,11,11,0,0,0,0,47,192,130,737,35220,2019
"New Castle, PA Micro Area",38823,35941,31822,4119,3367,513,239,379,379,0,0,0,0,10,800,261,1432,35260,2019
"New Haven-Milford, CT Metro Area",422610,366374,330972,35402,29172,3542,2688,16090,11697,390,3833,153,17,2322,14151,3988,19685,35300,2019
"New Orleans-Metairie, LA Metro Area",583340,512742,455618,57124,42990,8604,5530,15084,13345,146,84,1353,156,6410,14679,8258,26167,35380,2019
"New Philadelphia-Dover, OH Micro Area",43409,40285,36629,3656,2553,399,704,50,50,0,0,0,0,538,575,651,1310,35420,2019
"Newport, OR Micro Area",18721,16081,13586,2495,2073,321,101,203,203,0,0,0,0,86,802,293,1256,35440,2019
"Newport, TN Micro Area",13801,13140,11672,1468,1315,153,0,1,0,0,0,1,0,0,87,253,320,35460,2019
"New Ulm, MN Micro Area",13500,11821,11080,741,433,196,112,45,45,0,0,0,0,76,464,37,1057,35580,2019
"New York-Newark-Jersey City, NY-NJ-PA Metro Area",9322339,5178794,4587095,591699,423003,86976,81720,2970634,701542,1863202,365579,15918,24393,63217,547593,144983,417118,35620,2019
"Niles, MI Metro Area",70292,64185,57634,6551,5465,799,287,502,378,11,103,3,7,312,1862,868,2563,35660,2019
"Nogales, AZ Micro Area",17041,15813,14491,1322,1036,108,178,134,134,0,0,0,0,20,177,308,589,35700,2019
"Norfolk, NE Micro Area",24717,22490,20118,2372,1790,344,238,135,122,0,0,13,0,117,573,262,1140,35740,2019
"North Platte, NE Micro Area",17926,16594,15318,1276,1071,102,103,106,98,0,7,0,1,24,495,102,605,35820,2019
"North Port-Sarasota-Bradenton, FL Metro Area",327159,288832,260456,28376,21479,4292,2605,2633,2469,59,26,43,36,2350,3308,3929,26107,35840,2019
"North Vernon, IN Micro Area",13685,13130,11605,1525,1279,94,152,42,42,0,0,0,0,0,184,54,275,35860,2019
"Warrensburg, MO Micro Area",26742,23947,21636,2311,1587,446,278,41,41,0,0,0,0,135,962,256,1401,47660,2019
"Warsaw, IN Micro Area",38910,35891,31105,4786,3874,559,353,86,79,0,7,0,0,293,715,295,1630,47700,2019
"Washington, IN Micro Area",14280,13012,10443,2569,1089,253,1227,31,31,0,0,0,0,227,402,239,369,47780,2019
"Washington, NC Micro Area",19213,17782,16702,1080,656,373,51,20,4,0,0,0,16,24,325,195,867,47820,2019
"Washington-Arlington-Alexandria, DC-VA-MD-WV Metro Area",3305065,2481670,2175181,306489,213730,55410,37349,442169,157173,257100,25665,2004,227,28607,110401,48583,193635,47900,2019
"Washington Court House, OH Micro Area",12435,11884,10830,1054,918,108,28,73,73,0,0,0,0,9,111,7,351,47920,2019
"North Wilkesboro, NC Micro Area",29088,27820,24644,3176,2356,290,530,42,42,0,0,0,0,0,171,169,886,35900,2019
"Norwalk, OH Micro Area",27054,25305,22795,2510,1873,401,236,92,84,0,0,0,8,197,688,141,631,35940,2019
"Norwich-New London, CT Metro Area",137099,122030,110273,11757,9815,857,1085,1982,1532,53,383,11,3,392,4102,1287,7306,35980,2019
"Oneonta, NY Micro Area",27257,22626,20404,2222,1816,200,206,472,409,30,33,0,0,77,2340,393,1349,36580,2019
"Ontario, OR-ID Micro Area",20529,18372,16421,1951,1388,217,346,25,25,0,0,0,0,113,914,135,970,36620,2019
"Waterloo-Cedar Falls, IA Metro Area",86713,77908,70288,7620,5844,1123,653,396,391,0,0,3,2,332,3449,662,3966,47940,2019
"Watertown, SD Micro Area",17933,16227,14899,1328,991,173,164,41,41,0,0,0,0,41,320,148,1156,47980,2019
"Watertown-Fort Atkinson, WI Micro Area",45365,41068,37086,3982,3261,394,327,70,53,3,5,2,7,147,1503,582,1995,48020,2019
"Watertown-Fort Drum, NY Metro Area",51958,44930,40570,4360,3339,676,345,257,253,2,0,0,2,137,2882,1030,2722,48060,2019
"Wauchula, FL Micro Area",9563,8718,7874,844,615,138,91,265,234,0,31,0,0,40,113,58,369,48100,2019
"Wausau-Weston, WI Metro Area",84362,76975,69538,7437,5706,1135,596,359,354,3,2,0,0,148,1969,717,4194,48140,2019
"Waycross, GA Micro Area",20500,19312,17508,1804,1379,188,237,90,55,35,0,0,0,33,325,181,559,48180,2019
"Weatherford, OK Micro Area",13728,12701,11448,1253,901,239,113,14,0,0,0,5,9,20,347,47,599,48220,2019
"Weirton-Steubenville, WV-OH Metro Area",50049,45612,42211,3401,2717,369,315,347,258,60,9,20,0,6,1857,305,1922,48260,2019
"Wenatchee, WA Metro Area",54121,46517,42574,3943,3094,570,279,563,563,0,0,0,0,218,1966,1749,3108,48300,2019
"West Plains, MO Micro Area",16210,15276,13598,1678,1452,126,100,64,64,0,0,0,0,16,152,171,531,48460,2019
"West Point, MS Micro Area",7012,6436,5997,439,353,19,67,0,0,0,0,0,0,93,33,57,393,48500,2019
"Wheeling, WV-OH Metro Area",60003,55908,52356,3552,2986,293,273,384,359,17,0,2,6,38,1677,312,1684,48540,2019
"Whitewater, WI Micro Area",52757,47264,42937,4327,3150,692,485,241,97,32,94,0,18,273,2119,346,2514,48580,2019
"Wichita, KS Metro Area",306512,284354,257546,26808,19764,4481,2563,1444,1326,15,18,33,52,1080,5209,3608,10817,48620,2019
"Wichita Falls, TX Metro Area",69529,59803,54151,5652,4323,687,642,363,287,0,14,7,55,67,5403,1159,2734,48660,2019
"Williamsport, PA Metro Area",52349,47907,42834,5073,3752,700,621,572,566,6,0,0,0,211,1615,438,1606,48700,2019
"Williston, ND Micro Area",18476,17237,15355,1882,1416,206,260,48,26,0,15,7,0,12,443,186,550,48780,2019
"Willmar, MN Micro Area",21666,19460,17696,1764,1174,252,338,292,292,0,0,0,0,129,499,272,1014,48820,2019
"Wilmington, NC Metro Area",135929,121078,110432,10646,8295,1297,1054,716,613,16,81,0,6,646,2275,1006,10208,48900,2019
"Wilmington, OH Micro Area",19115,17433,15945,1488,1082,277,129,77,67,0,0,0,10,67,551,284,703,48940,2019
"Wilson, NC Micro Area",34858,32424,29078,3346,2679,371,296,63,52,2,9,0,0,55,468,1072,776,48980,2019
"Winchester, VA-WV Metro Area",65381,59666,52577,7089,5904,597,588,259,246,0,13,0,0,52,1377,615,3412,49020,2019
"Winfield, KS Micro Area",15148,14105,12396,1709,1305,319,85,14,3,0,11,0,0,69,517,97,346,49060,2019
"Winnemucca, NV Micro Area",8377,6333,4972,1361,510,179,672,998,988,0,0,0,10,15,447,93,491,49080,2019
"Winona, MN Micro Area",27885,24028,21445,2583,2016,339,228,526,517,0,0,5,4,220,1657,103,1351,49100,2019
"Winston-Salem, NC Metro Area",299382,276762,250216,26546,20952,3464,2130,2273,2238,0,28,0,7,334,3971,2573,13469,49180,2019
"Wisconsin Rapids-Marshfield, WI Micro Area",35266,32453,29038,3415,2614,594,207,54,39,0,15,0,0,219,905,367,1268,49220,2019
"Woodward, OK Micro Area",11019,10233,9088,1145,666,284,195,0,0,0,0,0,0,17,273,77,419,49260,2019
"Wooster, OH Micro Area",54851,48471,43081,5390,3524,594,1272,136,78,0,0,29,29,501,2204,961,2578,49300,2019
"Worcester, MA-CT Metro Area",471026,415170,377952,37218,29195,4305,3718,8489,3785,998,3648,32,26,917,13286,7009,26155,49340,2019
"Worthington, MN Micro Area",10521,9543,7915,1628,1033,354,241,37,34,0,2,0,1,0,363,118,460,49380,2019
"Yakima, WA Metro Area",103557,96181,82905,13276,10130,1697,1449,488,475,9,0,0,4,308,1871,1111,3598,49420,2019
"Yankton, SD Micro Area",11254,10338,9355,983,680,260,43,111,111,0,0,0,0,70,187,61,487,49460,2019
"Yauco, PR Metro Area",21327,19631,18645,986,825,139,22,163,62,0,0,24,77,34,438,540,521,49500,2019
"York-Hanover, PA Metro Area",220550,205069,186425,18644,15743,1860,1041,1784,1626,42,104,12,0,578,3319,1531,8269,49620,2019
"Youngstown-Warren-Boardman, OH-PA Metro Area",236224,218128,200862,17266,12934,2032,2300,1783,1718,0,11,39,15,193,3866,3360,8894,49660,2019
"Yuba City, CA Metro Area",69212,63300,54832,8468,5569,1594,1305,573,556,0,17,0,0,223,1048,734,3334,49700,2019
"Yuma, AZ Metro Area",78082,71837,63817,8020,5514,1463,1043,1542,1480,0,39,23,0,254,1533,1023,1893,49740,2019
"Zanesville, OH Micro Area",37647,35304,32223,3081,2304,312,465,95,91,4,0,0,0,50,1168,274,756,49780,2019
"Zapata, TX Micro Area",4910,4519,3333,1186,817,112,257,0,0,0,0,0,0,0,180,7,204,49820,2019
"Opelousas, LA Micro Area",30439,28460,26220,2240,1737,314,189,61,32,29,0,0,0,15,598,334,971,36660,2019
"Orangeburg, SC Micro Area",34118,31866,29035,2831,1961,531,339,62,62,0,0,0,0,36,469,240,1445,36700,2019
"Orlando-Kissimmee-Sanford, FL Metro Area",1208128,1080586,962732,117854,91872,16012,9970,20474,18555,442,1198,239,40,4532,13194,18649,70693,36740,2019
"Fort Dodge, IA Micro Area",16515,14817,13297,1520,1023,329,168,92,53,0,0,20,19,44,678,138,746,22700,2019
"Fort Collins, CO Metro Area",179699,148903,134580,14323,10826,2234,1263,2832,2632,84,45,11,60,5515,4922,2085,15442,22660,2019
