metro_area,total_workers,car_truck_or_van,drove_alone,carpooled,public_transportation,bus,long_distance_train_or_commuter_rail,light_rail_streetcar_or_trolley,ferryboat,taxicab,motorcycle,bicycle,walked,other_means,worked_from_home,other_aggregate,worked_from_home_extended,metro_area_id,year
"Aberdeen, SD Micro Area",22588,19814,18219,1595,1111,367,117,44,44,0,0,0,0,95,978,223,1434,10100,2021
"Aberdeen, WA Micro Area",27760,23828,21379,2449,2130,197,122,257,257,0,0,0,0,177,1099,202,2197,10140,2021
"Abilene, TX Metro Area",81517,73310,64628,8682,6295,1209,1178,212,190,0,0,0,22,195,1505,719,5576,10180,2021
"Ada, OK Micro Area",17152,15819,14350,1469,1108,221,140,24,24,0,0,0,0,30,627,261,391,10220,2021
"Adrian, MI Micro Area",43240,38891,35938,2953,2203,451,299,110,99,0,0,0,11,81,1261,308,2589,10300,2021
"Aguadilla-Isabela, PR Metro Area",84621,77630,70430,7200,4826,1767,607,371,124,33,30,93,91,295,2568,601,3156,10380,2021
"Akron, OH Metro Area",344965,302417,277623,24794,19559,2927,2308,3527,3418,3,0,70,36,371,4831,2713,31106,10420,2021
"Alamogordo, NM Micro Area",25542,23496,20822,2674,2064,355,255,92,86,0,0,6,0,38,629,147,1140,10460,2021
"Albany, GA Metro Area",60986,55736,49098,6638,4829,1208,601,497,497,0,0,0,0,83,829,935,2906,10500,2021
"Albany-Lebanon, OR Metro Area",56020,49557,44437,5120,4063,626,431,148,130,4,14,0,0,213,1145,746,4211,10540,2021
"Albany-Schenectady-Troy, NY Metro Area",446555,371178,337252,33926,28143,3816,1967,13473,12625,268,308,117,155,1016,14081,3857,42950,10580,2021
"Albemarle, NC Micro Area",27708,25534,22888,2646,2034,391,221,20,20,0,0,0,0,0,312,171,1671,10620,2021
"Albert Lea, MN Micro Area",14600,13201,12026,1175,929,186,60,26,26,0,0,0,0,89,388,88,808,10660,2021
"Albertville, AL Micro Area",39839,37623,33734,3889,2733,753,403,155,155,0,0,0,0,3,167,154,1737,10700,2021
"Albuquerque, NM Metro Area",415780,358277,319356,38921,29485,5522,3914,4601,4008,0,527,7,59,2384,6965,4500,39053,10740,2021
"Alexander City, AL Micro Area",19742,18571,16414,2157,1669,314,174,40,40,0,0,0,0,0,211,138,782,10760,2021
"Alexandria, LA Metro Area",61339,54535,49662,4873,3764,669,440,1104,1104,0,0,0,0,91,1495,1942,2172,10780,2021
"Alexandria, MN Micro Area",19220,16792,15560,1232,862,278,92,30,25,0,0,0,5,111,351,140,1796,10820,2021
"Alice, TX Micro Area",18930,16992,15461,1531,1115,225,191,1,1,0,0,0,0,0,380,181,1376,10860,2021
"Allentown-Bethlehem-Easton, PA-NJ Metro Area",414905,358010,325345,32665,25488,4582,2595,5780,5090,279,342,9,60,622,9563,4930,36000,10900,2021
"Alma, MI Micro Area",16714,14995,13559,1436,1039,187,210,92,92,0,0,0,0,98,452,90,987,10940,2021
"Alpena, MI Micro Area",11823,10382,9717,665,578,79,8,89,89,0,0,0,0,119,255,206,772,10980,2021
"Altoona, PA Metro Area",55510,50182,45977,4205,3353,407,445,629,621,0,8,0,0,115,1602,392,2590,11020,2021
"Altus, OK Micro Area",11448,10791,9506,1285,972,231,82,1,1,0,0,0,0,29,117,147,363,11060,2021
"Amarillo, TX Metro Area",125038,115359,102779,12580,9356,1793,1431,263,263,0,0,0,0,258,1787,1351,6020,11100,2021
"Americus, GA Micro Area",13714,12569,10846,1723,1298,216,209,0,0,0,0,0,0,1,333,147,664,11140,2021
"Ames, IA Metro Area",63908,50845,46304,4541,3747,462,332,2551,2551,0,0,0,0,951,3543,390,5628,11180,2021
"Amsterdam, NY Micro Area",21231,18457,16741,1716,1447,198,71,53,38,15,0,0,0,67,604,678,1372,11220,2021
"Anchorage, AK Metro Area",194994,166025,143638,22387,16830,2959,2598,2576,2395,14,0,0,167,1474,4710,5742,14467,11260,2021
"Andrews, TX Micro Area",8677,8164,7019,1145,642,143,360,7,7,0,0,0,0,0,42,264,200,11380,2021
"Angola, IN Micro Area",16195,14860,13367,1493,1074,231,188,26,26,0,0,0,0,66,474,136,633,11420,2021
"Ann Arbor, MI Metro Area",186651,135575,123445,12130,10025,1335,770,7855,7644,158,3,50,0,2475,12830,1408,26508,11460,2021
"Anniston-Oxford, AL Metro Area",48508,45981,41197,4784,3769,544,471,299,249,0,0,50,0,0,523,242,1463,11500,2021
"Appleton, WI Metro Area",129606,114732,106761,7971,5897,1289,785,535,526,0,0,0,9,551,2822,1004,9962,11540,2021
"Arcadia, FL Micro Area",11857,10326,8205,2121,1215,660,246,105,105,0,0,0,0,145,268,101,912,11580,2021
"Ardmore, OK Micro Area",24865,23181,20380,2801,2313,403,85,87,87,0,0,0,0,28,334,395,840,11620,2021
"Arecibo, PR Metro Area",53099,49780,48218,1562,1246,171,145,273,233,0,0,25,15,0,496,171,2379,11640,2021
"Arkadelphia, AR Micro Area",9510,8535,7196,1339,778,395,166,46,46,0,0,0,0,10,496,49,374,11660,2021
"Asheville, NC Metro Area",218741,187264,169875,17389,13320,2767,1302,1019,892,19,0,20,88,278,3789,2756,23635,11700,2021
"Ashland, OH Micro Area",24835,21964,20329,1635,1232,234,169,101,70,31,0,0,0,123,841,517,1289,11740,2021
"Ashtabula, OH Micro Area",40044,37114,33334,3780,2753,535,492,119,119,0,0,0,0,24,759,684,1344,11780,2021
"Astoria, OR Micro Area",18519,14950,13443,1507,1257,137,113,191,191,0,0,0,0,139,1465,247,1527,11820,2021
"Atchison, KS Micro Area",7773,6906,6340,566,471,73,22,0,0,0,0,0,0,0,343,36,488,11860,2021
"Athens, OH Micro Area",28023,21430,19553,1877,1619,144,114,265,245,0,0,0,20,344,3572,112,2300,11900,2021
"Athens, TN Micro Area",22031,20791,19102,1689,1219,390,80,0,0,0,0,0,0,0,201,60,979,11940,2021
"Athens, TX Micro Area",31293,28415,25440,2975,2462,339,174,105,16,0,0,89,0,0,401,185,2187,11980,2021
"Athens-Clarke County, GA Metro Area",100695,83728,75659,8069,6011,1592,466,1643,1633,10,0,0,0,849,3388,1166,9921,12020,2021
"Atlanta-Sandy Springs-Alpharetta, GA Metro Area",2950242,2400859,2143673,257186,187800,42684,26702,70581,44935,20985,3004,1177,480,4512,34586,49595,390109,12060,2021
"Atlantic City-Hammonton, NJ Metro Area",126406,106628,94972,11656,8595,1555,1506,5262,4789,76,183,199,15,485,4470,2203,7358,12100,2021
"Atmore, AL Micro Area",12713,12432,11548,884,625,186,73,48,48,0,0,0,0,12,93,33,95,12120,2021
"Auburn, IN Micro Area",20807,19557,17685,1872,1563,210,99,17,17,0,0,0,0,39,210,164,820,12140,2021
"Auburn, NY Micro Area",34036,29962,27882,2080,1892,107,81,264,261,3,0,0,0,45,1200,655,1910,12180,2021
"Auburn-Opelika, AL Metro Area",78310,71171,64531,6640,5684,697,259,481,465,0,0,0,16,167,1868,490,4133,12220,2021
"Augusta-Richmond County, GA-SC Metro Area",269362,243208,220134,23074,17268,3399,2407,1594,1427,0,69,0,98,322,3206,4642,16390,12260,2021
"Augusta-Waterville, ME Micro Area",59719,51551,46153,5398,4342,476,580,73,64,0,0,0,9,53,1918,474,5650,12300,2021
"Austin, MN Micro Area",19124,17183,15049,2134,1244,527,363,265,265,0,0,0,0,53,563,165,895,12380,2021
"Austin-Round Rock-Georgetown, TX Metro Area",1190031,929757,829786,99971,75389,14870,9712,17425,15451,566,973,231,204,6729,21815,14774,199531,12420,2021
"Bainbridge, GA Micro Area",11262,10765,9434,1331,1132,142,57,7,7,0,0,0,0,0,102,186,202,12460,2021
"Bakersfield, CA Metro Area",346503,317712,276101,41611,26933,7424,7254,1960,1924,2,0,2,32,800,3239,3935,18857,12540,2021
"Baltimore-Columbia-Towson, MD Metro Area",1419476,1133575,1029007,104568,82347,12982,9239,70728,48470,10231,10292,1403,332,3538,32463,19610,159562,12580,2021
"Bangor, ME Metro Area",72290,62188,56218,5970,4678,768,524,235,223,12,0,0,0,226,2647,929,6065,12620,2021
"Baraboo, WI Micro Area",33882,30239,27286,2953,2126,507,320,51,49,0,0,0,2,87,964,408,2133,12660,2021
"Bardstown, KY Micro Area",21958,20291,18724,1567,1131,179,257,7,7,0,0,0,0,0,242,351,1067,12680,2021
"Barnstable Town, MA Metro Area",110350,92140,83746,8394,6742,1139,513,1240,646,185,76,31,302,441,2474,1389,12666,12700,2021
"Barre, VT Micro Area",30973,24785,22195,2590,2102,370,118,304,261,38,0,0,5,117,1553,169,4045,12740,2021
"Bartlesville, OK Micro Area",22398,20680,18180,2500,1972,420,108,25,25,0,0,0,0,86,323,269,1015,12780,2021
"Batavia, NY Micro Area",28404,25211,23271,1940,1500,311,129,29,8,9,7,0,5,105,1202,487,1370,12860,2021
"Batesville, AR Micro Area",21935,20412,17967,2445,1872,401,172,39,39,0,0,0,0,39,418,288,739,12900,2021
"Baton Rouge, LA Metro Area",393895,361739,328568,33171,23667,5311,4193,3044,2865,52,0,31,96,1193,5433,3216,19270,12940,2021
"Battle Creek, MI Metro Area",58412,52089,47312,4777,3833,625,319,490,475,0,0,0,15,217,1668,619,3329,12980,2021
"Bay City, MI Metro Area",46827,42408,39447,2961,2376,310,275,251,251,0,0,0,0,463,738,271,2696,13020,2021
"Bay City, TX Micro Area",14502,13536,12253,1283,1018,212,53,0,0,0,0,0,0,120,105,149,592,13060,2021
"Beatrice, NE Micro Area",10726,9521,8650,871,640,174,57,0,0,0,0,0,0,19,441,53,692,13100,2021
"Beaumont-Port Arthur, TX Metro Area",164578,156550,143736,12814,9852,1476,1486,570,509,10,0,51,0,125,1500,1570,4263,13140,2021
"Beaver Dam, WI Micro Area",46568,41917,38217,3700,3043,395,262,38,31,0,0,0,7,65,1699,324,2525,13180,2021
"Beckley, WV Metro Area",41231,37956,34079,3877,3291,261,325,58,50,8,0,0,0,24,1019,483,1691,13220,2021
"Bedford, IN Micro Area",20838,19366,17311,2055,1713,95,247,11,11,0,0,0,0,0,417,150,894,13260,2021
"Beeville, TX Micro Area",9768,9162,8508,654,531,82,41,1,1,0,0,0,0,0,100,147,358,13300,2021
"Bellefontaine, OH Micro Area",20863,18841,17096,1745,1441,168,136,70,70,0,0,0,0,43,533,230,1146,13340,2021
"Bellingham, WA Metro Area",107741,88904,80302,8602,6902,885,815,2085,2033,28,6,0,18,2346,3622,1061,9723,13380,2021
"Bemidji, MN Micro Area",20669,17727,15822,1905,1418,328,159,281,266,0,0,0,15,59,796,200,1606,13420,2021
"Bend, OR Metro Area",93780,74351,66249,8102,6680,884,538,328,311,0,17,0,0,1877,1975,1168,14081,13460,2021
"Bennettsville, SC Micro Area",8495,8132,7414,718,590,84,44,18,18,0,0,0,0,17,45,89,194,13500,2021
"Bennington, VT Micro Area",17268,13836,12694,1142,889,181,72,48,19,21,8,0,0,39,842,274,2229,13540,2021
"Berlin, NH Micro Area",14243,12450,11084,1366,1125,86,155,23,15,8,0,0,0,15,228,492,1035,13620,2021
"Big Rapids, MI Micro Area",16465,14364,12860,1504,1214,140,150,53,53,0,0,0,0,9,868,264,907,13660,2021
"Big Spring, TX Micro Area",13965,13287,11339,1948,1471,401,76,1,1,0,0,0,0,9,162,173,333,13700,2021
"Big Stone Gap, VA Micro Area",13792,12571,11395,1176,786,283,107,143,143,0,0,0,0,0,320,40,718,13720,2021
"Billings, MT Metro Area",90423,80354,72513,7841,5914,1053,874,858,837,0,0,0,21,363,2277,650,5921,13740,2021
"Binghamton, NY Metro Area",106306,92580,83841,8739,6841,1023,875,2574,2330,234,0,0,10,422,3472,1088,6170,13780,2021
"Birmingham-Hoover, AL Metro Area",501842,451433,410523,40910,32207,5328,3375,2226,2137,10,9,70,0,479,5599,4066,38039,13820,2021
"Bismarck, ND Metro Area",69032,63108,57438,5670,4010,941,719,70,64,0,0,0,6,150,996,579,4129,13900,2021
"Blackfoot, ID Micro Area",20514,18486,15904,2582,1750,463,369,421,421,0,0,0,0,8,233,185,1181,13940,2021
"Blacksburg-Christiansburg, VA Metro Area",74458,63598,58350,5248,3922,765,561,1555,1484,20,0,0,51,597,2868,552,5288,13980,2021
"Bloomington, IL Metro Area",83927,70014,63507,6507,5174,829,504,691,629,17,14,0,31,306,3493,590,8833,14010,2021
"Bloomington, IN Metro Area",77078,61273,54429,6844,5063,1169,612,1638,1623,13,2,0,0,972,4463,578,8154,14020,2021
"Bloomsburg-Berwick, PA Metro Area",38592,33943,31263,2680,2140,278,262,132,128,0,0,0,4,50,1317,178,2972,14100,2021
"Bluefield, WV-VA Micro Area",39001,36567,33461,3106,2480,387,239,68,62,6,0,0,0,2,714,307,1343,14140,2021
"Bluffton, IN Micro Area",14093,13108,12088,1020,849,118,53,71,35,10,0,0,26,59,125,79,651,14160,2021
"Blytheville, AR Micro Area",16790,16257,13851,2406,1693,557,156,47,40,7,0,0,0,0,128,138,220,14180,2021
"Bogalusa, LA Micro Area",16339,14969,12969,2000,1619,199,182,58,58,0,0,0,0,14,251,692,355,14220,2021
"Boise City, ID Metro Area",362535,305844,277088,28756,21190,4645,2921,941,873,18,19,4,27,4113,6785,4801,40051,14260,2021
"Bonham, TX Micro Area",14568,12493,11236,1257,1003,207,47,2,2,0,0,0,0,10,273,208,1582,14300,2021
"Boone, NC Micro Area",25241,21085,18854,2231,1841,326,64,319,319,0,0,0,0,75,1333,87,2342,14380,2021
"Borger, TX Micro Area",8864,8377,7285,1092,757,165,170,87,62,0,25,0,0,20,104,26,250,14420,2021
"Boston-Cambridge-Newton, MA-NH Metro Area",2605200,1792584,1620840,171744,131980,23804,15960,280012,83699,142616,45974,4884,2839,24467,131480,37459,339198,14460,2021
"Boulder, CO Metro Area",174681,116511,105011,11500,8639,1695,1166,6989,6779,12,0,140,58,6282,6914,1655,36330,14500,2021
"Bowling Green, KY Metro Area",82292,75033,65876,9157,6676,1512,969,124,124,0,0,0,0,75,2442,1017,3601,14540,2021
"Bozeman, MT Micro Area",65584,51583,46116,5467,4066,651,750,279,273,0,0,0,6,1397,3595,643,8087,14580,2021
"Bradford, PA Micro Area",17176,15521,13594,1927,1543,229,155,127,127,0,0,0,0,3,749,58,718,14620,2021
"Brainerd, MN Micro Area",42801,37237,33070,4167,3232,540,395,184,158,0,3,2,21,162,1024,549,3645,14660,2021
"Branson, MO Micro Area",24945,22050,19118,2932,2244,569,119,61,54,0,0,0,7,42,408,197,2187,14700,2021
"Breckenridge, CO Micro Area",18851,13281,12216,1065,894,171,0,1659,1659,0,0,0,0,243,712,79,2877,14720,2021
"Bremerton-Silverdale-Port Orchard, WA Metro Area",129750,96412,85895,10517,8027,1395,1095,9590,3067,55,19,7,6442,726,6945,2438,13639,14740,2021
"Brenham, TX Micro Area",16034,13869,12097,1772,1328,320,124,0,0,0,0,0,0,10,483,478,1194,14780,2021
"Brevard, NC Micro Area",13697,12021,11094,927,783,58,86,28,28,0,0,0,0,110,287,46,1205,14820,2021
"Bridgeport-Stamford-Norwalk, CT Metro Area",475201,358142,318818,39324,29270,5828,4226,38236,7828,2144,27826,265,173,598,11849,6577,59799,14860,2021
"Brookhaven, MS Micro Area",13471,12759,12050,709,561,125,23,27,3,0,0,0,24,0,121,124,440,15020,2021
"Brookings, OR Micro Area",8352,6495,5877,618,519,59,40,29,4,12,0,0,13,65,343,41,1379,15060,2021
"Brookings, SD Micro Area",18600,15997,14330,1667,1291,250,126,96,96,0,0,0,0,157,587,126,1637,15100,2021
"Brownsville, TN Micro Area",7306,6800,6156,644,585,27,32,0,0,0,0,0,0,11,125,240,130,15140,2021
"Brownsville-Harlingen, TX Metro Area",163766,148066,133086,14980,10819,2927,1234,716,716,0,0,0,0,217,2624,1904,10239,15180,2021
"Brownwood, TX Micro Area",16596,15459,13634,1825,1524,223,78,54,54,0,0,0,0,91,281,108,603,15220,2021
"Brunswick, GA Metro Area",48665,44029,39352,4677,3460,732,485,206,155,40,0,0,11,171,514,868,2877,15260,2021
"Bucyrus-Galion, OH Micro Area",18722,17363,16112,1251,1118,38,95,43,29,0,14,0,0,12,305,292,707,15340,2021
"Buffalo-Cheektowaga, NY Metro Area",553271,475637,436370,39267,31440,4706,3121,15515,14104,932,58,307,114,1865,13813,5990,40451,15380,2021
"Burley, ID Micro Area",20553,18752,16700,2052,1842,106,104,52,52,0,0,0,0,27,281,345,1096,15420,2021
"Burlington, IA-IL Micro Area",21463,19621,17907,1714,1149,375,190,94,80,6,8,0,0,10,495,408,835,15460,2021
"Burlington, NC Metro Area",78029,72124,65959,6165,4652,778,735,121,121,0,0,0,0,10,542,450,4782,15500,2021
"Burlington-South Burlington, VT Metro Area",121273,94748,84098,10650,8665,1171,814,2085,2014,61,10,0,0,1940,7068,866,14566,15540,2021
"Butte-Silver Bow, MT Micro Area",15963,14105,12244,1861,1252,216,393,153,153,0,0,0,0,14,489,364,838,15580,2021
"Cadillac, MI Micro Area",20163,18199,15753,2446,1847,413,186,94,72,0,0,0,22,168,517,152,1033,15620,2021
"Calhoun, GA Micro Area",25441,23485,20756,2729,1508,840,381,33,33,0,0,0,0,124,197,221,1381,15660,2021
"California-Lexington Park, MD Metro Area",56640,48163,44557,3606,2488,878,240,722,607,69,46,0,0,202,1056,438,6059,15680,2021
"Cambridge, MD Micro Area",14596,13260,11761,1499,1219,205,75,89,72,8,9,0,0,39,139,96,973,15700,2021
"Cambridge, OH Micro Area",16280,15328,13949,1379,884,334,161,10,10,0,0,0,0,7,180,309,446,15740,2021
"Camden, AR Micro Area",10278,9870,9140,730,532,150,48,4,4,0,0,0,0,0,143,132,129,15780,2021
"Campbellsville, KY Micro Area",15392,13494,12088,1406,1215,103,88,76,76,0,0,0,0,0,373,177,1272,15820,2021
"Cañon City, CO Micro Area",15154,13277,11774,1503,1172,173,158,16,16,0,0,0,0,30,262,107,1462,15860,2021
"Canton-Massillon, OH Metro Area",187312,165945,153756,12189,9246,1508,1435,1700,1662,0,20,0,18,166,3114,2211,14176,15940,2021
"Cape Coral-Fort Myers, FL Metro Area",316808,272311,241758,30553,22289,4195,4069,1757,1580,16,11,49,101,2190,3202,7015,30333,15980,2021
"Cape Girardeau, MO-IL Metro Area",45703,41331,36772,4559,3543,646,370,158,158,0,0,0,0,47,630,578,2959,16020,2021
"Carbondale-Marion, IL Metro Area",55355,49154,44108,5046,3863,858,325,511,477,0,25,0,9,193,1588,527,3382,16060,2021
"Carlsbad-Artesia, NM Micro Area",27025,25377,22860,2517,1627,475,415,106,106,0,0,0,0,44,124,243,1131,16100,2021
"Carroll, IA Micro Area",10683,9711,9002,709,513,144,52,42,42,0,0,0,0,3,223,76,628,16140,2021
"Carson City, NV Metro Area",26817,24061,20756,3305,2583,483,239,375,375,0,0,0,0,38,488,320,1535,16180,2021
"Casper, WY Metro Area",40054,36174,32940,3234,2041,651,542,228,228,0,0,0,0,60,607,283,2702,16220,2021
"Cedar City, UT Micro Area",24744,21596,18894,2702,2157,262,283,44,44,0,0,0,0,28,641,170,2265,16260,2021
"Cedar Rapids, IA Metro Area",141857,123814,113896,9918,7177,1598,1143,446,436,0,0,10,0,453,2623,1154,13367,16300,2021
"Cedartown, GA Micro Area",17842,16559,14792,1767,1106,267,394,100,100,0,0,0,0,0,329,178,676,16340,2021
"Celina, OH Micro Area",21546,20438,18906,1532,1102,237,193,55,42,0,13,0,0,22,278,77,676,16380,2021
"Central City, KY Micro Area",11501,11029,10008,1021,835,129,57,2,2,0,0,0,0,0,78,202,190,16420,2021
"Centralia, IL Micro Area",15819,14811,13304,1507,1291,158,58,31,25,0,6,0,0,21,213,53,690,16460,2021
"Centralia, WA Micro Area",32599,28682,24961,3721,2725,420,576,228,168,28,13,0,19,50,1305,321,2013,16500,2021
"Chambersburg-Waynesboro, PA Metro Area",73575,65541,58217,7324,5428,787,1109,151,151,0,0,0,0,163,1940,895,4885,16540,2021
"Champaign-Urbana, IL Metro Area",106600,82645,74033,8612,6833,1145,634,4332,4305,9,3,15,0,1757,7728,909,9229,16580,2021
"Charleston, WV Metro Area",102378,90973,82970,8003,6608,861,534,1632,1602,0,0,0,30,96,3028,719,5930,16620,2021
"Charleston-Mattoon, IL Micro Area",28120,24624,21875,2749,2144,420,185,55,28,0,27,0,0,211,1440,142,1648,16660,2021
"Charleston-North Charleston, SC Metro Area",391504,339176,309615,29561,22227,4884,2450,2837,2465,37,188,15,132,2234,7119,4489,35649,16700,2021
"Charlotte-Concord-Gastonia, NC-SC Metro Area",1299044,1079855,970649,109206,83665,14410,11131,16572,11618,1745,431,2614,164,1229,16713,14567,170108,16740,2021
"Charlottesville, VA Metro Area",107927,83113,72991,10122,8582,1093,447,2717,2594,49,16,0,58,851,4789,1321,15136,16820,2021
"Chattanooga, TN-GA Metro Area",261414,231052,207739,23313,18485,3143,1685,1570,1531,5,22,9,3,357,4158,2168,22109,16860,2021
"Cheyenne, WY Metro Area",49806,44784,39838,4946,4143,476,327,53,50,0,0,3,0,155,713,583,3518,16940,2021
"Chicago-Naperville-Elgin, IL-IN-WI Metro Area",4711327,3497450,3140200,357250,269643,51446,36161,472764,175890,171470,120655,4293,456,28600,130845,67727,513941,16980,2021
"Chico, CA Metro Area",93043,78111,68682,9429,6973,1362,1094,668,585,64,12,7,0,1614,2963,1210,8477,17020,2021
"Chillicothe, OH Micro Area",30724,29053,25758,3295,2358,728,209,132,132,0,0,0,0,7,385,131,1016,17060,2021
"Cincinnati, OH-KY-IN Metro Area",1096590,948699,864259,84440,66223,12088,6129,15701,15406,166,16,62,51,1714,20489,9824,100163,17140,2021
"Clarksburg, WV Micro Area",38331,34629,31783,2846,2301,431,114,99,94,0,5,0,0,133,1032,252,2186,17220,2021
"Clarksdale, MS Micro Area",7302,6615,5876,739,591,96,52,24,24,0,0,0,0,0,191,0,472,17260,2021
"Clarksville, TN-KY Metro Area",142790,129757,117411,12346,9555,1436,1355,759,729,30,0,0,0,235,4117,1835,6087,17300,2021
"Clearlake, CA Micro Area",24536,19899,17004,2895,2277,233,385,234,232,2,0,0,0,27,611,248,3517,17340,2021
"Cleveland, MS Micro Area",10362,9787,8909,878,517,179,182,0,0,0,0,0,0,0,156,128,291,17380,2021
"Cleveland, TN Metro Area",56345,52144,46123,6021,4580,1021,420,81,81,0,0,0,0,91,840,478,2711,17420,2021
"Cleveland-Elyria, OH Metro Area",995022,848993,775041,73952,56204,9931,7817,23869,21339,1420,351,704,55,2527,20602,11036,87995,17460,2021
"Clewiston, FL Micro Area",17034,14211,11215,2996,1364,1110,522,491,491,0,0,0,0,181,726,446,979,17500,2021
"Clinton, IA Micro Area",21096,18980,17449,1531,1317,111,103,73,73,0,0,0,0,20,407,408,1208,17540,2021
"Clovis, NM Micro Area",21933,20830,18195,2635,2005,420,210,33,33,0,0,0,0,125,326,152,467,17580,2021
"Coamo, PR Micro Area",10186,9481,9350,131,73,58,0,9,0,0,0,9,0,0,411,9,276,17620,2021
"Coco, PR Micro Area",7628,7096,6929,167,105,23,39,0,0,0,0,0,0,49,74,0,409,17640,2021
"Coeur d'Alene, ID Metro Area",77384,67778,61270,6508,4893,1119,496,476,464,0,0,0,12,283,958,501,7388,17660,2021
"Coffeyville, KS Micro Area",13748,12809,11370,1439,1180,124,135,0,0,0,0,0,0,6,378,157,398,17700,2021
"Coldwater, MI Micro Area",18829,17429,15241,2188,1621,399,168,43,34,0,9,0,0,41,358,214,744,17740,2021
"College Station-Bryan, TX Metro Area",122628,107525,95881,11644,8206,2221,1217,1373,1354,0,19,0,0,1368,2113,1473,8776,17780,2021
"Colorado Springs, CO Metro Area",371716,309993,274184,35809,26551,5746,3512,2211,2025,93,0,82,11,1289,12060,3753,42410,17820,2021
"Columbia, MO Metro Area",106530,92404,82132,10272,8632,840,800,700,663,0,25,12,0,805,4702,802,7117,17860,2021
"Columbia, SC Metro Area",396568,344239,311949,32290,25384,4420,2486,2514,2226,52,40,142,54,348,16688,6068,26711,17900,2021
"Columbus, GA-AL Metro Area",139310,123092,111318,11774,8733,1476,1565,920,804,10,49,44,13,394,3122,2679,9103,17980,2021
"Columbus, IN Metro Area",39796,34915,31102,3813,2735,769,309,114,114,0,0,0,0,154,466,239,3908,18020,2021
"Columbus, MS Micro Area",24632,22841,21185,1656,1209,318,129,1,1,0,0,0,0,28,317,219,1226,18060,2021
"Columbus, NE Micro Area",17472,15692,13903,1789,1483,98,208,33,28,0,0,0,5,56,582,230,879,18100,2021
"Columbus, OH Metro Area",1064636,892325,820784,71541,55688,9973,5880,14157,13879,177,11,69,21,2958,21514,10163,123519,18140,2021
"Concord, NH Micro Area",79275,68773,62608,6165,4596,1078,491,280,259,21,0,0,0,158,1923,478,7663,18180,2021
"Connersville, IN Micro Area",10282,9665,8728,937,621,305,11,11,11,0,0,0,0,0,151,92,363,18220,2021
"Cookeville, TN Micro Area",50286,46779,41586,5193,3981,753,459,13,11,0,0,2,0,0,733,205,2556,18260,2021
"Coos Bay, OR Micro Area",25190,21451,18652,2799,2344,198,257,57,57,0,0,0,0,148,823,895,1816,18300,2021
"Cordele, GA Micro Area",8004,7341,6425,916,812,45,59,26,26,0,0,0,0,63,126,70,378,18380,2021
"Corinth, MS Micro Area",14364,13882,12484,1398,1126,212,60,0,0,0,0,0,0,20,166,98,198,18420,2021
"Cornelia, GA Micro Area",19718,17884,15596,2288,1648,352,288,12,12,0,0,0,0,0,147,447,1228,18460,2021
"Corning, NY Micro Area",41632,37030,33178,3852,2655,601,596,208,185,17,3,0,3,266,1301,378,2449,18500,2021
"Corpus Christi, TX Metro Area",187696,172954,155400,17554,13102,2305,2147,2106,1962,4,17,84,39,321,2207,1922,8186,18580,2021
"Corsicana, TX Micro Area",21985,20332,17732,2600,2020,420,160,77,67,0,0,10,0,28,322,136,1090,18620,2021
"Cortland, NY Micro Area",22528,19497,16971,2526,2027,323,176,261,234,27,0,0,0,139,1052,230,1349,18660,2021
"Corvallis, OR Metro Area",45576,31935,28510,3425,2688,418,319,1018,969,0,29,0,20,2704,3271,581,6067,18700,2021
"Coshocton, OH Micro Area",15361,13565,11548,2017,1198,312,507,18,18,0,0,0,0,210,294,557,717,18740,2021
"Craig, CO Micro Area",6015,5596,4445,1151,893,132,126,67,67,0,0,0,0,9,105,15,223,18780,2021
"Crawfordsville, IN Micro Area",17943,16188,14334,1854,1570,140,144,100,40,0,33,0,27,27,587,69,972,18820,2021
"Crescent City, CA Micro Area",8939,7964,6749,1215,639,366,210,48,48,0,0,0,0,25,358,57,487,18860,2021
"Crestview-Fort Walton Beach-Destin, FL Metro Area",135300,118667,104989,13678,10494,2205,979,529,470,28,8,0,23,855,2068,1698,11483,18880,2021
"Crossville, TN Micro Area",21819,19901,17821,2080,1600,323,157,9,9,0,0,0,0,26,381,329,1173,18900,2021
"Cullman, AL Micro Area",37895,36621,32214,4407,3334,668,405,2,2,0,0,0,0,0,304,40,928,18980,2021
"Cullowhee, NC Micro Area",23494,21019,19239,1780,1202,317,261,69,69,0,0,0,0,7,826,279,1294,19000,2021
"Cumberland, MD-WV Metro Area",37554,33651,30656,2995,2341,312,342,205,201,4,0,0,0,22,1300,269,2107,19060,2021
"Dallas-Fort Worth-Arlington, TX Metro Area",3758555,3205007,2848828,356179,262121,56587,37471,38949,24349,5047,5773,3435,345,5233,46027,44396,418943,19100,2021
"Dalton, GA Metro Area",63409,60162,54065,6097,4792,534,771,27,27,0,0,0,0,26,523,534,2137,19140,2021
"Danville, IL Metro Area",29974,26998,24868,2130,1823,184,123,252,252,0,0,0,0,33,529,221,1941,19180,2021
"Danville, KY Micro Area",21985,19626,17467,2159,1736,247,176,108,108,0,0,0,0,34,559,120,1538,19220,2021
"Danville, VA Micro Area",42237,38333,35218,3115,2145,458,512,561,560,1,0,0,0,34,558,897,1854,19260,2021
"Daphne-Fairhope-Foley, AL Metro Area",102650,92013,83559,8454,6662,1466,326,133,97,0,0,0,36,162,1212,1117,8013,19300,2021
"Davenport-Moline-Rock Island, IA-IL Metro Area",180772,163882,151641,12241,9182,1765,1294,1369,1335,8,19,0,7,341,3915,1186,10079,19340,2021
"Dayton, TN Micro Area",12326,11503,10315,1188,872,105,211,18,18,0,0,0,0,0,215,74,516,19420,2021
"Dayton-Kettering, OH Metro Area",379130,333689,304607,29082,22864,3883,2335,5421,5324,75,22,0,0,793,8759,2534,27934,19430,2021
"Decatur, AL Metro Area",66561,63112,58623,4489,3676,498,315,94,94,0,0,0,0,30,643,398,2284,19460,2021
"Decatur, IL Metro Area",44550,40558,37376,3182,2590,455,137,536,517,15,0,3,1,57,794,264,2341,19500,2021
"Decatur, IN Micro Area",15254,13905,11580,2325,879,224,1222,98,98,0,0,0,0,56,309,133,753,19540,2021
"Defiance, OH Micro Area",18670,17378,15859,1519,1118,184,217,15,6,0,0,9,0,9,394,219,655,19580,2021
"Del Rio, TX Micro Area",20623,19065,16613,2452,1741,336,375,79,27,0,52,0,0,113,406,540,420,19620,2021
"Deltona-Daytona Beach-Ormond Beach, FL Metro Area",281495,241987,218650,23337,18201,3636,1500,2032,1772,51,164,0,45,1558,2929,4487,28502,19660,2021
"Deming, NM Micro Area",7893,7205,6002,1203,632,93,478,19,19,0,0,0,0,5,129,139,396,19700,2021
"Denver-Aurora-Lakewood, CO Metro Area",1591419,1230026,1110238,119788,91578,16883,11327,52769,34308,5494,3748,8982,237,12268,33502,17930,244924,19740,2021
"DeRidder, LA Micro Area",14232,13359,11795,1564,1239,147,178,15,15,0,0,0,0,17,248,199,394,19760,2021
"Des Moines-West Des Moines, IA Metro Area",366840,315114,287169,27945,21360,4374,2211,2505,2296,98,0,27,84,857,6113,3828,38423,19780,2021
"Detroit-Warren-Dearborn, MI Metro Area",2012308,1747837,1589147,158690,121138,21242,16310,24821,23780,334,177,190,340,3973,26843,21032,187802,19820,2021
"Dickinson, ND Micro Area",16661,14832,13400,1432,920,165,347,141,137,0,0,0,4,13,295,122,1258,19860,2021
"Dixon, IL Micro Area",15034,14004,12681,1323,910,306,107,113,113,0,0,0,0,13,194,133,577,19940,2021
"Dodge City, KS Micro Area",16953,16174,13679,2495,1372,978,145,0,0,0,0,0,0,25,143,203,408,19980,2021
"Dothan, AL Metro Area",61900,58703,53585,5118,3985,808,325,33,30,3,0,0,0,37,404,547,2176,20020,2021
"Douglas, GA Micro Area",20783,19118,17539,1579,1233,215,131,28,28,0,0,0,0,0,181,1139,317,20060,2021
"Dover, DE Metro Area",81165,72862,65557,7305,5031,1039,1235,660,588,0,30,42,0,217,1867,821,4738,20100,2021
"Dublin, GA Micro Area",24036,23127,20420,2707,1931,273,503,16,16,0,0,0,0,23,123,174,573,20140,2021
"DuBois, PA Micro Area",33550,30247,27037,3210,2524,450,236,67,67,0,0,0,0,71,895,389,1881,20180,2021
"Dubuque, IA Metro Area",50534,44358,41093,3265,2549,410,306,394,372,22,0,0,0,75,1198,348,4161,20220,2021
"Duluth, MN-WI Metro Area",138201,119406,108593,10813,8244,1259,1310,1765,1721,14,0,20,10,600,5612,1101,9717,20260,2021
"Dumas, TX Micro Area",9821,9271,8245,1026,796,157,73,1,1,0,0,0,0,16,333,145,55,20300,2021
"Duncan, OK Micro Area",17175,15978,14263,1715,1359,160,196,9,9,0,0,0,0,84,276,218,610,20340,2021
"Durango, CO Micro Area",28712,22132,19799,2333,1725,348,260,171,163,0,8,0,0,712,1346,257,4094,20420,2021
"Durant, OK Micro Area",19582,18005,16010,1995,1511,330,154,0,0,0,0,0,0,53,439,160,925,20460,2021
"Durham-Chapel Hill, NC Metro Area",311595,244896,220754,24142,17859,3913,2370,8166,7995,62,15,65,29,2013,7307,4095,45118,20500,2021
"Dyersburg, TN Micro Area",16073,15151,14001,1150,1016,43,91,0,0,0,0,0,0,14,92,263,553,20540,2021
"Eagle Pass, TX Micro Area",21774,20085,17418,2667,1831,444,392,71,71,0,0,0,0,78,271,274,995,20580,2021
"Easton, MD Micro Area",17010,13788,12572,1216,962,128,126,142,80,28,0,20,14,76,476,179,2349,20660,2021
"East Stroudsburg, PA Metro Area",77863,67953,59456,8497,7020,968,509,2500,2305,185,10,0,0,0,1257,869,5284,20700,2021
"Eau Claire, WI Metro Area",88247,76364,69922,6442,5149,666,627,405,378,2,2,8,15,564,2163,736,8015,20740,2021
"Edwards, CO Micro Area",31940,25223,22881,2342,1844,144,354,1232,1212,20,0,0,0,207,951,395,3932,20780,2021
"Effingham, IL Micro Area",17402,15111,14022,1089,747,208,134,72,72,0,0,0,0,37,458,197,1527,20820,2021
"El Campo, TX Micro Area",17609,16642,14995,1647,1131,151,365,4,4,0,0,0,0,25,330,162,446,20900,2021
"El Centro, CA Metro Area",57287,50454,45553,4901,3171,821,909,463,463,0,0,0,0,134,1642,1073,3521,20940,2021
"El Dorado, AR Micro Area",15374,14411,13272,1139,796,178,165,39,39,0,0,0,0,0,345,55,524,20980,2021
"Elizabeth City, NC Micro Area",23517,21439,18724,2715,1941,438,336,4,4,0,0,0,0,57,493,313,1211,21020,2021
"Elizabethtown-Fort Knox, KY Metro Area",70132,63964,57214,6750,5379,715,656,240,211,0,0,0,29,133,1461,795,3539,21060,2021
"Elk City, OK Micro Area",8376,7425,6667,758,675,24,59,86,86,0,0,0,0,0,355,236,274,21120,2021
"Elkhart-Goshen, IN Metro Area",96136,87552,72479,15073,11679,2153,1241,157,122,0,5,0,30,1133,1943,959,4392,21140,2021
"Elkins, WV Micro Area",10312,9145,8422,723,548,152,23,13,13,0,0,0,0,23,348,415,368,21180,2021
"Elko, NV Micro Area",26592,21516,17503,4013,1759,785,1469,2956,2956,0,0,0,0,18,689,377,1036,21220,2021
"Ellensburg, WA Micro Area",21424,16797,15506,1291,938,216,137,312,287,7,0,0,18,115,1576,380,2244,21260,2021
"Elmira, NY Metro Area",36093,32092,29313,2779,2061,492,226,426,413,13,0,0,0,112,1155,492,1816,21300,2021
"El Paso, TX Metro Area",375834,335175,295378,39797,27853,7678,4266,4415,4233,36,137,9,0,439,5251,8682,21872,21340,2021
"Emporia, KS Micro Area",17649,15829,13698,2131,1818,173,140,26,26,0,0,0,0,66,636,158,934,21380,2021
"Enid, OK Metro Area",28962,26403,22803,3600,2764,447,389,68,66,0,0,0,2,191,324,870,1106,21420,2021
"Enterprise, AL Micro Area",22536,21243,19389,1854,1309,283,262,4,0,0,0,0,4,107,128,353,701,21460,2021
"Erie, PA Metro Area",122953,107654,95204,12450,9563,1868,1019,1691,1691,0,0,0,0,448,3960,1462,7738,21500,2021
"Escanaba, MI Micro Area",14969,13644,12157,1487,1003,249,235,98,98,0,0,0,0,52,368,206,601,21540,2021
"Española, NM Micro Area",15342,13954,12546,1408,1021,215,172,154,154,0,0,0,0,24,303,196,711,21580,2021
"Eufaula, AL-GA Micro Area",9082,8649,7539,1110,825,165,120,7,7,0,0,0,0,10,184,81,151,21640,2021
"Eugene-Springfield, OR Metro Area",175925,138080,120882,17198,13888,2032,1278,4532,4450,0,8,31,43,5163,7438,1814,18898,21660,2021
"Eureka-Arcata, CA Micro Area",57701,45848,39666,6182,5149,689,344,773,753,20,0,0,0,522,3391,867,6300,21700,2021
"Evanston, WY Micro Area",9606,8907,7610,1297,929,263,105,103,103,0,0,0,0,9,147,70,370,21740,2021
"Evansville, IN-KY Metro Area",149354,136651,125605,11046,8232,1718,1096,970,903,0,12,53,2,218,2972,1586,6957,21780,2021
"Fairbanks, AK Metro Area",48535,42215,35799,6416,5001,900,515,350,334,0,16,0,0,323,1955,773,2919,21820,2021
"Fairfield, IA Micro Area",7240,5761,5144,617,549,47,21,3,3,0,0,0,0,49,317,78,1032,21840,2021
"Fairmont, MN Micro Area",9720,8335,7775,560,415,68,77,36,36,0,0,0,0,39,292,146,872,21860,2021
"Fairmont, WV Micro Area",24894,22163,19691,2472,2012,200,260,102,95,7,0,0,0,9,814,295,1511,21900,2021
"Fallon, NV Micro Area",11236,9991,9239,752,537,200,15,100,100,0,0,0,0,111,426,77,531,21980,2021
"Fargo, ND-MN Metro Area",139622,122540,111423,11117,7668,2029,1420,1321,1235,42,1,37,6,595,3609,1959,9598,22020,2021
"Faribault-Northfield, MN Micro Area",32311,25262,22595,2667,1692,732,243,99,96,0,3,0,0,149,1245,377,5179,22060,2021
"Farmington, MO Micro Area",26552,24534,21918,2616,1871,397,348,52,52,0,0,0,0,0,324,331,1311,22100,2021
"Farmington, NM Metro Area",44811,41484,37321,4163,3253,522,388,107,107,0,0,0,0,70,1035,264,1851,22140,2021
"Fayetteville, NC Metro Area",231359,207154,185469,21685,16918,2939,1828,976,865,55,0,45,11,233,8363,3218,11415,22180,2021
"Fayetteville-Springdale-Rogers, AR Metro Area",258936,229051,203614,25437,17874,4428,3135,785,644,42,0,0,99,1003,3403,1392,23302,22220,2021
"Fergus Falls, MN Micro Area",28277,24181,21665,2516,1896,353,267,247,240,0,0,4,3,81,930,311,2527,22260,2021
"Fernley, NV Micro Area",24397,22523,19856,2667,2080,396,191,216,187,0,0,28,1,46,434,73,1105,22280,2021
"Findlay, OH Micro Area",36634,33357,30456,2901,2238,331,332,95,95,0,0,0,0,87,553,293,2249,22300,2021
"Fitzgerald, GA Micro Area",7253,6948,6292,656,586,50,20,40,40,0,0,0,0,0,10,128,127,22340,2021
"Flagstaff, AZ Metro Area",65807,51723,44879,6844,5331,846,667,1067,927,0,25,0,115,1084,5534,787,5612,22380,2021
"Flint, MI Metro Area",168746,153719,137686,16033,13178,1708,1147,2124,2113,0,0,0,11,115,1824,1255,9709,22420,2021
"Florence, SC Metro Area",84569,77657,70344,7313,5690,1129,494,192,153,0,2,37,0,153,842,852,4873,22500,2021
"Florence-Muscle Shoals, AL Metro Area",65926,61865,55968,5897,4864,713,320,40,38,0,0,0,2,64,716,534,2707,22520,2021
"Fond du Lac, WI Metro Area",53241,47836,43761,4075,2802,870,403,94,87,0,3,0,4,200,1296,690,3125,22540,2021
"Forest City, NC Micro Area",25556,23712,20891,2821,2170,292,359,24,24,0,0,0,0,29,221,440,1130,22580,2021
"Forrest City, AR Micro Area",7912,7432,6698,734,530,150,54,1,1,0,0,0,0,0,174,59,246,22620,2021
"Fort Collins, CO Metro Area",186493,143722,131783,11939,9158,1908,873,2196,2062,127,0,0,7,4459,5205,2120,28791,22660,2021
"Fort Dodge, IA Micro Area",17218,15621,14121,1500,1127,243,130,97,31,0,0,45,21,18,591,311,580,22700,2021
"Fort Leonard Wood, MO Micro Area",28940,19547,17926,1621,1385,164,72,67,67,0,0,0,0,41,7009,438,1838,22780,2021
"Fort Madison-Keokuk, IA-IL-MO Micro Area",26236,23651,21801,1850,1442,275,133,75,75,0,0,0,0,109,553,215,1633,22800,2021
"Fort Morgan, CO Micro Area",13019,11860,9923,1937,1549,322,66,10,10,0,0,0,0,5,217,158,769,22820,2021
"Fort Payne, AL Micro Area",29399,27901,24299,3602,2672,446,484,43,43,0,0,0,0,9,343,119,984,22840,2021
"Fort Polk South, LA Micro Area",21514,19184,17460,1724,1303,188,233,0,0,0,0,0,0,68,684,344,1234,22860,2021
"Fort Smith, AR-OK Metro Area",103241,96067,86775,9292,6925,1626,741,183,140,0,0,0,43,95,1375,1368,4153,22900,2021
"Fort Wayne, IN Metro Area",200669,182183,164716,17467,12328,2896,2243,1450,1388,0,0,19,43,713,2634,1331,12358,23060,2021
"Frankfort, IN Micro Area",15185,13596,12176,1420,1083,246,91,0,0,0,0,0,0,37,274,350,928,23140,2021
"Frankfort, KY Micro Area",34795,30633,27402,3231,2211,493,527,165,165,0,0,0,0,0,558,209,3230,23180,2021
"Fredericksburg, TX Micro Area",11870,10271,8775,1496,1204,169,123,55,28,0,0,27,0,17,390,66,1071,23240,2021
"Freeport, IL Micro Area",20246,17640,16015,1625,1294,224,107,206,197,9,0,0,0,60,531,319,1490,23300,2021
"Fremont, NE Micro Area",17943,16669,14942,1727,1205,359,163,3,0,0,0,0,3,182,306,169,614,23340,2021
"Fremont, OH Micro Area",26996,25463,23449,2014,1670,167,177,113,113,0,0,0,0,96,354,212,758,23380,2021
"Fresno, CA Metro Area",403192,358964,312537,46427,31099,7380,7948,3800,3607,89,25,24,55,1680,5940,5215,27593,23420,2021
"Gadsden, AL Metro Area",42777,40883,38006,2877,2292,251,334,49,5,0,0,5,39,10,401,153,1281,23460,2021
"Gaffney, SC Micro Area",23331,21977,19362,2615,2244,142,229,3,3,0,0,0,0,0,166,182,1003,23500,2021
"Gainesville, FL Metro Area",152198,127650,111900,15750,12714,1518,1518,3593,3512,0,0,0,81,2737,3648,2189,12381,23540,2021
"Gainesville, GA Metro Area",96275,86176,73995,12181,7752,2234,2195,587,568,19,0,0,0,32,968,1496,7016,23580,2021
"Gainesville, TX Micro Area",19798,18068,15579,2489,1789,456,244,31,18,13,0,0,0,72,344,219,1064,23620,2021
"Galesburg, IL Micro Area",20674,18445,16710,1735,1385,260,90,127,125,0,0,0,2,72,968,165,897,23660,2021
"Gallup, NM Micro Area",23714,19449,17371,2078,1558,386,134,382,379,0,3,0,0,25,856,216,2786,23700,2021
"Garden City, KS Micro Area",20755,19580,16915,2665,1800,488,377,38,38,0,0,0,0,41,205,84,807,23780,2021
"Gardnerville Ranchos, NV Micro Area",20949,17965,15598,2367,1993,226,148,29,29,0,0,0,0,128,350,435,2042,23820,2021
"Georgetown, SC Micro Area",25371,22419,20062,2357,1536,546,275,203,203,0,0,0,0,14,372,333,2030,23860,2021
"Gettysburg, PA Metro Area",50480,44520,40322,4198,2863,1033,302,130,82,0,48,0,0,127,1647,285,3771,23900,2021
"Gillette, WY Micro Area",29899,26879,23543,3336,2169,675,492,437,437,0,0,0,0,79,665,288,1551,23940,2021
"Glasgow, KY Micro Area",21885,19954,17528,2426,2072,204,150,77,65,12,0,0,0,0,346,255,1253,23980,2021
"Glens Falls, NY Metro Area",59415,52853,48269,4584,3710,565,309,332,278,26,19,0,9,234,1600,738,3658,24020,2021
"Glenwood Springs, CO Micro Area",43341,32402,27530,4872,3646,802,424,2984,2965,17,0,0,2,1304,1867,369,4415,24060,2021
"Gloversville, NY Micro Area",23901,21965,19632,2333,2067,238,28,86,84,2,0,0,0,28,490,329,1003,24100,2021
"Goldsboro, NC Metro Area",53102,49929,43182,6747,5199,916,632,200,200,0,0,0,0,76,792,208,1897,24140,2021
"Granbury, TX Micro Area",25699,23129,21496,1633,1214,224,195,33,0,0,0,0,33,0,234,209,2094,24180,2021
"Grand Forks, ND-MN Metro Area",54664,48314,43726,4588,3195,859,534,584,545,20,0,0,19,241,2328,429,2768,24220,2021
"Grand Island, NE Metro Area",38024,35643,31392,4251,3140,676,435,88,88,0,0,0,0,59,558,497,1179,24260,2021
"Grand Junction, CO Metro Area",71370,59700,54320,5380,3852,950,578,478,458,0,0,0,20,786,1786,1502,7118,24300,2021
"Grand Rapids, MN Micro Area",18737,16500,14614,1886,1411,340,135,199,199,0,0,0,0,66,427,260,1285,24330,2021
"Grand Rapids-Kentwood, MI Metro Area",539660,472580,426594,45986,34530,6588,4868,6898,6735,80,48,0,35,1957,11830,3637,42758,24340,2021
"Grants, NM Micro Area",8608,7164,6466,698,497,130,71,87,87,0,0,0,0,11,160,334,852,24380,2021
"Grants Pass, OR Metro Area",32655,28157,25094,3063,2526,283,254,83,83,0,0,0,0,316,721,481,2897,24420,2021
"Great Bend, KS Micro Area",12399,11124,10285,839,435,97,307,50,50,0,0,0,0,32,292,84,817,24460,2021
"Great Falls, MT Metro Area",39957,35701,31905,3796,2941,398,457,314,314,0,0,0,0,252,1072,352,2266,24500,2021
"Greeley, CO Metro Area",160321,139662,123003,16659,11403,3164,2092,611,609,0,2,0,0,358,3110,1351,15229,24540,2021
"Green Bay, WI Metro Area",168411,149958,137105,12853,9710,2161,982,791,788,0,0,0,3,168,3074,1278,13142,24580,2021
"Greeneville, TN Micro Area",27994,25875,23747,2128,1565,418,145,13,13,0,0,0,0,16,296,325,1469,24620,2021
"Greensboro-High Point, NC Metro Area",359217,318315,286693,31622,24433,4397,2792,3901,3778,77,33,0,13,563,5482,3899,27057,24660,2021
"Greensburg, IN Micro Area",13236,11940,10749,1191,915,247,29,8,8,0,0,0,0,0,248,99,941,24700,2021
"Greenville, MS Micro Area",17062,16098,14638,1460,1178,179,103,96,96,0,0,0,0,7,294,176,391,24740,2021
"Greenville, NC Metro Area",79835,69953,62536,7417,6004,797,616,815,810,0,0,5,0,129,1578,513,6847,24780,2021
"Greenville, OH Micro Area",24633,22553,19986,2567,2078,341,148,53,53,0,0,0,0,20,509,314,1184,24820,2021
"Greenville-Anderson, SC Metro Area",429752,382455,343852,38603,29298,5806,3499,1666,1520,63,31,0,52,740,6124,6217,32550,24860,2021
"Greenwood, MS Micro Area",13196,12539,11613,926,755,147,24,54,54,0,0,0,0,0,115,13,475,24900,2021
"Greenwood, SC Micro Area",29049,27932,25003,2929,2421,166,342,76,76,0,0,0,0,0,253,102,686,24940,2021
"Grenada, MS Micro Area",8586,8297,7646,651,613,38,0,14,14,0,0,0,0,0,69,123,83,24980,2021
"Guayama, PR Metro Area",16138,15307,13820,1487,857,442,188,101,62,0,0,39,0,0,420,1,309,25020,2021
"Gulfport-Biloxi, MS Metro Area",179335,164118,148205,15913,12372,1964,1577,277,208,21,0,0,48,248,4370,2589,7733,25060,2021
"Guymon, OK Micro Area",10903,9984,8511,1473,1121,32,320,56,55,1,0,0,0,4,331,99,429,25100,2021
"Hagerstown-Martinsburg, MD-WV Metro Area",135828,120515,108674,11841,9554,1540,747,1216,819,66,311,0,20,265,2139,1446,10247,25180,2021
"Hailey, ID Micro Area",13170,10212,9278,934,695,179,60,256,256,0,0,0,0,432,242,178,1850,25200,2021
"Hammond, LA Metro Area",55847,51950,44984,6966,5631,672,663,67,67,0,0,0,0,44,701,419,2666,25220,2021
"Hanford-Corcoran, CA Metro Area",55733,51072,43432,7640,4282,1459,1899,215,182,0,33,0,0,117,793,701,2835,25260,2021
"Hannibal, MO Micro Area",17479,15828,14317,1511,1064,344,103,4,4,0,0,0,0,0,447,218,982,25300,2021
"Harrisburg-Carlisle, PA Metro Area",289956,243739,222175,21564,16532,2872,2160,2935,2473,288,94,80,0,861,9027,4007,29387,25420,2021
"Harrison, AR Micro Area",18448,16416,14744,1672,1238,285,149,24,4,0,20,0,0,0,301,70,1637,25460,2021
"Harrisonburg, VA Metro Area",65029,56656,49989,6667,4804,777,1086,337,321,9,0,7,0,564,2806,544,4122,25500,2021
"Hartford-East Hartford-Middletown, CT Metro Area",607107,507526,464858,42668,34504,4722,3442,14371,13159,268,549,32,363,1085,13975,5688,64462,25540,2021
"Hastings, NE Micro Area",15355,14172,12769,1403,769,157,477,5,5,0,0,0,0,47,314,140,677,25580,2021
"Hattiesburg, MS Metro Area",74748,67654,61816,5838,4469,873,496,317,297,4,0,0,16,153,1031,4041,1552,25620,2021
"Hays, KS Micro Area",16082,14375,13222,1153,742,309,102,0,0,0,0,0,0,8,676,133,890,25700,2021
"Heber, UT Micro Area",39576,31234,27597,3637,2656,546,435,685,655,13,1,0,16,140,535,696,6286,25720,2021
"Helena, MT Micro Area",41012,34242,29697,4545,3478,613,454,181,181,0,0,0,0,378,1660,414,4137,25740,2021
"Helena-West Helena, AR Micro Area",5385,5067,4617,450,415,29,6,0,0,0,0,0,0,4,125,54,135,25760,2021
"Henderson, NC Micro Area",17837,16245,14755,1490,1057,324,109,3,3,0,0,0,0,0,133,221,1235,25780,2021
"Hereford, TX Micro Area",8376,7805,6839,966,518,201,247,91,91,0,0,0,0,0,34,104,342,25820,2021
"Hermiston-Pendleton, OR Micro Area",37530,34299,30311,3988,2824,674,490,241,236,0,0,0,5,122,774,346,1748,25840,2021
"Hickory-Lenoir-Morganton, NC Metro Area",162468,149671,135603,14068,11430,1737,901,380,255,125,0,0,0,129,1241,3081,7966,25860,2021
"Hillsdale, MI Micro Area",19448,16931,15396,1535,1163,272,100,47,47,0,0,0,0,105,790,174,1401,25880,2021
"Hilo, HI Micro Area",86650,74421,60935,13486,9644,1993,1849,672,666,0,6,0,0,327,1901,1108,8221,25900,2021
"Hilton Head Island-Bluffton, SC Metro Area",93533,81372,72258,9114,6776,1409,929,711,410,77,0,0,224,313,1639,1277,8221,25940,2021
"Hinesville, GA Metro Area",35081,31684,28157,3527,2900,495,132,118,75,0,11,0,32,84,1092,441,1662,25980,2021
"Hobbs, NM Micro Area",29347,27829,23783,4046,2273,479,1294,4,4,0,0,0,0,7,371,253,883,26020,2021
"Holland, MI Micro Area",55380,49869,45500,4369,3802,304,263,165,31,106,3,0,25,169,923,551,3703,26090,2021
"Homosassa Springs, FL Metro Area",47704,41843,37963,3880,3125,535,220,43,31,12,0,0,0,131,364,911,4412,26140,2021
"Hood River, OR Micro Area",12307,9077,7671,1406,888,174,344,101,101,0,0,0,0,189,1016,108,1816,26220,2021
"Hope, AR Micro Area",11073,10744,9125,1619,1126,199,294,88,88,0,0,0,0,2,62,14,163,26260,2021
"Hot Springs, AR Metro Area",40375,37181,32861,4320,3716,406,198,123,123,0,0,0,0,3,617,697,1754,26300,2021
"Houghton, MI Micro Area",16671,13268,11694,1574,1315,141,118,15,10,0,0,0,5,143,1682,256,1307,26340,2021
"Houma-Thibodaux, LA Metro Area",87024,79774,70462,9312,7156,1347,809,410,394,0,0,0,16,105,1385,2722,2628,26380,2021
"Houston-The Woodlands-Sugar Land, TX Metro Area",3296650,2851334,2543113,308221,224412,47843,35966,60836,56637,1123,870,2007,199,8442,39046,50654,286338,26420,2021
"Hudson, NY Micro Area",28650,22873,20983,1890,1418,319,153,690,103,399,184,4,0,103,1129,533,3322,26460,2021
"Huntingdon, PA Micro Area",17860,15622,13759,1863,1244,315,304,34,31,0,3,0,0,0,973,284,947,26500,2021
"Huntington, IN Micro Area",17963,16396,15326,1070,936,81,53,0,0,0,0,0,0,21,412,75,1059,26540,2021
"Huntington-Ashland, WV-KY-OH Metro Area",142458,131453,118859,12594,9512,1390,1692,654,558,65,0,3,28,235,2801,1005,6310,26580,2021
"Huntsville, AL Metro Area",231216,206690,193354,13336,9806,2409,1121,491,491,0,0,0,0,181,1654,2393,19807,26620,2021
"Huntsville, TX Micro Area",27819,24835,22820,2015,1817,102,96,179,179,0,0,0,0,0,747,337,1721,26660,2021
"Huron, SD Micro Area",10031,8865,7946,919,570,109,240,3,0,3,0,0,0,0,420,152,591,26700,2021
"Hutchinson, KS Micro Area",28938,26272,24177,2095,1588,312,195,82,36,0,0,0,46,238,535,347,1464,26740,2021
"Hutchinson, MN Micro Area",18842,16884,15793,1091,762,169,160,70,70,0,0,0,0,129,524,144,1091,26780,2021
"Idaho Falls, ID Metro Area",68618,59798,53124,6674,5017,949,708,1492,1462,0,20,10,0,190,1070,812,5256,26820,2021
"Indiana, PA Micro Area",35396,30586,27225,3361,2353,379,629,185,183,0,0,2,0,132,2012,292,2189,26860,2021
"Indianapolis-Carmel-Anderson, IN Metro Area",1032129,896549,812406,84143,66994,10700,6449,7748,7575,31,0,8,134,2436,14885,8881,101630,26900,2021
"Indianola, MS Micro Area",8329,7776,6995,781,539,116,126,48,48,0,0,0,0,0,178,51,276,26940,2021
"Iowa City, IA Metro Area",93628,72369,64621,7748,5575,1050,1123,3348,3325,0,3,0,20,1466,6777,1192,8476,26980,2021
"Iron Mountain, MI-WI Micro Area",13174,11804,10794,1010,669,191,150,26,26,0,0,0,0,17,268,227,832,27020,2021
"Ithaca, NY Metro Area",50761,32997,28293,4704,3814,699,191,3166,3062,60,27,0,17,627,6056,548,7367,27060,2021
"Jackson, MI Metro Area",69302,62803,57795,5008,4211,386,411,201,201,0,0,0,0,98,1249,540,4411,27100,2021
"Jackson, MS Metro Area",261945,243742,217940,25802,19969,3766,2067,890,586,0,304,0,0,127,2437,2114,12635,27140,2021
"Jackson, OH Micro Area",13389,12384,11432,952,697,110,145,34,34,0,0,0,0,0,407,117,447,27160,2021
"Jackson, TN Metro Area",76625,69537,62667,6870,5552,835,483,309,309,0,0,0,0,53,951,1801,3974,27180,2021
"Jackson, WY-ID Micro Area",20706,15250,13686,1564,1236,215,113,580,580,0,0,0,0,430,1769,186,2491,27220,2021
"Jacksonville, FL Metro Area",753761,640863,578857,62006,48730,8444,4832,7196,6966,41,85,45,59,3083,9531,14103,78985,27260,2021
"Jacksonville, IL Micro Area",16781,15003,13926,1077,889,155,33,159,149,0,10,0,0,48,317,167,1087,27300,2021
"Jacksonville, NC Metro Area",103428,86169,73440,12729,9353,2142,1234,384,371,0,0,0,13,162,8067,1811,6835,27340,2021
"Jacksonville, TX Micro Area",20145,18302,15796,2506,2064,273,169,53,53,0,0,0,0,54,163,72,1501,27380,2021
"Jamestown, ND Micro Area",10775,9677,8742,935,574,246,115,7,7,0,0,0,0,2,378,164,547,27420,2021
"Jamestown-Dunkirk-Fredonia, NY Micro Area",53906,47667,42554,5113,4293,454,366,140,75,25,25,0,15,286,2308,853,2652,27460,2021
"Janesville-Beloit, WI Metro Area",79742,72634,65919,6715,5358,790,567,457,457,0,0,0,0,205,1262,795,4389,27500,2021
"Jasper, AL Micro Area",25144,23585,20962,2623,1854,694,75,25,25,0,0,0,0,12,206,309,1007,27530,2021
"Jasper, IN Micro Area",27786,26363,24718,1645,1249,81,315,29,29,0,0,0,0,17,357,134,886,27540,2021
"Jayuya, PR Micro Area",3444,3197,2957,240,240,0,0,14,14,0,0,0,0,0,163,0,70,27580,2021
"Jefferson, GA Micro Area",34427,30538,27495,3043,2221,466,356,185,182,3,0,0,0,32,137,475,3060,27600,2021
"Jefferson City, MO Metro Area",71445,65054,58414,6640,4775,1205,660,338,265,0,73,0,0,81,1161,792,4019,27620,2021
"Jennings, LA Micro Area",12274,11607,10622,985,662,137,186,40,40,0,0,0,0,14,146,178,289,27660,2021
"Jesup, GA Micro Area",10843,10129,8914,1215,700,231,284,98,98,0,0,0,0,9,24,105,478,27700,2021
"Johnson City, TN Metro Area",89954,81792,76172,5620,4207,956,457,337,293,0,26,18,0,42,1395,1216,5172,27740,2021
"Johnstown, PA Metro Area",56752,50235,45671,4564,3616,397,551,513,506,0,3,0,4,57,1574,818,3555,27780,2021
"Jonesboro, AR Metro Area",59010,55178,49341,5837,4636,739,462,285,285,0,0,0,0,46,824,297,2380,27860,2021
"Joplin, MO Metro Area",81910,74170,65814,8356,6649,1121,586,147,128,0,0,19,0,164,1296,773,5360,27900,2021
"Juneau, AK Micro Area",16242,12846,10717,2129,1756,322,51,582,497,0,0,0,85,122,977,235,1480,27940,2021
"Kahului-Wailuku-Lahaina, HI Metro Area",79959,68488,57863,10625,7393,1867,1365,1641,1419,62,0,18,142,475,2047,1508,5800,27980,2021
"Kalamazoo-Portage, MI Metro Area",127638,111058,102292,8766,6848,1088,830,1862,1843,19,0,0,0,529,3444,703,10042,28020,2021
"Kalispell, MT Micro Area",50053,41674,38310,3364,2402,472,490,103,103,0,0,0,0,360,1269,628,6019,28060,2021
"Kankakee, IL Metro Area",49412,44362,40050,4312,3336,406,570,517,371,54,92,0,0,100,1057,1044,2332,28100,2021
"Kansas City, MO-KS Metro Area",1100432,950061,869853,80208,62083,11315,6810,8274,7658,107,91,215,203,1610,12368,10970,117149,28140,2021
"Kapaa, HI Micro Area",34780,30232,25979,4253,2999,561,693,317,314,0,3,0,0,139,868,291,2933,28180,2021
"Kearney, NE Micro Area",30613,28131,25315,2816,1903,443,470,55,55,0,0,0,0,99,722,191,1415,28260,2021
"Keene, NH Micro Area",38722,32791,29722,3069,2377,321,371,67,29,27,10,0,1,176,1184,421,4083,28300,2021
"Kendallville, IN Micro Area",22456,20710,17566,3144,2022,733,389,79,79,0,0,0,0,76,284,356,951,28340,2021
"Kennett, MO Micro Area",11094,10264,8641,1623,1195,321,107,15,15,0,0,0,0,84,242,61,428,28380,2021
"Kennewick-Richland, WA Metro Area",131014,117932,103723,14209,9149,2157,2903,786,785,1,0,0,0,271,1128,1072,9825,28420,2021
"Kerrville, TX Micro Area",22652,19660,16816,2844,2200,368,276,22,22,0,0,0,0,235,501,252,1982,28500,2021
"Ketchikan, AK Micro Area",7001,5855,4679,1176,968,113,95,258,125,0,0,0,133,14,459,194,221,28540,2021
"Key West, FL Micro Area",43663,32853,29423,3430,2975,314,141,128,90,0,21,0,17,2476,2257,2073,3876,28580,2021
"Kill Devil Hills, NC Micro Area",18415,15913,14389,1524,1213,144,167,5,5,0,0,0,0,188,374,140,1795,28620,2021
"Killeen-Temple, TX Metro Area",205399,182882,160230,22652,16607,3769,2276,859,791,18,39,0,11,244,6426,2221,12767,28660,2021
"Kingsport-Bristol, TN-VA Metro Area",126490,115620,106520,9100,7451,1152,497,178,149,0,0,29,0,104,1634,1577,7377,28700,2021
"Kingston, NY Metro Area",85432,68861,62499,6362,5362,586,414,2105,1080,453,565,0,7,320,2950,1272,9924,28740,2021
"Kingsville, TX Micro Area",13325,11927,10438,1489,1312,64,113,0,0,0,0,0,0,50,537,254,557,28780,2021
"Kinston, NC Micro Area",22136,20845,17974,2871,2244,275,352,173,145,0,0,0,28,66,217,195,640,28820,2021
"Kirksville, MO Micro Area",12054,10874,9415,1459,1026,180,253,27,24,0,0,0,3,22,397,117,617,28860,2021
"Klamath Falls, OR Micro Area",26877,24131,22036,2095,1748,259,88,90,68,0,0,0,22,81,478,182,1915,28900,2021
"Knoxville, TN Metro Area",405843,360776,331115,29661,23869,3526,2266,1874,1625,16,111,9,113,377,5301,2799,34716,28940,2021
"Kokomo, IN Metro Area",36746,33588,29747,3841,3062,600,179,60,11,0,0,49,0,98,466,318,2216,29020,2021
"Laconia, NH Micro Area",31796,28130,24706,3424,2678,557,189,78,57,0,0,0,21,56,754,237,2541,29060,2021
"La Crosse-Onalaska, WI-MN Metro Area",72614,62836,57597,5239,4097,888,254,542,512,0,0,0,30,569,2484,673,5510,29100,2021
"Lafayette, LA Metro Area",212309,192264,178110,14154,10603,2024,1527,900,644,4,0,5,247,514,4109,2219,12303,29180,2021
"Lafayette-West Lafayette, IN Metro Area",106468,90431,82016,8415,6584,904,927,2137,2116,0,15,0,6,976,5523,601,6800,29200,2021
"La Grande, OR Micro Area",11107,9422,8428,994,775,104,115,31,20,11,0,0,0,78,662,159,755,29260,2021
"LaGrange, GA-AL Micro Area",45167,42497,38123,4374,3425,693,256,72,58,0,13,1,0,15,399,783,1401,29300,2021
"Lake Charles, LA Metro Area",95121,88441,79522,8919,6380,1912,627,226,224,0,0,2,0,60,1899,1061,3434,29340,2021
"Lake City, FL Micro Area",26088,23758,20436,3322,2790,292,240,10,10,0,0,0,0,22,175,475,1648,29380,2021
"Lake Havasu City-Kingman, AZ Metro Area",74608,66960,58185,8775,7026,1037,712,569,552,0,17,0,0,285,807,1894,4093,29420,2021
"Lakeland-Winter Haven, FL Metro Area",300076,269721,242687,27034,20292,3947,2795,956,784,10,121,41,0,973,2660,3989,21777,29460,2021
"Lamesa, TX Micro Area",4174,3822,3197,625,448,145,32,0,0,0,0,0,0,0,81,53,218,29500,2021
"Lancaster, PA Metro Area",273386,234342,205442,28900,19083,4480,5337,2638,1908,61,669,0,0,1924,9423,3240,21819,29540,2021
"Lansing-East Lansing, MI Metro Area",261191,218866,197008,21858,16731,2836,2291,5023,4995,7,0,2,19,1954,7984,2065,25299,29620,2021
"Laramie, WY Micro Area",19912,15730,14089,1641,1062,404,175,218,218,0,0,0,0,873,1821,76,1194,29660,2021
"Laredo, TX Metro Area",108695,99059,86512,12547,8724,2448,1375,1285,1224,6,55,0,0,89,1643,2160,4459,29700,2021
"Las Cruces, NM Metro Area",87875,77947,67119,10828,7193,2157,1478,336,336,0,0,0,0,791,1473,1104,6224,29740,2021
"Las Vegas, NM Micro Area",11420,9640,8177,1463,1193,140,130,48,48,0,0,0,0,17,509,89,1117,29780,2021
"Las Vegas-Henderson-Paradise, NV Metro Area",1018843,875303,772693,102610,78469,14529,9612,27235,26875,151,59,65,85,2273,13620,25007,75405,29820,2021
"Laurel, MS Micro Area",33633,32212,29456,2756,1901,421,434,74,74,0,0,0,0,0,518,449,380,29860,2021
"Laurinburg, NC Micro Area",12116,11414,9983,1431,1184,148,99,29,10,0,0,0,19,9,158,63,443,29900,2021
"Lawrence, KS Metro Area",65507,53497,48048,5449,4322,623,504,1303,1296,7,0,0,0,751,3102,753,6101,29940,2021
"Lawrenceburg, TN Micro Area",17531,16142,14687,1455,1231,177,47,20,20,0,0,0,0,0,229,284,856,29980,2021
"Lawton, OK Metro Area",57072,48488,42747,5741,4323,864,554,443,443,0,0,0,0,135,1004,745,6257,30020,2021
"Lebanon, MO Micro Area",15353,14249,12298,1951,1619,161,171,14,14,0,0,0,0,0,304,202,584,30060,2021
"Lebanon, NH-VT Micro Area",109402,91578,81293,10285,8233,1205,847,709,662,27,13,0,7,358,4548,1320,10889,30100,2021
"Lebanon, PA Metro Area",67712,59510,52993,6517,5044,913,560,512,503,0,9,0,0,59,1881,730,5020,30140,2021
"Levelland, TX Micro Area",9357,8750,7383,1367,883,272,212,10,10,0,0,0,0,8,134,106,349,30220,2021
"Lewisburg, PA Micro Area",16340,13570,11817,1753,1380,231,142,28,20,8,0,0,0,334,1211,87,1110,30260,2021
"Lewisburg, TN Micro Area",15060,13783,12844,939,670,55,214,10,10,0,0,0,0,0,120,65,1082,30280,2021
"Lewiston, ID-WA Metro Area",29191,26101,23884,2217,1659,322,236,129,128,1,0,0,0,81,794,294,1792,30300,2021
"Lewiston-Auburn, ME Metro Area",53797,46069,39814,6255,4980,801,474,126,126,0,0,0,0,103,1839,354,5306,30340,2021
"Lewistown, PA Micro Area",21248,19448,17014,2434,1546,187,701,41,13,0,28,0,0,0,415,221,1123,30380,2021
"Lexington, NE Micro Area",12976,12118,10053,2065,1102,563,400,66,63,3,0,0,0,0,268,157,367,30420,2021
"Lexington-Fayette, KY Metro Area",256414,222103,200466,21637,17596,2595,1446,2851,2790,5,0,0,56,1085,7358,2422,20595,30460,2021
"Liberal, KS Micro Area",10599,9780,7840,1940,1025,673,242,31,8,0,0,23,0,0,196,185,407,30580,2021
"Lima, OH Metro Area",45592,41957,38168,3789,3051,383,355,275,261,14,0,0,0,94,641,799,1826,30620,2021
"Lincoln, IL Micro Area",12048,10766,9615,1151,767,150,234,35,35,0,0,0,0,53,422,55,717,30660,2021
"Lincoln, NE Metro Area",180735,157946,141811,16135,12699,2360,1076,1547,1501,16,18,12,0,1367,5716,1196,12963,30700,2021
"Little Rock-North Little Rock-Conway, AR Metro Area",349782,318010,285286,32724,25046,4282,3396,1369,1273,56,19,12,9,512,4022,3816,22053,30780,2021
"Lock Haven, PA Micro Area",17289,15234,13233,2001,1309,344,348,28,27,0,0,1,0,34,714,265,1014,30820,2021
"Logan, UT-ID Metro Area",70014,58713,51549,7164,5122,1246,796,1021,982,0,30,9,0,798,2684,584,6214,30860,2021
"Logansport, IN Micro Area",17468,16575,14480,2095,1732,277,86,67,67,0,0,0,0,22,253,146,405,30900,2021
"London, KY Micro Area",51565,47905,42149,5756,4315,997,444,49,49,0,0,0,0,0,868,228,2515,30940,2021
"Longview, TX Metro Area",122185,114179,102392,11787,8440,2038,1309,102,102,0,0,0,0,176,1677,889,5162,30980,2021
"Longview, WA Metro Area",44591,40460,36484,3976,2712,927,337,131,131,0,0,0,0,228,757,361,2654,31020,2021
"Los Alamos, NM Micro Area",10108,8421,7434,987,925,42,20,205,195,0,0,0,10,242,194,61,985,31060,2021
"Los Angeles-Long Beach-Anaheim, CA Metro Area",6316352,5061091,4476819,584272,436510,87846,59916,257318,211680,25547,13057,5213,1821,38357,143850,105178,710558,31080,2021
"Louisville/Jefferson County, KY-IN Metro Area",623753,542783,491933,50850,40995,6502,3353,9590,9436,0,25,79,50,1124,9023,7015,54218,31140,2021
"Lubbock, TX Metro Area",154372,140470,122109,18361,13623,3095,1643,996,926,0,0,15,55,363,3365,1517,7661,31180,2021
"Ludington, MI Micro Area",12348,11215,9768,1447,1173,165,109,6,6,0,0,0,0,2,296,85,744,31220,2021
"Lufkin, TX Micro Area",36289,33704,29248,4456,2970,979,507,118,118,0,0,0,0,34,432,487,1514,31260,2021
"Lumberton, NC Micro Area",43198,40840,37068,3772,2565,583,624,132,125,0,0,7,0,16,339,500,1371,31300,2021
"Lynchburg, VA Metro Area",120397,106422,96704,9718,7901,1544,273,970,948,9,13,0,0,33,2970,1817,8185,31340,2021
"Macomb, IL Micro Area",12734,10985,9769,1216,1012,103,101,112,112,0,0,0,0,131,809,118,579,31380,2021
"Macon-Bibb County, GA Metro Area",95916,87512,79954,7558,5863,905,790,746,737,0,9,0,0,92,1782,1032,4752,31420,2021
"Madera, CA Metro Area",56553,49129,41252,7877,5151,1243,1483,335,285,7,0,0,43,67,880,2281,3861,31460,2021
"Madison, IN Micro Area",14512,13348,12045,1303,1131,118,54,1,0,0,1,0,0,7,341,125,690,31500,2021
"Madison, WI Metro Area",375584,291009,266521,24488,19476,3256,1756,12410,12238,16,108,16,32,6708,18560,3613,43284,31540,2021
"Madisonville, KY Micro Area",17882,17164,16130,1034,745,103,186,1,1,0,0,0,0,6,146,122,443,31580,2021
"Magnolia, AR Micro Area",8898,8255,7721,534,414,94,26,47,47,0,0,0,0,38,357,56,145,31620,2021
"Malone, NY Micro Area",18208,15766,13976,1790,1370,186,234,189,187,0,0,0,2,35,738,273,1207,31660,2021
"Malvern, AR Micro Area",12388,11594,9937,1657,1364,209,84,30,30,0,0,0,0,2,386,83,293,31680,2021
"Manchester-Nashua, NH Metro Area",228775,193943,177574,16369,12854,1868,1647,1805,1360,127,160,109,49,477,4183,2015,26352,31700,2021
"Manhattan, KS Metro Area",70920,59193,51886,7307,5784,753,770,139,139,0,0,0,0,550,5013,672,5353,31740,2021
"Manitowoc, WI Micro Area",40351,35912,33230,2682,1858,408,416,213,192,0,17,0,4,211,1109,284,2622,31820,2021
"Mankato, MN Metro Area",56307,47444,43213,4231,2921,714,596,669,627,33,1,8,0,236,1791,579,5588,31860,2021
"Mansfield, OH Metro Area",52842,48801,43900,4901,3687,545,669,390,370,11,0,0,9,126,601,735,2189,31900,2021
"Marietta, OH Micro Area",26810,24130,21881,2249,1924,219,106,214,198,0,0,0,16,120,737,63,1546,31930,2021
"Marinette, WI-MI Micro Area",29302,26357,23945,2412,1914,247,251,72,70,0,0,2,0,136,767,283,1687,31940,2021
"Marion, IN Micro Area",28928,24373,21891,2482,2033,237,212,60,48,12,0,0,0,103,2147,418,1827,31980,2021
"Marion, NC Micro Area",18607,17417,15660,1757,1603,133,21,6,6,0,0,0,0,0,232,97,855,32000,2021
"Marion, OH Micro Area",26074,24194,21706,2488,2016,327,145,136,136,0,0,0,0,0,266,347,1131,32020,2021
"Marquette, MI Micro Area",29945,26407,23704,2703,1966,559,178,145,145,0,0,0,0,225,1668,148,1352,32100,2021
"Marshall, MN Micro Area",12740,10871,9747,1124,862,120,142,26,23,0,0,0,3,22,575,177,1069,32140,2021
"Marshall, MO Micro Area",10374,9369,8446,923,765,140,18,0,0,0,0,0,0,15,151,144,695,32180,2021
"Marshalltown, IA Micro Area",18747,17164,14699,2465,2104,191,170,7,7,0,0,0,0,11,411,139,1015,32260,2021
"Martin, TN Micro Area",13750,11971,11105,866,675,167,24,30,24,0,0,6,0,25,404,755,565,32280,2021
"Martinsville, VA Micro Area",24974,23169,20519,2650,1925,437,288,109,69,0,0,0,40,7,107,398,1184,32300,2021
"Maryville, MO Micro Area",10497,9633,8783,850,659,87,104,2,2,0,0,0,0,20,296,34,512,32340,2021
"Mason City, IA Micro Area",25847,22996,21003,1993,1650,272,71,100,100,0,0,0,0,108,586,297,1760,32380,2021
"Mayagüez, PR Metro Area",25661,23878,22192,1686,1269,149,268,286,52,48,0,186,0,80,653,77,687,32420,2021
"Mayfield, KY Micro Area",15435,14374,13461,913,748,91,74,49,49,0,0,0,0,0,171,241,600,32460,2021
"Maysville, KY Micro Area",7104,6601,6211,390,314,63,13,9,9,0,0,0,0,0,100,57,337,32500,2021
"McAlester, OK Micro Area",17107,15421,14155,1266,924,196,146,33,33,0,0,0,0,13,465,157,1018,32540,2021
"McAllen-Edinburg-Mission, TX Metro Area",325750,286251,256037,30214,21007,6168,3039,812,660,0,73,79,0,476,3235,11363,23613,32580,2021
"McComb, MS Micro Area",14390,13441,12069,1372,1038,169,165,28,28,0,0,0,0,2,112,468,339,32620,2021
"McMinnville, TN Micro Area",17748,16885,15510,1375,1027,251,97,10,10,0,0,0,0,0,169,58,626,32660,2021
"McPherson, KS Micro Area",14975,13288,12254,1034,676,254,104,4,4,0,0,0,0,82,713,107,781,32700,2021
"Meadville, PA Micro Area",35560,30852,27591,3261,2372,380,509,157,133,0,8,8,8,141,2067,311,2032,32740,2021
"Medford, OR Metro Area",96392,80899,72229,8670,6745,1072,853,835,821,0,0,0,14,916,2483,1233,10026,32780,2021
"Memphis, TN-MS-AR Metro Area",606875,557023,502899,54124,41383,8127,4614,3152,3030,79,0,14,29,648,5391,5825,34836,32820,2021
"Menomonie, WI Micro Area",23332,19656,18184,1472,1159,155,158,49,35,0,8,0,6,230,1477,142,1778,32860,2021
"Merced, CA Metro Area",103796,91428,81932,9496,5647,2087,1762,613,545,62,6,0,0,415,2413,4154,4773,32900,2021
"Meridian, MS Micro Area",39963,36942,33033,3909,2414,974,521,6,6,0,0,0,0,28,607,1002,1378,32940,2021
"Mexico, MO Micro Area",10886,10006,9092,914,730,52,132,3,3,0,0,0,0,6,141,221,509,33020,2021
"Miami, OK Micro Area",12147,11482,10414,1068,833,143,92,25,18,0,3,0,4,19,194,103,324,33060,2021
"Miami-Fort Lauderdale-Pompano Beach, FL Metro Area",2937950,2472951,2206688,266263,196651,41198,28414,76876,62971,7415,4254,1874,362,14260,42833,60582,270448,33100,2021
"Michigan City-La Porte, IN Metro Area",47992,44012,39967,4045,3017,643,385,511,292,14,205,0,0,87,814,250,2318,33140,2021
"Middlesborough, KY Micro Area",6887,6233,5217,1016,814,170,32,5,5,0,0,0,0,9,340,40,260,33180,2021
"Midland, MI Metro Area",37233,33128,30402,2726,1956,534,236,232,212,0,16,0,4,49,473,233,3118,33220,2021
"Midland, TX Metro Area",85917,79562,71044,8518,6022,1754,742,119,119,0,0,0,0,187,1017,611,4421,33260,2021
"Milledgeville, GA Micro Area",19153,17671,16164,1507,921,418,168,75,75,0,0,0,0,26,117,478,786,33300,2021
"Milwaukee-Waukesha, WI Metro Area",782458,661127,605269,55858,44312,6882,4664,19584,19078,78,318,83,27,2916,17837,6366,74628,33340,2021
"Minden, LA Micro Area",13061,11893,11314,579,406,123,50,54,54,0,0,0,0,33,54,204,823,33380,2021
"Mineral Wells, TX Micro Area",11830,10510,9023,1487,847,321,319,53,20,0,0,33,0,29,130,260,848,33420,2021
"Minneapolis-St. Paul-Bloomington, MN-WI Metro Area",1946949,1548033,1403346,144687,111842,18670,14175,70903,61840,2260,2293,4354,156,12397,40790,19947,254879,33460,2021
"Minot, ND Micro Area",41537,37954,33511,4443,3528,367,548,103,98,0,0,5,0,21,781,467,2211,33500,2021
"Missoula, MT Metro Area",64260,52060,46820,5240,3444,1240,556,1038,1018,0,20,0,0,2093,2630,566,5873,33540,2021
"Mitchell, SD Micro Area",11914,10452,9774,678,260,220,198,46,46,0,0,0,0,19,425,200,772,33580,2021
"Moberly, MO Micro Area",10874,10178,9172,1006,756,112,138,36,36,0,0,0,0,9,48,175,428,33620,2021
"Mobile, AL Metro Area",178835,164622,152506,12116,9324,1662,1130,706,660,0,21,0,25,104,1538,1728,10137,33660,2021
"Modesto, CA Metro Area",227453,205588,182088,23500,16943,3941,2616,1597,1422,85,47,25,18,779,2528,2451,14510,33700,2021
"Monroe, LA Metro Area",83275,76965,69376,7589,5644,991,954,685,677,0,8,0,0,305,1148,730,3442,33740,2021
"Monroe, MI Metro Area",70057,64097,59577,4520,3518,595,407,179,179,0,0,0,0,67,899,583,4232,33780,2021
"Montgomery, AL Metro Area",166108,153112,140085,13027,10766,1248,1013,564,562,0,0,0,2,146,2210,1040,9036,33860,2021
"Montrose, CO Micro Area",20359,17200,15033,2167,1454,345,368,21,14,0,0,0,7,74,711,202,2151,33940,2021
"Morehead City, NC Micro Area",30274,27292,25232,2060,1640,262,158,85,80,0,0,0,5,122,328,421,2026,33980,2021
"Morgan City, LA Micro Area",19303,18388,16238,2150,1650,312,188,1,1,0,0,0,0,65,152,202,495,34020,2021
"Morgantown, WV Metro Area",66585,56097,50025,6072,5265,467,340,953,866,72,7,8,0,94,3038,612,5791,34060,2021
"Morristown, TN Metro Area",59611,55117,49306,5811,4458,771,582,135,73,0,53,0,9,58,546,342,3413,34100,2021
"Moscow, ID Micro Area",19283,14898,12746,2152,1658,265,229,144,144,0,0,0,0,275,2175,310,1481,34140,2021
"Moses Lake, WA Micro Area",42516,37465,31787,5678,4383,577,718,358,356,0,0,0,2,117,813,566,3197,34180,2021
"Moultrie, GA Micro Area",18739,17537,15668,1869,1292,349,228,242,242,0,0,0,0,0,258,238,464,34220,2021
"Mountain Home, AR Micro Area",14914,13801,11937,1864,1403,223,238,2,2,0,0,0,0,0,271,101,739,34260,2021
"Mountain Home, ID Micro Area",12757,11877,10425,1452,985,283,184,82,21,61,0,0,0,6,327,168,297,34300,2021
"Mount Airy, NC Micro Area",31277,29742,26267,3475,2559,628,288,34,34,0,0,0,0,42,247,147,1065,34340,2021
"Mount Gay-Shamrock, WV Micro Area",8723,8195,7722,473,374,83,16,24,24,0,0,0,0,0,168,0,336,34350,2021
"Mount Pleasant, MI Micro Area",30181,25994,23480,2514,2033,246,235,226,226,0,0,0,0,237,1955,222,1547,34380,2021
"Mount Pleasant, TX Micro Area",18440,17219,14850,2369,1886,271,212,8,8,0,0,0,0,0,212,365,636,34420,2021
"Mount Sterling, KY Micro Area",17844,16664,14986,1678,1278,265,135,0,0,0,0,0,0,0,174,125,881,34460,2021
"Mount Vernon, IL Micro Area",15863,14637,12888,1749,1327,287,135,54,54,0,0,0,0,4,224,225,719,34500,2021
"Mount Vernon, OH Micro Area",28477,24590,22033,2557,1859,288,410,65,65,0,0,0,0,69,900,407,2446,34540,2021
"Mount Vernon-Anacortes, WA Metro Area",57040,49187,43726,5461,4161,528,772,310,195,0,0,53,62,208,1260,494,5581,34580,2021
"Muncie, IN Metro Area",50864,44590,39928,4662,3614,618,430,713,707,0,0,0,6,247,2140,575,2599,34620,2021
"Murray, KY Micro Area",17518,14914,13516,1398,1259,106,33,15,15,0,0,0,0,56,1696,113,724,34660,2021
"Muscatine, IA Micro Area",20877,19388,17765,1623,1243,255,125,72,72,0,0,0,0,20,440,100,857,34700,2021
"Muskegon, MI Metro Area",75378,70527,63388,7139,5594,1050,495,159,159,0,0,0,0,138,848,432,3274,34740,2021
"Muskogee, OK Micro Area",25398,22910,21053,1857,1522,203,132,198,139,34,0,25,0,91,321,420,1458,34780,2021
"Myrtle Beach-Conway-North Myrtle Beach, SC-NC Metro Area",198618,175822,159215,16607,11246,3396,1965,1123,638,26,6,71,382,378,2115,3300,15880,34820,2021
"Nacogdoches, TX Micro Area",27555,24391,21199,3192,2310,542,340,60,55,0,0,0,5,64,1165,401,1474,34860,2021
"Napa, CA Metro Area",68679,57721,50966,6755,4529,1381,845,897,503,12,0,4,378,652,2059,1026,6324,34900,2021
"Naples-Marco Island, FL Metro Area",155730,133905,116411,17494,11463,3371,2660,1064,1007,48,0,9,0,720,1328,2799,15914,34940,2021
"Nashville-Davidson--Murfreesboro--Franklin, TN Metro Area",1011034,861872,775181,86691,66167,13016,7508,7998,7123,78,588,134,75,1331,12007,10807,117019,34980,2021
"Natchez, MS-LA Micro Area",15085,14188,13290,898,473,364,61,50,50,0,0,0,0,0,232,305,310,35020,2021
"Natchitoches, LA Micro Area",12863,12199,10767,1432,980,248,204,16,16,0,0,0,0,68,253,57,270,35060,2021
"New Bern, NC Metro Area",53347,48666,42684,5982,3818,1229,935,79,55,0,0,0,24,103,1037,623,2839,35100,2021
"Newberry, SC Micro Area",16912,15884,14661,1223,749,290,184,0,0,0,0,0,0,53,276,180,519,35140,2021
"New Castle, IN Micro Area",20136,18625,16994,1631,1261,254,116,42,42,0,0,0,0,20,246,104,1099,35220,2021
"New Castle, PA Micro Area",38624,34327,30787,3540,2822,438,280,299,299,0,0,0,0,11,769,208,3010,35260,2021
"New Haven-Milford, CT Metro Area",423971,352254,317765,34489,28531,3727,2231,13178,9658,288,3002,156,74,1814,14590,5272,36863,35300,2021
"New Orleans-Metairie, LA Metro Area",576440,494170,439118,55052,41865,7771,5416,11632,10068,142,103,1161,158,5475,13751,8709,42703,35380,2021
"New Philadelphia-Dover, OH Micro Area",42403,38607,35329,3278,2240,561,477,26,26,0,0,0,0,515,663,508,2084,35420,2021
"Newport, OR Micro Area",19490,16289,13989,2300,1781,370,149,90,69,0,0,0,21,74,777,209,2051,35440,2021
"Newport, TN Micro Area",14238,13232,11727,1505,1376,127,2,1,0,0,0,1,0,0,199,242,564,35460,2021
"New Ulm, MN Micro Area",13331,11645,10895,750,470,136,144,58,58,0,0,0,0,27,411,55,1135,35580,2021
"New York-Newark-Jersey City, NY-NJ-PA Metro Area",9564577,5118086,4533658,584428,416763,86059,81606,2656256,645187,1668525,300402,18581,23561,68002,528729,180665,1012839,35620,2021
"Niles, MI Metro Area",70443,62434,56636,5798,4665,780,353,413,288,16,87,1,21,157,1777,698,4964,35660,2021
"Nogales, AZ Micro Area",18144,16214,14458,1756,1202,280,274,182,182,0,0,0,0,85,244,407,1012,35700,2021
"Norfolk, NE Micro Area",24957,22387,20298,2089,1383,394,312,96,82,0,0,14,0,104,655,211,1504,35740,2021
"North Platte, NE Micro Area",17593,16188,15042,1146,957,96,93,98,95,0,2,0,1,122,458,176,551,35820,2021
"North Port-Sarasota-Bradenton, FL Metro Area",341882,292481,260824,31657,23527,4309,3821,1609,1388,82,32,70,37,1710,3252,4143,38687,35840,2021
"North Vernon, IN Micro Area",12993,12357,10835,1522,1256,115,151,29,29,0,0,0,0,13,129,8,457,35860,2021
"North Wilkesboro, NC Micro Area",27631,25577,22847,2730,2191,159,380,37,37,0,0,0,0,0,214,169,1634,35900,2021
"Norwalk, OH Micro Area",26776,24827,22757,2070,1555,394,121,87,78,0,0,0,9,82,606,235,939,35940,2021
"Norwich-New London, CT Metro Area",135206,115533,104770,10763,8920,1158,685,1798,1332,62,335,18,51,200,3707,1397,12571,35980,2021
"Oak Harbor, WA Micro Area",38544,31826,27646,4180,3259,465,456,669,302,0,68,0,299,189,1273,519,4068,36020,2021
"Ocala, FL Metro Area",134634,120700,106961,13739,11190,1492,1057,431,405,17,0,9,0,335,711,1901,10556,36100,2021
"Ocean City, NJ Metro Area",41834,36049,32543,3506,3059,275,172,582,439,9,120,3,11,569,1473,694,2467,36140,2021
"Odessa, TX Metro Area",73113,68618,59583,9035,5631,2154,1250,194,179,0,9,6,0,46,1149,684,2422,36220,2021
"Ogden-Clearfield, UT Metro Area",333536,285439,255737,29702,22389,4080,3233,4510,2621,64,1717,77,31,1048,4243,2815,35481,36260,2021
"Ogdensburg-Massena, NY Micro Area",43493,37518,33563,3955,2892,523,540,89,83,1,0,2,3,39,2612,597,2638,36300,2021
"Oil City, PA Micro Area",21711,19358,17193,2165,1817,176,172,56,53,0,2,0,1,11,696,142,1448,36340,2021
"Okeechobee, FL Micro Area",14662,13088,10934,2154,1606,223,325,203,203,0,0,0,0,78,260,291,742,36380,2021
"Oklahoma City, OK Metro Area",681651,611103,549076,62027,47279,8865,5883,2512,2235,60,25,152,40,1762,11078,7804,47392,36420,2021
"Olean, NY Micro Area",32313,28498,25955,2543,2129,254,160,170,165,5,0,0,0,85,1286,328,1946,36460,2021
"Olympia-Lacey-Tumwater, WA Metro Area",135620,112892,100327,12565,9508,1747,1310,2229,1881,70,188,11,79,607,2497,1940,15455,36500,2021
"Omaha-Council Bluffs, NE-IA Metro Area",494891,433085,393518,39567,30483,5389,3695,3726,3629,13,20,61,3,638,8206,4679,44557,36540,2021
"Oneonta, NY Micro Area",26584,22254,19953,2301,1725,274,302,289,257,9,23,0,0,75,1964,216,1786,36580,2021
"Ontario, OR-ID Micro Area",21874,19419,17469,1950,1566,134,250,30,19,0,0,0,11,71,917,260,1177,36620,2021
"Opelousas, LA Micro Area",30463,27897,25332,2565,2020,310,235,87,50,37,0,0,0,57,596,425,1401,36660,2021
"Orangeburg, SC Micro Area",31838,29683,27220,2463,1576,531,356,28,18,10,0,0,0,29,380,241,1477,36700,2021
"Orlando-Kissimmee-Sanford, FL Metro Area",1275837,1087627,967088,120539,94012,16828,9699,15899,14522,501,748,108,20,4531,13614,23517,130649,36740,2021
"Oshkosh-Neenah, WI Metro Area",88459,78403,71747,6656,5366,889,401,515,509,6,0,0,0,606,1959,524,6452,36780,2021
"Oskaloosa, IA Micro Area",11011,9648,8658,990,812,126,52,7,7,0,0,0,0,40,547,116,653,36820,2021
"Othello, WA Micro Area",7749,6971,5764,1207,1044,57,106,13,13,0,0,0,0,0,179,175,411,36830,2021
"Ottawa, IL Micro Area",69617,64732,58956,5776,4109,970,697,97,97,0,0,0,0,182,1207,465,2934,36837,2021
"Ottawa, KS Micro Area",12886,11560,10574,986,755,167,64,0,0,0,0,0,0,0,215,272,839,36840,2021
"Ottumwa, IA Micro Area",15782,14761,13063,1698,1374,202,122,93,93,0,0,0,0,0,337,60,531,36900,2021
"Owatonna, MN Micro Area",18588,16669,15580,1089,787,199,103,204,134,0,0,0,70,9,514,171,1021,36940,2021
"Owensboro, KY Metro Area",53873,50480,46315,4165,2940,797,428,148,148,0,0,0,0,54,741,411,2039,36980,2021
"Oxford, MS Micro Area",25828,23248,21370,1878,1496,249,133,394,371,0,0,0,23,95,662,74,1355,37060,2021
"Oxnard-Thousand Oaks-Ventura, CA Metro Area",402256,344533,306123,38410,28211,6415,3784,3379,2436,217,644,18,64,1437,6431,3408,43068,37100,2021
"Ozark, AL Micro Area",19652,17849,15856,1993,1744,122,127,12,12,0,0,0,0,0,716,273,802,37120,2021
"Paducah, KY-IL Micro Area",41509,38355,35532,2823,2013,475,335,180,156,0,0,0,24,59,516,471,1928,37140,2021
"Pahrump, NV Micro Area",16111,13924,12450,1474,1030,229,215,130,99,31,0,0,0,20,474,474,1089,37220,2021
"Palatka, FL Micro Area",24985,22530,19854,2676,1949,403,324,36,33,0,3,0,0,89,356,189,1785,37260,2021
"Palestine, TX Micro Area",19022,18003,15950,2053,1323,618,112,81,60,0,5,16,0,0,131,172,635,37300,2021
"Palm Bay-Melbourne-Titusville, FL Metro Area",263177,228324,209084,19240,15417,2444,1379,1682,1495,13,39,88,47,1354,2791,3920,25106,37340,2021
"Pampa, TX Micro Area",9405,8712,7396,1316,1117,148,51,0,0,0,0,0,0,0,147,306,240,37420,2021
"Panama City, FL Metro Area",84237,76560,67374,9186,6761,1547,878,493,423,0,0,61,9,272,802,1049,5061,37460,2021
"Paragould, AR Micro Area",19304,18218,15997,2221,1689,166,366,40,27,0,0,0,13,0,358,154,534,37500,2021
"Paris, TN Micro Area",12031,10978,10233,745,631,107,7,72,17,0,0,55,0,12,44,531,394,37540,2021
"Paris, TX Micro Area",22585,20194,18382,1812,1175,375,262,30,30,0,0,0,0,31,787,427,1116,37580,2021
"Parkersburg-Vienna, WV Metro Area",37397,34252,30945,3307,2768,288,251,257,257,0,0,0,0,68,753,232,1835,37620,2021
"Parsons, KS Micro Area",9109,8341,7200,1141,987,113,41,8,4,4,0,0,0,40,264,27,429,37660,2021
"Payson, AZ Micro Area",18592,16901,14491,2410,1943,228,239,13,13,0,0,0,0,14,188,113,1363,37740,2021
"Pearsall, TX Micro Area",6633,5872,5359,513,248,6,259,0,0,0,0,0,0,0,255,155,351,37770,2021
"Pecos, TX Micro Area",6413,6256,5089,1167,916,120,131,0,0,0,0,0,0,0,9,79,69,37780,2021
"Pella, IA Micro Area",16350,14253,13030,1223,930,150,143,55,55,0,0,0,0,69,724,121,1128,37800,2021
"Pensacola-Ferry Pass-Brent, FL Metro Area",225651,189822,168533,21289,16276,3400,1613,1175,1159,0,0,0,16,1243,7202,3625,22584,37860,2021
"Peoria, IL Metro Area",180488,162202,149782,12420,9781,1446,1193,1241,1229,0,12,0,0,418,3607,1082,11938,37900,2021
"Peru, IN Micro Area",15329,14273,12850,1423,1201,158,64,45,45,0,0,0,0,111,233,164,503,37940,2021
"Philadelphia-Camden-Wilmington, PA-NJ-DE-MD Metro Area",3028700,2281671,2065896,215775,168466,27975,19334,238302,127012,52638,51382,6921,349,18118,97511,38316,354782,37980,2021
"Phoenix-Mesa-Chandler, AZ Metro Area",2254347,1845700,1613823,231877,176404,32885,22588,32376,28383,934,360,2506,193,12644,32447,38865,292315,38060,2021
"Picayune, MS Micro Area",21943,20174,17170,3004,2414,408,182,0,0,0,0,0,0,0,287,486,996,38100,2021
"Pierre, SD Micro Area",10956,9794,8600,1194,908,180,106,80,80,0,0,0,0,17,440,30,595,38180,2021
"Pine Bluff, AR Metro Area",30870,28848,27088,1760,1426,164,170,124,116,0,0,8,0,0,303,236,1359,38220,2021
"Pinehurst-Southern Pines, NC Micro Area",43235,36977,33818,3159,2267,643,249,76,39,0,37,0,0,31,510,1693,3948,38240,2021
"Pittsburg, KS Micro Area",18794,17488,16193,1295,995,135,165,0,0,0,0,0,0,147,543,158,458,38260,2021
"Pittsburgh, PA Metro Area",1153267,926790,841627,85163,70468,8702,5993,53949,48363,2220,126,3126,114,2659,34499,11356,124014,38300,2021
"Pittsfield, MA Metro Area",61845,51646,46745,4901,3954,566,381,781,630,110,23,18,0,246,3577,371,5224,38340,2021
"Plainview, TX Micro Area",13874,13238,11757,1481,1039,235,207,20,20,0,0,0,0,2,182,52,380,38380,2021
"Platteville, WI Micro Area",26012,21614,20080,1534,1209,155,170,59,59,0,0,0,0,90,1593,445,2211,38420,2021
"Plattsburgh, NY Micro Area",35223,31410,28119,3291,2598,397,296,137,28,13,0,0,96,76,1383,401,1816,38460,2021
"Plymouth, IN Micro Area",21205,18970,16544,2426,1925,187,314,70,53,0,0,17,0,484,398,312,971,38500,2021
"Pocatello, ID Metro Area",41686,36020,31920,4100,2813,644,643,406,406,0,0,0,0,235,1210,342,3473,38540,2021
"Point Pleasant, WV-OH Micro Area",20940,19479,18363,1116,839,145,132,76,76,0,0,0,0,13,364,71,937,38580,2021
"Ponca City, OK Micro Area",18390,17018,14884,2134,1357,559,218,1,1,0,0,0,0,11,307,328,725,38620,2021
"Ponce, PR Metro Area",60718,56563,52621,3942,2766,801,375,179,107,0,0,72,0,207,1451,642,1676,38660,2021
"Pontiac, IL Micro Area",15892,14059,12744,1315,933,195,187,6,4,0,0,0,2,149,407,428,843,38700,2021
"Poplar Bluff, MO Micro Area",20954,19370,16590,2780,2073,459,248,87,87,0,0,0,0,33,233,158,1073,38740,2021
"Portales, NM Micro Area",8587,7772,6722,1050,868,58,124,17,17,0,0,0,0,17,382,155,244,38780,2021
"Port Angeles, WA Micro Area",29344,24174,21409,2765,2010,394,361,284,253,23,0,0,8,89,1443,453,2901,38820,2021
"Portland-South Portland, ME Metro Area",293436,238247,215255,22992,19144,2197,1651,2346,1790,124,207,0,225,1470,11997,2757,36619,38860,2021
"Portland-Vancouver-Hillsboro, OR-WA Metro Area",1257719,938249,833198,105051,81964,13722,9365,62329,44905,4828,2134,10249,213,21683,39052,15076,181330,38900,2021
"Port Lavaca, TX Micro Area",9493,9119,8079,1040,706,310,24,34,34,0,0,0,0,0,146,0,194,38920,2021
"Port St. Lucie, FL Metro Area",203615,180125,162199,17926,14215,2134,1577,548,477,15,47,9,0,845,2640,2633,16824,38940,2021
"Portsmouth, OH Micro Area",25146,23449,21731,1718,1477,119,122,13,13,0,0,0,0,66,385,167,1066,39020,2021
"Pottsville, PA Micro Area",62641,56917,50859,6058,4751,753,554,310,264,8,18,0,20,68,1956,660,2730,39060,2021
"Poughkeepsie-Newburgh-Middletown, NY Metro Area",327091,265076,239265,25811,19929,3076,2806,15481,6188,1691,7293,253,56,459,11329,4981,29765,39100,2021
"Prescott Valley-Prescott, AZ Metro Area",90468,76856,68067,8789,6563,1463,763,241,233,0,0,0,8,281,3167,1312,8611,39150,2021
"Price, UT Micro Area",8021,7320,6558,762,374,162,226,50,43,0,7,0,0,19,185,48,399,39220,2021
"Prineville, OR Micro Area",10267,9142,8291,851,678,158,15,0,0,0,0,0,0,27,122,47,929,39260,2021
"Providence-Warwick, RI-MA Metro Area",824719,710342,641491,68851,52596,9871,6384,17261,9867,1083,6134,64,113,2042,22426,8429,64219,39300,2021
"Provo-Orem, UT Metro Area",309354,248749,216914,31835,24352,4280,3203,6069,3158,401,2146,364,0,2079,10151,2608,39698,39340,2021
"Pueblo, CO Metro Area",69303,63928,56583,7345,5307,1197,841,371,321,7,37,0,6,213,1098,487,3206,39380,2021
"Pullman, WA Micro Area",21972,15218,13167,2051,1411,249,391,859,857,0,2,0,0,374,3439,252,1830,39420,2021
"Punta Gorda, FL Metro Area",64817,54269,49520,4749,3927,468,354,173,97,15,0,0,61,397,732,1458,7788,39460,2021
"Quincy, IL-MO Micro Area",36638,33000,29956,3044,2472,447,125,171,152,0,0,0,19,72,930,292,2173,39500,2021
"Racine, WI Metro Area",94929,84761,78164,6597,5142,985,470,1069,934,0,111,0,24,144,882,1929,6144,39540,2021
"Raleigh-Cary, NC Metro Area",709796,569357,517179,52178,39790,7687,4701,5088,4886,57,88,31,26,942,7785,7164,119460,39580,2021
"Rapid City, SD Metro Area",69602,61378,55347,6031,4549,705,777,362,319,0,0,0,43,314,1892,646,5010,39660,2021
"Raymondville, TX Micro Area",8045,7265,6714,551,419,120,12,0,0,0,0,0,0,0,234,45,501,39700,2021
"Reading, PA Metro Area",204581,174732,158112,16620,12899,2251,1470,2889,2689,124,39,0,37,410,6514,4154,15882,39740,2021
"Red Bluff, CA Micro Area",25121,22891,20593,2298,1444,684,170,63,54,0,9,0,0,53,408,133,1573,39780,2021
"Redding, CA Metro Area",73769,65057,58415,6642,4725,1344,573,328,248,29,21,0,30,542,1710,705,5427,39820,2021
"Red Wing, MN Micro Area",23904,21149,19449,1700,1268,274,158,317,317,0,0,0,0,51,526,111,1750,39860,2021
"Reno, NV Metro Area",241918,205856,176856,29000,21747,4101,3152,4954,4931,0,0,6,17,1179,4919,4920,20090,39900,2021
"Rexburg, ID Micro Area",29833,25227,20739,4488,3865,420,203,179,179,0,0,0,0,91,1432,137,2767,39940,2021
"Richmond, IN Micro Area",29733,26557,23673,2884,2035,432,417,109,104,0,0,0,5,19,942,584,1522,39980,2021
"Richmond, VA Metro Area",654556,549100,498732,50368,39552,6816,4000,8655,7620,183,683,133,36,2693,9196,7200,77712,40060,2021
"Richmond-Berea, KY Micro Area",47625,42425,37475,4950,4061,588,301,57,57,0,0,0,0,41,2088,316,2698,40080,2021
"Rio Grande City-Roma, TX Micro Area",22795,19793,16674,3119,2565,382,172,25,25,0,0,0,0,0,1036,284,1657,40100,2021
"Riverside-San Bernardino-Ontario, CA Metro Area",1946306,1716182,1500870,215312,152890,36147,26275,20304,12724,1098,5900,460,122,3971,26166,25461,154222,40140,2021
"Riverton, WY Micro Area",16164,13496,12001,1495,1210,236,49,86,61,20,0,0,5,305,671,268,1338,40180,2021
"Roanoke, VA Metro Area",146988,127264,117747,9517,7073,1212,1232,1953,1845,52,15,41,0,225,3040,1558,12948,40220,2021
"Roanoke Rapids, NC Micro Area",23922,22178,19528,2650,1898,386,366,15,15,0,0,0,0,0,231,432,1066,40260,2021
"Rochelle, IL Micro Area",24103,22140,20011,2129,1722,320,87,105,35,7,0,11,52,0,270,297,1291,40300,2021
"Rochester, MN Metro Area",117519,96571,83699,12872,9927,1841,1104,4034,4002,0,0,0,32,606,4122,1139,11047,40340,2021
"Rochester, NY Metro Area",519339,442476,401622,40854,33620,4137,3097,8662,8190,283,81,10,98,2192,14681,5005,46323,40380,2021
"Rockford, IL Metro Area",154034,139872,124843,15029,11652,1974,1403,1267,1095,7,79,45,41,350,1818,1471,9256,40420,2021
"Rockingham, NC Micro Area",17684,16741,15262,1479,1017,311,151,53,53,0,0,0,0,0,316,85,489,40460,2021
"Rockport, TX Micro Area",8924,7622,6890,732,577,137,18,44,44,0,0,0,0,68,84,143,963,40530,2021
"Rock Springs, WY Micro Area",20579,18703,15801,2902,2017,560,325,496,490,0,0,0,6,156,566,140,518,40540,2021
"Rocky Mount, NC Metro Area",61420,55828,50819,5009,3888,731,390,407,387,0,0,20,0,6,642,1059,3478,40580,2021
"Rolla, MO Micro Area",18381,16687,14637,2050,1499,388,163,14,14,0,0,0,0,31,662,93,894,40620,2021
"Rome, GA Metro Area",41837,37493,33203,4290,2741,993,556,72,61,0,0,0,11,83,1691,530,1968,40660,2021
"Roseburg, OR Micro Area",42177,37360,32247,5113,4135,672,306,107,107,0,0,0,0,91,997,297,3325,40700,2021
"Roswell, NM Micro Area",26217,24507,21945,2562,1475,704,383,137,133,4,0,0,0,93,338,377,765,40740,2021
"Ruidoso, NM Micro Area",7690,6391,5778,613,379,162,72,15,15,0,0,0,0,0,76,149,1059,40760,2021
"Russellville, AR Micro Area",35534,32646,29018,3628,3105,274,249,114,114,0,0,0,0,27,538,401,1808,40780,2021
"Ruston, LA Micro Area",20961,19198,17573,1625,1154,121,350,0,0,0,0,0,0,28,455,117,1163,40820,2021
"Rutland, VT Micro Area",29424,25954,23854,2100,1588,165,347,193,174,4,15,0,0,13,915,183,2166,40860,2021
"Sacramento-Roseville-Folsom, CA Metro Area",1083106,875628,780777,94851,69898,14932,10021,20400,13577,1226,1842,3589,166,12416,17595,14808,142259,40900,2021
"Safford, AZ Micro Area",13178,12294,10677,1617,1074,168,375,32,32,0,0,0,0,0,165,124,563,40940,2021
"Saginaw, MI Metro Area",80075,72371,64858,7513,6063,979,471,355,326,0,0,15,14,263,1577,641,4868,40980,2021
"St. Cloud, MN Metro Area",104271,90453,82416,8037,5877,1039,1121,1292,1150,12,103,15,12,351,4228,811,7136,41060,2021
"St. George, UT Metro Area",73845,62757,55646,7111,5280,1124,707,204,190,14,0,0,0,285,961,984,8654,41100,2021
"St. Joseph, MO-KS Metro Area",55052,50512,45489,5023,3832,858,333,255,208,40,0,0,7,35,937,642,2671,41140,2021
"St. Louis, MO-IL Metro Area",1389121,1193184,1099633,93551,73602,11925,8024,23651,19122,2473,796,1161,99,2578,21567,12447,135694,41180,2021
"St. Marys, GA Micro Area",25709,21919,20129,1790,1588,147,55,59,59,0,0,0,0,144,1261,245,2081,41220,2021
"St. Marys, PA Micro Area",15047,13939,12500,1439,1181,235,23,108,88,0,0,0,20,38,428,149,385,41260,2021
"Salem, OH Micro Area",45663,41977,38038,3939,3009,647,283,94,94,0,0,0,0,313,865,550,1864,41400,2021
"Salem, OR Metro Area",192416,162397,142999,19398,14951,2426,2021,2617,2554,0,29,22,12,1543,5011,2021,18827,41420,2021
"Salina, KS Micro Area",29754,27059,24226,2833,2241,463,129,122,90,32,0,0,0,90,610,458,1415,41460,2021
"Salinas, CA Metro Area",191033,154938,135262,19676,14582,2806,2288,1956,1821,26,39,18,52,864,4600,14999,13676,41500,2021
"Salisbury, MD-DE Metro Area",182016,160970,145717,15253,10933,2404,1916,891,740,115,36,0,0,662,2996,2110,14387,41540,2021
"Salt Lake City, UT Metro Area",643442,522713,456755,65958,49957,8893,7108,17930,9747,1249,2361,4455,118,3877,12089,6111,80722,41620,2021
"San Angelo, TX Metro Area",59070,51676,45551,6125,4336,1082,707,132,59,48,0,0,25,176,2424,973,3689,41660,2021
"San Antonio-New Braunfels, TX Metro Area",1187332,1025170,897556,127614,91049,22217,14348,16429,15947,62,195,27,198,2243,18668,16760,108062,41700,2021
"San Diego-Chula Vista-Carlsbad, CA Metro Area",1618547,1294287,1159023,135264,101765,19723,13776,39313,31634,919,2190,4123,447,8669,47500,27143,201635,41740,2021
"Sandpoint, ID Micro Area",18758,15931,14375,1556,1213,328,15,199,177,0,22,0,0,381,505,161,1581,41760,2021
"Sandusky, OH Micro Area",35462,33129,30119,3010,2531,235,244,246,211,0,0,18,17,7,322,548,1210,41780,2021
"Sanford, NC Micro Area",28050,26262,22812,3450,3170,149,131,115,115,0,0,0,0,0,182,396,1095,41820,2021
"San Francisco-Oakland-Berkeley, CA Metro Area",2399468,1487806,1281246,206560,149983,35798,20779,330768,146179,136457,29738,11703,6691,37273,103233,49756,390632,41860,2021
"San Germán, PR Metro Area",33100,30241,28627,1614,1271,226,117,232,79,70,0,83,0,0,1042,152,1433,41900,2021
"San Jose-Sunnyvale-Santa Clara, CA Metro Area",1008967,771940,676648,95292,71716,14226,9350,33646,18434,2549,9767,2808,88,13935,21518,13720,154208,41940,2021
"San Juan-Bayamón-Caguas, PR Metro Area",700554,624984,570130,54854,43891,7723,3240,12150,5412,2137,40,4353,208,895,17799,13609,31117,41980,2021
"San Luis Obispo-Paso Robles, CA Metro Area",128905,104294,91678,12616,9224,1824,1568,1056,1038,0,8,0,10,1855,6249,1361,14090,42020,2021
"Santa Cruz-Watsonville, CA Metro Area",132141,99113,87514,11599,8464,2163,972,2497,2393,84,20,0,0,3083,5865,3153,18430,42100,2021
"Santa Fe, NM Metro Area",70217,58827,52434,6393,4443,1427,523,475,418,20,37,0,0,340,1313,599,8663,42140,2021
"Santa Isabel, PR Micro Area",6957,6568,6303,265,182,22,61,0,0,0,0,0,0,62,123,0,204,42180,2021
"Santa Maria-Santa Barbara, CA Metro Area",207493,165674,139999,25675,17761,4804,3110,4828,4638,26,140,0,24,5492,8308,2328,20863,42200,2021
"Santa Rosa-Petaluma, CA Metro Area",245200,202982,178575,24407,18508,3693,2206,3646,2919,147,475,45,60,1592,5652,3570,27758,42220,2021
"Sault Ste. Marie, MI Micro Area",15427,13518,11690,1828,1474,282,72,59,57,0,0,0,2,148,565,229,908,42300,2021
"Savannah, GA Metro Area",191879,169469,153043,16426,12954,2106,1366,2554,2533,10,0,11,0,1157,3717,3174,11808,42340,2021
"Sayre, PA Micro Area",25559,22495,20515,1980,1516,297,167,47,47,0,0,0,0,43,1071,222,1681,42380,2021
"Scottsbluff, NE Micro Area",17685,16111,14348,1763,1331,268,164,11,11,0,0,0,0,46,345,122,1050,42420,2021
"Scottsboro, AL Micro Area",19451,18137,16587,1550,1064,330,156,20,14,0,6,0,0,21,247,288,738,42460,2021
"Scottsburg, IN Micro Area",10435,9486,8362,1124,926,99,99,0,0,0,0,0,0,137,167,29,616,42500,2021
"Scranton--Wilkes-Barre, PA Metro Area",262114,231043,204490,26553,20435,2779,3339,2250,2133,94,6,0,17,412,7556,2459,18394,42540,2021
"Searcy, AR Micro Area",31543,29383,26553,2830,1945,746,139,81,81,0,0,0,0,60,695,256,1068,42620,2021
"Seattle-Tacoma-Bellevue, WA Metro Area",2056375,1471002,1283615,187387,144009,24261,19117,161679,137545,6554,9122,6967,1491,17618,73680,25418,306978,42660,2021
"Sebastian-Vero Beach, FL Metro Area",61383,53549,48674,4875,3870,707,298,212,141,30,20,0,21,403,417,841,5961,42680,2021
"Sebring-Avon Park, FL Metro Area",33498,29680,25832,3848,3215,416,217,352,318,25,9,0,0,89,810,477,2090,42700,2021
"Sedalia, MO Micro Area",19245,17514,15761,1753,1347,157,249,29,29,0,0,0,0,54,341,268,1039,42740,2021
"Selinsgrove, PA Micro Area",19241,16535,14630,1905,1392,272,241,64,45,0,0,19,0,241,1003,135,1263,42780,2021
"Selma, AL Micro Area",14537,13635,12743,892,706,128,58,110,102,0,8,0,0,0,183,107,502,42820,2021
"Seneca, SC Micro Area",31849,29117,25579,3538,2461,662,415,111,111,0,0,0,0,0,265,226,2130,42860,2021
"Seneca Falls, NY Micro Area",14935,13013,11600,1413,1063,162,188,79,70,9,0,0,0,52,417,360,1014,42900,2021
"Sevierville, TN Micro Area",44914,40539,34679,5860,4322,1131,407,242,196,8,15,23,0,303,665,156,3009,42940,2021
"Seymour, IN Micro Area",21220,19579,17504,2075,1534,397,144,20,20,0,0,0,0,28,585,281,727,42980,2021
"Shawano, WI Micro Area",20904,18080,16898,1182,918,104,160,38,38,0,0,0,0,73,628,356,1729,43020,2021
"Shawnee, OK Micro Area",30024,27573,25382,2191,1724,241,226,20,14,0,0,0,6,57,574,326,1474,43060,2021
"Sheboygan, WI Metro Area",59801,53275,48778,4497,3475,690,332,205,201,0,4,0,0,445,1320,506,4050,43100,2021
"Shelby, NC Micro Area",41613,38619,34762,3857,3007,548,302,1,1,0,0,0,0,0,966,354,1673,43140,2021
"Shelbyville, TN Micro Area",22072,20584,17434,3150,2526,359,265,17,0,0,0,17,0,0,105,410,956,43180,2021
"Shelton, WA Micro Area",25183,22222,19250,2972,2344,383,245,229,172,0,0,0,57,10,380,321,2021,43220,2021
"Sheridan, WY Micro Area",15016,13326,11987,1339,872,326,141,0,0,0,0,0,0,46,376,63,1205,43260,2021
"Sherman-Denison, TX Metro Area",62444,55748,48893,6855,5529,648,678,231,176,0,0,55,0,83,956,403,5023,43300,2021
"Show Low, AZ Micro Area",33257,28492,25105,3387,2835,394,158,402,397,0,0,5,0,143,1230,401,2589,43320,2021
"Shreveport-Bossier City, LA Metro Area",163630,150242,136085,14157,10998,2257,902,1981,1962,0,0,0,19,216,1609,2433,7149,43340,2021
"Sidney, OH Micro Area",23770,22143,19741,2402,2073,162,167,35,33,2,0,0,0,161,188,110,1133,43380,2021
"Sierra Vista-Douglas, AZ Metro Area",47114,40652,36403,4249,2489,758,1002,223,223,0,0,0,0,237,1293,1200,3509,43420,2021
"Sikeston, MO Micro Area",16930,16037,13898,2139,1588,273,278,4,4,0,0,0,0,0,193,112,584,43460,2021
"Silver City, NM Micro Area",9332,7925,6786,1139,540,414,185,58,58,0,0,0,0,39,333,30,947,43500,2021
"Sioux City, IA-NE-SD Metro Area",73772,67540,60486,7054,5364,1052,638,674,659,0,0,0,15,57,1497,375,3629,43580,2021
"Sioux Falls, SD Metro Area",148562,132613,121351,11262,8392,1609,1261,724,724,0,0,0,0,372,2890,901,11062,43620,2021
"Snyder, TX Micro Area",6601,6287,5499,788,594,59,135,0,0,0,0,0,0,0,82,67,165,43660,2021
"Somerset, KY Micro Area",25759,24474,22410,2064,1720,249,95,90,67,0,0,0,23,5,293,141,756,43700,2021
"Somerset, PA Micro Area",32055,28777,26529,2248,1604,347,297,26,10,4,1,0,11,26,715,334,2177,43740,2021
"Sonora, CA Micro Area",20686,17807,16142,1665,1285,247,133,88,88,0,0,0,0,40,621,234,1896,43760,2021
"South Bend-Mishawaka, IN-MI Metro Area",152349,133020,120480,12540,10007,1429,1104,1368,1130,108,57,63,10,724,5268,1447,10522,43780,2021
"Spartanburg, SC Metro Area",148084,136356,122164,14192,11089,1968,1135,331,225,12,55,0,39,35,1520,1425,8417,43900,2021
"Spearfish, SD Micro Area",13587,12192,11001,1191,1077,88,26,72,72,0,0,0,0,36,517,76,694,43940,2021
"Spencer, IA Micro Area",7926,6819,6166,653,380,204,69,53,53,0,0,0,0,24,308,32,690,43980,2021
"Spirit Lake, IA Micro Area",9130,8087,7376,711,661,46,4,24,24,0,0,0,0,46,147,78,748,44020,2021
"Spokane-Spokane Valley, WA Metro Area",259845,216788,193670,23118,18305,2869,1944,5432,5423,0,3,0,6,1059,7024,2628,26914,44060,2021
"Springfield, IL Metro Area",97955,86160,79912,6248,4979,733,536,929,865,64,0,0,0,438,1354,1244,7830,44100,2021
"Springfield, MA Metro Area",325715,271643,248764,22879,17858,2956,2065,6839,6628,127,84,0,0,1396,12855,3097,29885,44140,2021
"Springfield, MO Metro Area",219447,197110,177988,19122,15520,2153,1449,1459,1414,0,45,0,0,571,4366,1807,14134,44180,2021
"Springfield, OH Metro Area",59480,53525,47833,5692,4397,786,509,324,324,0,0,0,0,80,1495,255,3801,44220,2021
"Starkville, MS Micro Area",24801,22421,20621,1800,1506,215,79,70,70,0,0,0,0,49,327,379,1555,44260,2021
"State College, PA Metro Area",73547,55800,49717,6083,4775,755,553,3555,3544,0,0,11,0,1181,5340,533,7138,44300,2021
"Statesboro, GA Micro Area",34007,30082,26961,3121,2187,761,173,236,236,0,0,0,0,294,721,610,2064,44340,2021
"Staunton, VA Metro Area",58934,53967,49007,4960,3985,665,310,234,228,1,0,0,5,80,965,389,3299,44420,2021
"Steamboat Springs, CO Micro Area",13889,10734,9660,1074,700,264,110,277,253,24,0,0,0,530,513,67,1768,44460,2021
"Stephenville, TX Micro Area",19506,17458,15323,2135,1717,345,73,1,1,0,0,0,0,223,518,235,1071,44500,2021
"Sterling, CO Micro Area",10679,9418,8144,1274,685,427,162,274,274,0,0,0,0,20,156,28,783,44540,2021
"Sterling, IL Micro Area",26182,24179,21804,2375,1893,389,93,107,107,0,0,0,0,170,826,110,790,44580,2021
"Stevens Point, WI Micro Area",36881,30968,28109,2859,2379,325,155,197,191,4,2,0,0,264,1579,311,3562,44620,2021
"Stillwater, OK Micro Area",36521,31438,27956,3482,3074,228,180,248,231,0,0,0,17,360,1886,358,2231,44660,2021
"Stockton, CA Metro Area",314888,282385,245614,36771,25925,5991,4855,4424,1795,696,1708,186,39,1168,3430,2755,20726,44700,2021
"Storm Lake, IA Micro Area",10138,8683,6949,1734,1276,320,138,29,16,0,0,13,0,31,612,51,732,44740,2021
"Sturgis, MI Micro Area",27475,24587,20315,4272,3162,499,611,101,76,25,0,0,0,336,743,348,1360,44780,2021
"Sulphur Springs, TX Micro Area",16847,15700,14048,1652,1152,387,113,150,148,0,2,0,0,0,162,145,690,44860,2021
"Summerville, GA Micro Area",9026,8638,7722,916,694,85,137,3,3,0,0,0,0,10,101,70,204,44900,2021
"Sumter, SC Metro Area",56546,52857,48034,4823,3648,662,513,130,130,0,0,0,0,132,938,605,1884,44940,2021
"Sunbury, PA Micro Area",40699,36531,32623,3908,3193,370,345,96,96,0,0,0,0,43,1145,448,2436,44980,2021
"Susanville, CA Micro Area",8513,7768,6740,1028,840,61,127,25,25,0,0,0,0,19,186,44,471,45000,2021
"Sweetwater, TX Micro Area",5982,5581,4497,1084,588,178,318,0,0,0,0,0,0,0,96,129,176,45020,2021
"Syracuse, NY Metro Area",305869,259926,236426,23500,19930,2169,1401,5969,5832,106,7,24,0,844,11346,4237,23547,45060,2021
"Tahlequah, OK Micro Area",19620,17497,14964,2533,1654,572,307,17,17,0,0,0,0,85,707,265,1049,45140,2021
"Talladega-Sylacauga, AL Micro Area",31461,29286,26172,3114,1738,766,610,57,57,0,0,0,0,129,343,624,1022,45180,2021
"Tallahassee, FL Metro Area",182769,157044,142785,14259,11542,1788,929,2539,2473,0,0,0,66,867,3558,1705,17056,45220,2021
"Tampa-St. Petersburg-Clearwater, FL Metro Area",1465092,1217121,1096293,120828,92535,17265,11028,15015,14527,173,98,143,74,7918,18812,23926,182300,45300,2021
"Taos, NM Micro Area",13257,10771,9450,1321,1142,72,107,235,235,0,0,0,0,107,368,198,1578,45340,2021
"Taylorville, IL Micro Area",14380,13386,12204,1182,860,253,69,7,7,0,0,0,0,34,225,70,658,45380,2021
"Terre Haute, IN Metro Area",80575,73580,65452,8128,6218,797,1113,477,428,45,4,0,0,275,2738,682,2823,45460,2021
"Texarkana, TX-AR Metro Area",59647,56517,51562,4955,3426,563,966,194,188,0,0,6,0,39,508,582,1807,45500,2021
"The Dalles, OR Micro Area",11638,10187,9215,972,709,79,184,11,11,0,0,0,0,52,447,169,772,45520,2021
"The Villages, FL Metro Area",26098,21057,18992,2065,1387,617,61,6,6,0,0,0,0,306,468,1400,2861,45540,2021
"Thomaston, GA Micro Area",10880,10466,9791,675,554,61,60,8,8,0,0,0,0,0,178,101,127,45580,2021
"Thomasville, GA Micro Area",20845,19683,16732,2951,2157,600,194,33,33,0,0,0,0,57,140,47,885,45620,2021
"Tiffin, OH Micro Area",26250,23548,21391,2157,1716,257,184,76,64,12,0,0,0,66,1298,368,894,45660,2021
"Tifton, GA Micro Area",17588,16403,14570,1833,1103,193,537,55,55,0,0,0,0,68,288,224,550,45700,2021
"Toccoa, GA Micro Area",11395,10254,9270,984,916,45,23,0,0,0,0,0,0,14,372,55,700,45740,2021
"Toledo, OH Metro Area",301061,271669,248904,22765,17926,2466,2373,2869,2669,0,10,26,164,740,6467,2736,16580,45780,2021
"Topeka, KS Metro Area",110244,98619,88564,10055,7185,1771,1099,870,870,0,0,0,0,119,1662,988,7986,45820,2021
"Torrington, CT Micro Area",94762,82020,75527,6493,4970,672,851,918,185,323,352,58,0,151,2312,865,8496,45860,2021
"Traverse City, MI Micro Area",71934,61957,54965,6992,5303,1294,395,586,529,0,39,0,18,621,1239,580,6951,45900,2021
"Trenton-Princeton, NJ Metro Area",181448,137701,118415,19286,13556,3342,2388,10796,3204,404,6990,198,0,564,6993,2198,23196,45940,2021
"Troy, AL Micro Area",13128,12224,11016,1208,909,207,92,48,48,0,0,0,0,29,202,183,442,45980,2021
"Truckee-Grass Valley, CA Micro Area",45924,35297,32277,3020,2469,263,288,25,25,0,0,0,0,236,850,669,8847,46020,2021
"Tucson, AZ Metro Area",454998,378200,334022,44178,31959,7795,4424,7811,7553,18,0,230,10,5407,9377,7386,46817,46060,2021
"Tullahoma-Manchester, TN Micro Area",46268,42050,38040,4010,3083,455,472,23,3,0,20,0,0,145,1032,65,2953,46100,2021
"Tulsa, OK Metro Area",465989,418752,376171,42581,33323,5510,3748,1532,1437,4,64,0,27,677,5882,6248,32898,46140,2021
"Tupelo, MS Micro Area",72483,69223,63542,5681,4479,628,574,73,73,0,0,0,0,44,242,650,2251,46180,2021
"Tuscaloosa, AL Metro Area",117495,108775,96672,12103,9851,1701,551,908,891,9,6,0,2,207,1070,689,5846,46220,2021
"Twin Falls, ID Metro Area",51637,46998,42231,4767,3544,806,417,103,103,0,0,0,0,39,712,384,3401,46300,2021
"Tyler, TX Metro Area",105641,95560,86875,8685,5913,1702,1070,544,544,0,0,0,0,333,859,1902,6443,46340,2021
"Ukiah, CA Micro Area",37623,31080,27478,3602,2449,566,587,84,84,0,0,0,0,94,2378,341,3646,46380,2021
"Union, SC Micro Area",10699,10195,9003,1192,883,210,99,16,16,0,0,0,0,8,120,149,211,46420,2021
"Union City, TN Micro Area",12853,12109,11041,1068,729,223,116,0,0,0,0,0,0,13,272,188,271,46460,2021
"Urbana, OH Micro Area",17763,16327,14392,1935,1808,96,31,1,1,0,0,0,0,33,400,78,924,46500,2021
"Urban Honolulu, HI Metro Area",506185,397893,330835,67058,48071,11582,7405,31987,31906,29,16,7,29,4735,26405,12866,32299,46520,2021
"Utica-Rome, NY Metro Area",128407,112171,101685,10486,8456,1299,731,1484,1372,68,16,12,16,125,4415,842,9370,46540,2021
"Uvalde, TX Micro Area",10168,9501,8156,1345,1005,144,196,0,0,0,0,0,0,0,106,223,338,46620,2021
"Valdosta, GA Metro Area",63080,57845,52324,5521,4128,969,424,138,112,0,9,17,0,216,1622,891,2368,46660,2021
"Vallejo, CA Metro Area",210032,182295,157169,25126,17305,4095,3726,5493,2155,779,770,16,1773,597,2409,2303,16935,46700,2021
"Van Wert, OH Micro Area",13741,12736,11691,1045,740,172,133,13,13,0,0,0,0,8,312,233,439,46780,2021
"Vermillion, SD Micro Area",7425,5803,5132,671,452,121,98,29,5,0,24,0,0,154,926,4,509,46820,2021
"Vernal, UT Micro Area",13794,12431,10549,1882,1181,249,452,83,83,0,0,0,0,69,363,134,714,46860,2021
"Vernon, TX Micro Area",5726,5425,4391,1034,785,161,88,3,3,0,0,0,0,4,110,41,143,46900,2021
"Vicksburg, MS Micro Area",19013,18121,16959,1162,788,111,263,105,105,0,0,0,0,20,132,246,389,46980,2021
"Victoria, TX Metro Area",44186,39865,34991,4874,3520,910,444,410,410,0,0,0,0,142,822,243,2704,47020,2021
"Vidalia, GA Micro Area",13421,12568,10927,1641,1153,389,99,49,49,0,0,0,0,50,410,57,287,47080,2021
"Vincennes, IN Micro Area",17168,16000,14970,1030,799,138,93,46,46,0,0,0,0,130,512,168,312,47180,2021
"Vineland-Bridgeton, NJ Metro Area",61067,56221,48295,7926,5663,1284,979,821,730,12,24,22,33,209,697,619,2500,47220,2021
"Vineyard Haven, MA Micro Area",10001,7369,6616,753,586,140,27,150,19,6,0,7,118,75,330,115,1962,47240,2021
"Virginia Beach-Norfolk-Newport News, VA-NC Metro Area",901367,777608,706155,71453,55843,9971,5639,12475,11437,258,271,266,243,2628,27702,13608,67346,47260,2021
"Visalia, CA Metro Area",181690,167329,142930,24399,16195,4413,3791,871,844,10,17,0,0,351,2609,1640,8890,47300,2021
"Wabash, IN Micro Area",14227,12931,12005,926,581,156,189,44,44,0,0,0,0,24,421,163,644,47340,2021
"Waco, TX Metro Area",121987,110869,99837,11032,8283,1285,1464,632,591,41,0,0,0,143,2346,1073,6924,47380,2021
"Wahpeton, ND-MN Micro Area",11318,10046,9190,856,646,136,74,64,40,0,0,0,24,35,401,93,679,47420,2021
"Walla Walla, WA Metro Area",26274,21229,18864,2365,1700,324,341,192,192,0,0,0,0,275,1719,286,2573,47460,2021
"Wapakoneta, OH Micro Area",23381,21470,20021,1449,1188,190,71,72,62,0,0,10,0,110,526,192,1011,47540,2021
"Warner Robins, GA Metro Area",87828,81023,72593,8430,6161,1732,537,221,104,0,0,74,43,206,792,1076,4510,47580,2021
"Warren, PA Micro Area",17263,15554,13653,1901,1668,156,77,113,92,21,0,0,0,32,661,235,668,47620,2021
"Warrensburg, MO Micro Area",27034,24254,21693,2561,1588,707,266,12,12,0,0,0,0,58,906,249,1555,47660,2021
"Warsaw, IN Micro Area",39070,35082,30450,4632,3689,486,457,100,94,0,6,0,0,195,966,238,2489,47700,2021
"Washington, IN Micro Area",14614,13175,10312,2863,1209,422,1232,21,21,0,0,0,0,172,535,175,536,47780,2021
"Washington, NC Micro Area",18363,16856,15701,1155,723,409,23,40,23,0,0,0,17,14,187,241,1025,47820,2021
"Washington-Arlington-Alexandria, DC-VA-MD-WV Metro Area",3357080,2323525,2039223,284302,202989,48298,33015,339597,122335,194622,20565,1838,237,24782,96610,55237,517329,47900,2021
"Washington Court House, OH Micro Area",12304,11709,10724,985,769,201,15,80,80,0,0,0,0,0,61,27,427,47920,2021
"Waterloo-Cedar Falls, IA Metro Area",84550,73955,67051,6904,5274,901,729,288,286,0,0,0,2,306,3133,531,6337,47940,2021
"Watertown, SD Micro Area",18094,16429,15093,1336,906,268,162,0,0,0,0,0,0,103,299,117,1146,47980,2021
"Watertown-Fort Atkinson, WI Micro Area",45724,40546,37092,3454,2810,431,213,115,81,0,6,0,28,104,1671,400,2888,48020,2021
"Watertown-Fort Drum, NY Metro Area",53880,46332,42034,4298,3265,831,202,296,283,6,0,0,7,50,2538,1029,3635,48060,2021
"Wauchula, FL Micro Area",8871,8290,6921,1369,1100,92,177,143,143,0,0,0,0,26,100,55,257,48100,2021
"Wausau-Weston, WI Metro Area",84410,74093,67279,6814,5087,1239,488,207,204,0,3,0,0,185,1649,832,7444,48140,2021
"Waycross, GA Micro Area",20756,19984,18039,1945,1522,264,159,40,25,15,0,0,0,9,210,182,331,48180,2021
"Weatherford, OK Micro Area",14438,13635,12152,1483,920,288,275,5,0,0,0,5,0,13,313,44,428,48220,2021
"Weirton-Steubenville, WV-OH Metro Area",49817,44398,41262,3136,2476,357,303,238,171,39,8,20,0,3,1744,453,2981,48260,2021
"Wenatchee, WA Metro Area",55944,47910,44310,3600,2863,535,202,530,530,0,0,0,0,329,1691,1602,3882,48300,2021
"West Plains, MO Micro Area",15246,14400,12492,1908,1597,220,91,27,27,0,0,0,0,0,173,159,487,48460,2021
"West Point, MS Micro Area",6950,6282,5905,377,231,21,125,0,0,0,0,0,0,65,13,38,552,48500,2021
"Wheeling, WV-OH Metro Area",59597,55151,50969,4182,3464,518,200,262,238,21,0,3,0,84,1312,257,2531,48540,2021
"Whitewater, WI Micro Area",54693,47780,43504,4276,3102,696,478,197,103,21,51,0,22,195,1895,357,4269,48580,2021
"Wichita, KS Metro Area",305658,277831,251273,26558,19070,4818,2670,1432,1277,65,5,25,60,972,4593,3818,17012,48620,2021
"Wichita Falls, TX Metro Area",69828,59630,52504,7126,5197,1234,695,152,131,0,0,10,11,166,4985,1019,3876,48660,2021
"Williamsport, PA Metro Area",51441,45865,41435,4430,3450,363,617,554,554,0,0,0,0,224,1645,315,2838,48700,2021
"Williston, ND Micro Area",19972,18666,17103,1563,1243,127,193,51,28,0,13,10,0,3,498,231,523,48780,2021
"Willmar, MN Micro Area",22078,19500,17539,1961,1219,311,431,275,273,2,0,0,0,98,424,195,1586,48820,2021
"Wilmington, NC Metro Area",138461,118314,107252,11062,8456,1289,1317,536,457,17,62,0,0,488,1925,795,16403,48900,2021
"Wilmington, OH Micro Area",19268,17379,16037,1342,965,227,150,44,24,0,0,0,20,40,495,247,1063,48940,2021
"Wilson, NC Micro Area",33661,31433,28187,3246,2340,531,375,56,46,1,9,0,0,12,468,534,1158,48980,2021
"Winchester, VA-WV Metro Area",66816,59418,53281,6137,5161,481,495,298,253,7,38,0,0,93,1281,451,5275,49020,2021
"Winfield, KS Micro Area",14863,13722,12057,1665,1281,246,138,24,16,0,8,0,0,51,315,237,514,49060,2021
"Winnemucca, NV Micro Area",8130,6109,4946,1163,656,110,397,771,771,0,0,0,0,0,294,202,754,49080,2021
"Winona, MN Micro Area",27397,22753,21120,1633,1270,279,84,398,394,0,0,4,0,299,1636,228,2083,49100,2021
"Winston-Salem, NC Metro Area",304046,271982,245252,26730,20880,3529,2321,1814,1759,0,7,0,48,452,4055,2742,23001,49180,2021
"Wisconsin Rapids-Marshfield, WI Micro Area",35047,31657,28406,3251,2483,561,207,41,25,0,16,0,0,134,749,320,2146,49220,2021
"Woodward, OK Micro Area",10695,9997,8711,1286,821,305,160,0,0,0,0,0,0,4,128,190,376,49260,2021
"Wooster, OH Micro Area",53823,46821,40971,5850,3819,762,1269,101,66,0,0,0,35,853,1998,1001,3049,49300,2021
"Worcester, MA-CT Metro Area",484567,406135,369363,36772,28430,4455,3887,7575,3239,765,3507,64,0,1046,12517,7968,49326,49340,2021
"Worthington, MN Micro Area",10444,9069,7430,1639,1275,190,174,117,117,0,0,0,0,7,534,147,570,49380,2021
"Yakima, WA Metro Area",104842,96882,84643,12239,9429,1356,1454,191,183,0,0,0,8,325,1383,1024,5037,49420,2021
"Yankton, SD Micro Area",12025,10992,10055,937,681,217,39,23,23,0,0,0,0,15,267,117,611,49460,2021
"Yauco, PR Metro Area",21972,20424,19808,616,520,87,9,49,35,0,0,14,0,9,395,428,667,49500,2021
"York-Hanover, PA Metro Area",225132,200905,183207,17698,14646,2167,885,1598,1452,32,71,22,21,423,3452,2027,16727,49620,2021
"Youngstown-Warren-Boardman, OH-PA Metro Area",232979,210261,193521,16740,12621,1937,2182,2068,1988,17,21,42,0,243,3981,3533,12893,49660,2021
"Yuba City, CA Metro Area",73345,66314,57802,8512,5474,1671,1367,546,528,1,17,0,0,148,1027,818,4492,49700,2021
"Yuma, AZ Metro Area",77423,70489,61111,9378,6191,1934,1253,990,988,0,0,2,0,270,1196,760,3718,49740,2021
"Zanesville, OH Micro Area",38462,35764,32419,3345,2343,394,608,99,92,7,0,0,0,17,1270,126,1186,49780,2021
"Zapata, TX Micro Area",4713,4391,3758,633,345,68,220,0,0,0,0,0,0,0,113,22,187,49820,2021
